0 verbose cli /usr/local/bin/node /usr/local/bin/npm
1 info using npm@10.8.2
2 info using node@v20.20.1
3 silly config load:file:/usr/local/lib/node_modules/npm/npmrc
4 silly config load:file:/workspace/.npmrc
5 silly config load:file:/usr/local/etc/npmrc
6 verbose title npm install
7 verbose argv "install" "--legacy-peer-deps"
8 verbose logfile logs-max:10 dir:/workspace/.npm/_logs/2026-03-26T03_53_58_068Z-
9 verbose logfile /workspace/.npm/_logs/2026-03-26T03_53_58_068Z-debug-0.log
10 silly packumentCache heap:1052508160 maxSize:263127040 maxEntrySize:131563520
11 silly logfile done cleaning log files
12 silly idealTree buildDeps
13 silly fetch manifest @docusaurus/core@^3.7.0
14 silly packumentCache full:https://registry.npmjs.org/@docusaurus%2fcore cache-miss
15 http fetch GET 200 https://registry.npmjs.org/@docusaurus%2fcore 2020ms (cache revalidated)
16 silly packumentCache full:https://registry.npmjs.org/@docusaurus%2fcore set size:10528924 disposed:false
17 silly fetch manifest @docusaurus/preset-classic@^3.7.0
18 silly packumentCache full:https://registry.npmjs.org/@docusaurus%2fpreset-classic cache-miss
19 http fetch GET 200 https://registry.npmjs.org/@docusaurus%2fpreset-classic 1633ms (cache revalidated)
20 silly packumentCache full:https://registry.npmjs.org/@docusaurus%2fpreset-classic set size:6317207 disposed:false
21 silly fetch manifest @mdx-js/react@^3.0.0
22 silly packumentCache full:https://registry.npmjs.org/@mdx-js%2freact cache-miss
23 http fetch GET 200 https://registry.npmjs.org/@mdx-js%2freact 1643ms (cache revalidated)
24 silly packumentCache full:https://registry.npmjs.org/@mdx-js%2freact set size:389927 disposed:false
25 silly fetch manifest clsx@^2.1.0
26 silly packumentCache full:https://registry.npmjs.org/clsx cache-miss
27 http fetch GET 200 https://registry.npmjs.org/clsx 279ms (cache revalidated)
28 silly packumentCache full:https://registry.npmjs.org/clsx set size:42506 disposed:false
29 silly fetch manifest prism-react-renderer@^2.3.0
30 silly packumentCache full:https://registry.npmjs.org/prism-react-renderer cache-miss
31 http fetch GET 200 https://registry.npmjs.org/prism-react-renderer 285ms (cache revalidated)
32 silly packumentCache full:https://registry.npmjs.org/prism-react-renderer set size:190570 disposed:false
33 silly fetch manifest react@^18.2.0
34 silly packumentCache full:https://registry.npmjs.org/react cache-miss
35 http fetch GET 200 https://registry.npmjs.org/react 19ms (cache hit)
36 silly packumentCache full:https://registry.npmjs.org/react set size:6565280 disposed:false
37 silly fetch manifest react-dom@^18.2.0
38 silly packumentCache full:https://registry.npmjs.org/react-dom cache-miss
39 http fetch GET 200 https://registry.npmjs.org/react-dom 26ms (cache hit)
40 silly packumentCache full:https://registry.npmjs.org/react-dom set size:8722319 disposed:false
41 silly fetch manifest @docusaurus/module-type-aliases@^3.7.0
42 silly packumentCache full:https://registry.npmjs.org/@docusaurus%2fmodule-type-aliases cache-miss
43 http fetch GET 200 https://registry.npmjs.org/@docusaurus%2fmodule-type-aliases 1060ms (cache revalidated)
44 silly packumentCache full:https://registry.npmjs.org/@docusaurus%2fmodule-type-aliases set size:5342471 disposed:false
45 silly fetch manifest @docusaurus/types@^3.7.0
46 silly packumentCache full:https://registry.npmjs.org/@docusaurus%2ftypes cache-miss
47 http fetch GET 200 https://registry.npmjs.org/@docusaurus%2ftypes 1502ms (cache revalidated)
48 silly packumentCache full:https://registry.npmjs.org/@docusaurus%2ftypes set size:5246028 disposed:false
49 silly placeDep ROOT @docusaurus/core@3.9.2 OK for: cortana-docs@1.0.0 want: ^3.7.0
50 silly placeDep ROOT @docusaurus/module-type-aliases@3.9.2 OK for: cortana-docs@1.0.0 want: ^3.7.0
51 silly placeDep ROOT @docusaurus/preset-classic@3.9.2 OK for: cortana-docs@1.0.0 want: ^3.7.0
52 silly placeDep ROOT @docusaurus/types@3.9.2 OK for: cortana-docs@1.0.0 want: ^3.7.0
53 silly placeDep ROOT @mdx-js/react@3.1.1 OK for: cortana-docs@1.0.0 want: ^3.0.0
54 silly placeDep ROOT clsx@2.1.1 OK for: cortana-docs@1.0.0 want: ^2.1.0
55 silly placeDep ROOT prism-react-renderer@2.4.1 OK for: cortana-docs@1.0.0 want: ^2.3.0
56 silly placeDep ROOT react@18.3.1 OK for: cortana-docs@1.0.0 want: ^18.2.0
57 silly placeDep ROOT react-dom@18.3.1 OK for: cortana-docs@1.0.0 want: ^18.2.0
58 silly fetch manifest eta@^2.2.0
59 silly packumentCache full:https://registry.npmjs.org/eta cache-miss
60 http fetch GET 200 https://registry.npmjs.org/eta 285ms (cache revalidated)
61 silly packumentCache full:https://registry.npmjs.org/eta set size:320006 disposed:false
62 silly fetch manifest eval@^0.1.8
63 silly packumentCache full:https://registry.npmjs.org/eval cache-miss
64 http fetch GET 200 https://registry.npmjs.org/eval 756ms (cache revalidated)
65 silly packumentCache full:https://registry.npmjs.org/eval set size:26468 disposed:false
66 silly fetch manifest open@^8.4.0
67 silly packumentCache full:https://registry.npmjs.org/open cache-miss
68 http fetch GET 200 https://registry.npmjs.org/open 38ms (cache revalidated)
69 silly packumentCache full:https://registry.npmjs.org/open set size:136392 disposed:false
70 silly fetch manifest boxen@^6.2.1
71 silly packumentCache full:https://registry.npmjs.org/boxen cache-miss
72 http fetch GET 200 https://registry.npmjs.org/boxen 26ms (cache revalidated)
73 silly packumentCache full:https://registry.npmjs.org/boxen set size:96237 disposed:false
74 silly fetch manifest chalk@^4.1.2
75 silly packumentCache full:https://registry.npmjs.org/chalk cache-miss
76 http fetch GET 200 https://registry.npmjs.org/chalk 23ms (cache revalidated)
77 silly packumentCache full:https://registry.npmjs.org/chalk set size:117861 disposed:false
78 silly fetch manifest execa@5.1.1
79 silly packumentCache full:https://registry.npmjs.org/execa cache-miss
80 http fetch GET 200 https://registry.npmjs.org/execa 24ms (cache revalidated)
81 silly packumentCache full:https://registry.npmjs.org/execa set size:181234 disposed:false
82 silly fetch manifest leven@^3.1.0
83 silly packumentCache full:https://registry.npmjs.org/leven cache-miss
84 http fetch GET 200 https://registry.npmjs.org/leven 22ms (cache revalidated)
85 silly packumentCache full:https://registry.npmjs.org/leven set size:23210 disposed:false
86 silly fetch manifest p-map@^4.0.0
87 silly packumentCache full:https://registry.npmjs.org/p-map cache-miss
88 http fetch GET 200 https://registry.npmjs.org/p-map 769ms (cache revalidated)
89 silly packumentCache full:https://registry.npmjs.org/p-map set size:52373 disposed:false
90 silly fetch manifest tslib@^2.6.0
91 silly packumentCache full:https://registry.npmjs.org/tslib cache-miss
92 http fetch GET 200 https://registry.npmjs.org/tslib 26ms (cache revalidated)
93 silly packumentCache full:https://registry.npmjs.org/tslib set size:108760 disposed:false
94 silly fetch manifest lodash@^4.17.21
95 silly packumentCache full:https://registry.npmjs.org/lodash cache-miss
96 http fetch GET 200 https://registry.npmjs.org/lodash 34ms (cache revalidated)
97 silly packumentCache full:https://registry.npmjs.org/lodash set size:244258 disposed:false
98 silly fetch manifest semver@^7.5.4
99 silly packumentCache full:https://registry.npmjs.org/semver cache-miss
100 http fetch GET 200 https://registry.npmjs.org/semver 26ms (cache revalidated)
101 silly packumentCache full:https://registry.npmjs.org/semver set size:229620 disposed:false
102 silly fetch manifest core-js@^3.31.1
103 silly packumentCache full:https://registry.npmjs.org/core-js cache-miss
104 http fetch GET 200 https://registry.npmjs.org/core-js 35ms (cache revalidated)
105 silly packumentCache full:https://registry.npmjs.org/core-js set size:814557 disposed:false
106 silly fetch manifest prompts@^2.4.2
107 silly packumentCache full:https://registry.npmjs.org/prompts cache-miss
108 http fetch GET 200 https://registry.npmjs.org/prompts 29ms (cache revalidated)
109 silly packumentCache full:https://registry.npmjs.org/prompts set size:115896 disposed:false
110 silly fetch manifest webpack@^5.95.0
111 silly packumentCache full:https://registry.npmjs.org/webpack cache-miss
112 http fetch GET 200 https://registry.npmjs.org/webpack 31ms (cache revalidated)
113 silly packumentCache full:https://registry.npmjs.org/webpack set size:4974548 disposed:false
114 silly fetch manifest chokidar@^3.5.3
115 silly packumentCache full:https://registry.npmjs.org/chokidar cache-miss
116 http fetch GET 200 https://registry.npmjs.org/chokidar 32ms (cache revalidated)
117 silly packumentCache full:https://registry.npmjs.org/chokidar set size:255902 disposed:false
118 silly fetch manifest fs-extra@^11.1.1
119 silly packumentCache full:https://registry.npmjs.org/fs-extra cache-miss
120 http fetch GET 200 https://registry.npmjs.org/fs-extra 27ms (cache revalidated)
121 silly packumentCache full:https://registry.npmjs.org/fs-extra set size:232595 disposed:false
122 silly fetch manifest tinypool@^1.0.2
123 silly packumentCache full:https://registry.npmjs.org/tinypool cache-miss
124 http fetch GET 200 https://registry.npmjs.org/tinypool 23ms (cache revalidated)
125 silly packumentCache full:https://registry.npmjs.org/tinypool set size:90796 disposed:false
126 silly fetch manifest commander@^5.1.0
127 silly packumentCache full:https://registry.npmjs.org/commander cache-miss
128 http fetch GET 200 https://registry.npmjs.org/commander 25ms (cache revalidated)
129 silly packumentCache full:https://registry.npmjs.org/commander set size:306325 disposed:false
130 silly fetch manifest html-tags@^3.3.1
131 silly packumentCache full:https://registry.npmjs.org/html-tags cache-miss
132 http fetch GET 200 https://registry.npmjs.org/html-tags 274ms (cache revalidated)
133 silly packumentCache full:https://registry.npmjs.org/html-tags set size:34862 disposed:false
134 silly fetch manifest cli-table3@^0.6.3
135 silly packumentCache full:https://registry.npmjs.org/cli-table3 cache-miss
136 http fetch GET 200 https://registry.npmjs.org/cli-table3 23ms (cache revalidated)
137 silly packumentCache full:https://registry.npmjs.org/cli-table3 set size:40139 disposed:false
138 silly fetch manifest detect-port@^1.5.1
139 silly packumentCache full:https://registry.npmjs.org/detect-port cache-miss
140 http fetch GET 200 https://registry.npmjs.org/detect-port 274ms (cache revalidated)
141 silly packumentCache full:https://registry.npmjs.org/detect-port set size:71128 disposed:false
142 silly fetch manifest escape-html@^1.0.3
143 silly packumentCache full:https://registry.npmjs.org/escape-html cache-miss
144 http fetch GET 200 https://registry.npmjs.org/escape-html 30ms (cache revalidated)
145 silly packumentCache full:https://registry.npmjs.org/escape-html set size:7345 disposed:false
146 silly fetch manifest react-router@^5.3.4
147 silly packumentCache full:https://registry.npmjs.org/react-router cache-miss
148 http fetch GET 200 https://registry.npmjs.org/react-router 278ms (cache revalidated)
149 silly packumentCache full:https://registry.npmjs.org/react-router set size:3895066 disposed:false
150 silly fetch manifest serve-handler@^6.1.6
151 silly packumentCache full:https://registry.npmjs.org/serve-handler cache-miss
152 http fetch GET 200 https://registry.npmjs.org/serve-handler 279ms (cache revalidated)
153 silly packumentCache full:https://registry.npmjs.org/serve-handler set size:244831 disposed:false
154 silly fetch manifest webpack-merge@^6.0.1
155 silly packumentCache full:https://registry.npmjs.org/webpack-merge cache-miss
156 http fetch GET 200 https://registry.npmjs.org/webpack-merge 281ms (cache revalidated)
157 silly packumentCache full:https://registry.npmjs.org/webpack-merge set size:237952 disposed:false
158 silly fetch manifest react-loadable@npm:@docusaurus/react-loadable@6.0.0
159 silly packumentCache full:https://registry.npmjs.org/@docusaurus%2freact-loadable cache-miss
160 http fetch GET 200 https://registry.npmjs.org/@docusaurus%2freact-loadable 738ms (cache revalidated)
161 silly packumentCache full:https://registry.npmjs.org/@docusaurus%2freact-loadable set size:51710 disposed:false
162 silly fetch manifest update-notifier@^6.0.2
163 silly packumentCache full:https://registry.npmjs.org/update-notifier cache-miss
164 http fetch GET 200 https://registry.npmjs.org/update-notifier 754ms (cache revalidated)
165 silly packumentCache full:https://registry.npmjs.org/update-notifier set size:133068 disposed:false
166 silly fetch manifest combine-promises@^1.1.0
167 silly packumentCache full:https://registry.npmjs.org/combine-promises cache-miss
168 http fetch GET 200 https://registry.npmjs.org/combine-promises 768ms (cache revalidated)
169 silly packumentCache full:https://registry.npmjs.org/combine-promises set size:14597 disposed:false
170 silly fetch manifest react-router-dom@^5.3.4
171 silly packumentCache full:https://registry.npmjs.org/react-router-dom cache-miss
172 http fetch GET 200 https://registry.npmjs.org/react-router-dom 513ms (cache revalidated)
173 silly packumentCache full:https://registry.npmjs.org/react-router-dom set size:2813538 disposed:false
174 silly fetch manifest @docusaurus/babel@3.9.2
175 silly packumentCache full:https://registry.npmjs.org/@docusaurus%2fbabel cache-miss
176 http fetch GET 200 https://registry.npmjs.org/@docusaurus%2fbabel 1015ms (cache revalidated)
177 silly packumentCache full:https://registry.npmjs.org/@docusaurus%2fbabel set size:692515 disposed:false
178 silly fetch manifest @docusaurus/utils@3.9.2
179 silly packumentCache full:https://registry.npmjs.org/@docusaurus%2futils cache-miss
180 http fetch GET 200 https://registry.npmjs.org/@docusaurus%2futils 1249ms (cache revalidated)
181 silly packumentCache full:https://registry.npmjs.org/@docusaurus%2futils set size:6192551 disposed:false
182 silly fetch manifest @docusaurus/logger@3.9.2
183 silly packumentCache full:https://registry.npmjs.org/@docusaurus%2flogger cache-miss
184 http fetch GET 200 https://registry.npmjs.org/@docusaurus%2flogger 1242ms (cache revalidated)
185 silly packumentCache full:https://registry.npmjs.org/@docusaurus%2flogger set size:3262152 disposed:false
186 silly fetch manifest react-helmet-async@npm:@slorber/react-helmet-async@1.3.0
187 silly packumentCache full:https://registry.npmjs.org/@slorber%2freact-helmet-async cache-miss
188 http fetch GET 200 https://registry.npmjs.org/@slorber%2freact-helmet-async 1217ms (cache revalidated)
189 silly packumentCache full:https://registry.npmjs.org/@slorber%2freact-helmet-async set size:21082 disposed:false
190 silly fetch manifest webpack-dev-server@^5.2.2
191 silly packumentCache full:https://registry.npmjs.org/webpack-dev-server cache-miss
192 http fetch GET 200 https://registry.npmjs.org/webpack-dev-server 34ms (cache revalidated)
193 silly packumentCache full:https://registry.npmjs.org/webpack-dev-server set size:846607 disposed:false
194 silly fetch manifest @docusaurus/bundler@3.9.2
195 silly packumentCache full:https://registry.npmjs.org/@docusaurus%2fbundler cache-miss
196 http fetch GET 200 https://registry.npmjs.org/@docusaurus%2fbundler 1844ms (cache revalidated)
197 silly packumentCache full:https://registry.npmjs.org/@docusaurus%2fbundler set size:765437 disposed:false
198 silly fetch manifest html-webpack-plugin@^5.6.0
199 silly packumentCache full:https://registry.npmjs.org/html-webpack-plugin cache-miss
200 http fetch GET 200 https://registry.npmjs.org/html-webpack-plugin 276ms (cache revalidated)
201 silly packumentCache full:https://registry.npmjs.org/html-webpack-plugin set size:493478 disposed:false
202 silly fetch manifest react-router-config@^5.1.1
203 silly packumentCache full:https://registry.npmjs.org/react-router-config cache-miss
204 http fetch GET 200 https://registry.npmjs.org/react-router-config 1487ms (cache revalidated)
205 silly packumentCache full:https://registry.npmjs.org/react-router-config set size:101177 disposed:false
206 silly fetch manifest @docusaurus/mdx-loader@3.9.2
207 silly packumentCache full:https://registry.npmjs.org/@docusaurus%2fmdx-loader cache-miss
208 http fetch GET 200 https://registry.npmjs.org/@docusaurus%2fmdx-loader 1705ms (cache revalidated)
209 silly packumentCache full:https://registry.npmjs.org/@docusaurus%2fmdx-loader set size:6840928 disposed:false
210 silly fetch manifest webpack-bundle-analyzer@^4.10.2
211 silly packumentCache full:https://registry.npmjs.org/webpack-bundle-analyzer cache-miss
212 http fetch GET 200 https://registry.npmjs.org/webpack-bundle-analyzer 326ms (cache revalidated)
213 silly packumentCache full:https://registry.npmjs.org/webpack-bundle-analyzer set size:361682 disposed:false
214 silly fetch manifest @docusaurus/utils-common@3.9.2
215 silly packumentCache full:https://registry.npmjs.org/@docusaurus%2futils-common cache-miss
216 http fetch GET 200 https://registry.npmjs.org/@docusaurus%2futils-common 1373ms (cache revalidated)
217 silly packumentCache full:https://registry.npmjs.org/@docusaurus%2futils-common set size:4313256 disposed:false
218 silly fetch manifest @docusaurus/utils-validation@3.9.2
219 silly packumentCache full:https://registry.npmjs.org/@docusaurus%2futils-validation cache-miss
220 http fetch GET 200 https://registry.npmjs.org/@docusaurus%2futils-validation 1533ms (cache revalidated)
221 silly packumentCache full:https://registry.npmjs.org/@docusaurus%2futils-validation set size:5379548 disposed:false
222 silly fetch manifest react-loadable-ssr-addon-v5-slorber@^1.0.1
223 silly packumentCache full:https://registry.npmjs.org/react-loadable-ssr-addon-v5-slorber cache-miss
224 http fetch GET 200 https://registry.npmjs.org/react-loadable-ssr-addon-v5-slorber 299ms (cache revalidated)
225 silly packumentCache full:https://registry.npmjs.org/react-loadable-ssr-addon-v5-slorber set size:20598 disposed:false
226 silly fetch manifest @types/react@*
227 silly packumentCache full:https://registry.npmjs.org/@types%2freact cache-miss
228 http fetch GET 200 https://registry.npmjs.org/@types%2freact 34ms (cache revalidated)
229 silly packumentCache full:https://registry.npmjs.org/@types%2freact set size:2588986 disposed:false
230 silly fetch manifest @types/history@^4.7.11
231 silly packumentCache full:https://registry.npmjs.org/@types%2fhistory cache-miss
232 http fetch GET 200 https://registry.npmjs.org/@types%2fhistory 1021ms (cache revalidated)
233 silly packumentCache full:https://registry.npmjs.org/@types%2fhistory set size:100035 disposed:false
234 silly fetch manifest @docusaurus/types@3.9.2
235 silly packumentCache full:https://registry.npmjs.org/@docusaurus%2ftypes cache-miss
236 http fetch GET 200 https://registry.npmjs.org/@docusaurus%2ftypes 6ms (cache hit)
237 silly packumentCache full:https://registry.npmjs.org/@docusaurus%2ftypes set size:5246028 disposed:false
238 silly fetch manifest @types/react-router-dom@*
239 silly packumentCache full:https://registry.npmjs.org/@types%2freact-router-dom cache-miss
240 http fetch GET 200 https://registry.npmjs.org/@types%2freact-router-dom 1888ms (cache revalidated)
241 silly packumentCache full:https://registry.npmjs.org/@types%2freact-router-dom set size:82471 disposed:false
242 silly fetch manifest @types/react-router-config@*
243 silly packumentCache full:https://registry.npmjs.org/@types%2freact-router-config cache-miss
244 http fetch GET 200 https://registry.npmjs.org/@types%2freact-router-config 1682ms (cache revalidated)
245 silly packumentCache full:https://registry.npmjs.org/@types%2freact-router-config set size:57201 disposed:false
246 silly fetch manifest @docusaurus/plugin-svgr@3.9.2
247 silly packumentCache full:https://registry.npmjs.org/@docusaurus%2fplugin-svgr cache-miss
248 http fetch GET 200 https://registry.npmjs.org/@docusaurus%2fplugin-svgr 2478ms (cache revalidated)
249 silly packumentCache full:https://registry.npmjs.org/@docusaurus%2fplugin-svgr set size:493613 disposed:false
250 silly fetch manifest @docusaurus/plugin-debug@3.9.2
251 silly packumentCache full:https://registry.npmjs.org/@docusaurus%2fplugin-debug cache-miss
252 http fetch GET 200 https://registry.npmjs.org/@docusaurus%2fplugin-debug 989ms (cache revalidated)
253 silly packumentCache full:https://registry.npmjs.org/@docusaurus%2fplugin-debug set size:5751578 disposed:false
254 silly fetch manifest @docusaurus/theme-common@3.9.2
255 silly packumentCache full:https://registry.npmjs.org/@docusaurus%2ftheme-common cache-miss
256 http fetch GET 200 https://registry.npmjs.org/@docusaurus%2ftheme-common 1479ms (cache revalidated)
257 silly packumentCache full:https://registry.npmjs.org/@docusaurus%2ftheme-common set size:6502880 disposed:false
258 silly fetch manifest @docusaurus/theme-classic@3.9.2
259 silly packumentCache full:https://registry.npmjs.org/@docusaurus%2ftheme-classic cache-miss
260 http fetch GET 200 https://registry.npmjs.org/@docusaurus%2ftheme-classic 3283ms (cache revalidated)
261 silly packumentCache full:https://registry.npmjs.org/@docusaurus%2ftheme-classic set size:8153167 disposed:false
262 silly fetch manifest @docusaurus/plugin-sitemap@3.9.2
263 silly packumentCache full:https://registry.npmjs.org/@docusaurus%2fplugin-sitemap cache-miss
264 http fetch GET 200 https://registry.npmjs.org/@docusaurus%2fplugin-sitemap 1632ms (cache revalidated)
265 silly packumentCache full:https://registry.npmjs.org/@docusaurus%2fplugin-sitemap set size:5873193 disposed:false
266 silly fetch manifest @docusaurus/plugin-google-gtag@3.9.2
267 silly packumentCache full:https://registry.npmjs.org/@docusaurus%2fplugin-google-gtag cache-miss
268 http fetch GET 200 https://registry.npmjs.org/@docusaurus%2fplugin-google-gtag 1403ms (cache revalidated)
269 silly packumentCache full:https://registry.npmjs.org/@docusaurus%2fplugin-google-gtag set size:5575901 disposed:false
270 silly fetch manifest @docusaurus/plugin-content-blog@3.9.2
271 silly packumentCache full:https://registry.npmjs.org/@docusaurus%2fplugin-content-blog cache-miss
272 http fetch GET 200 https://registry.npmjs.org/@docusaurus%2fplugin-content-blog 3516ms (cache revalidated)
273 silly packumentCache full:https://registry.npmjs.org/@docusaurus%2fplugin-content-blog set size:6654685 disposed:false
274 silly fetch manifest @docusaurus/plugin-content-docs@3.9.2
275 silly packumentCache full:https://registry.npmjs.org/@docusaurus%2fplugin-content-docs cache-miss
276 http fetch GET 200 https://registry.npmjs.org/@docusaurus%2fplugin-content-docs 3273ms (cache revalidated)
277 silly packumentCache full:https://registry.npmjs.org/@docusaurus%2fplugin-content-docs set size:7043539 disposed:false
278 silly fetch manifest @docusaurus/plugin-content-pages@3.9.2
279 silly packumentCache full:https://registry.npmjs.org/@docusaurus%2fplugin-content-pages cache-miss
280 http fetch GET 200 https://registry.npmjs.org/@docusaurus%2fplugin-content-pages 1835ms (cache revalidated)
281 silly packumentCache full:https://registry.npmjs.org/@docusaurus%2fplugin-content-pages set size:5984576 disposed:false
282 silly fetch manifest @docusaurus/theme-search-algolia@3.9.2
283 silly packumentCache full:https://registry.npmjs.org/@docusaurus%2ftheme-search-algolia cache-miss
284 http fetch GET 200 https://registry.npmjs.org/@docusaurus%2ftheme-search-algolia 755ms (cache revalidated)
285 silly packumentCache full:https://registry.npmjs.org/@docusaurus%2ftheme-search-algolia set size:6802831 disposed:false
286 silly fetch manifest @docusaurus/plugin-google-analytics@3.9.2
287 silly packumentCache full:https://registry.npmjs.org/@docusaurus%2fplugin-google-analytics cache-miss
288 http fetch GET 200 https://registry.npmjs.org/@docusaurus%2fplugin-google-analytics 2135ms (cache revalidated)
289 silly packumentCache full:https://registry.npmjs.org/@docusaurus%2fplugin-google-analytics set size:5635267 disposed:false
290 silly fetch manifest @docusaurus/plugin-css-cascade-layers@3.9.2
291 silly packumentCache full:https://registry.npmjs.org/@docusaurus%2fplugin-css-cascade-layers cache-miss
292 http fetch GET 200 https://registry.npmjs.org/@docusaurus%2fplugin-css-cascade-layers 1232ms (cache revalidated)
293 silly packumentCache full:https://registry.npmjs.org/@docusaurus%2fplugin-css-cascade-layers set size:246516 disposed:false
294 silly fetch manifest @docusaurus/plugin-google-tag-manager@3.9.2
295 silly packumentCache full:https://registry.npmjs.org/@docusaurus%2fplugin-google-tag-manager cache-miss
296 http fetch GET 200 https://registry.npmjs.org/@docusaurus%2fplugin-google-tag-manager 1649ms (cache revalidated)
297 silly packumentCache full:https://registry.npmjs.org/@docusaurus%2fplugin-google-tag-manager set size:1399531 disposed:false
298 silly fetch manifest joi@^17.9.2
299 silly packumentCache full:https://registry.npmjs.org/joi cache-miss
300 http fetch GET 200 https://registry.npmjs.org/joi 32ms (cache revalidated)
301 silly packumentCache full:https://registry.npmjs.org/joi set size:512315 disposed:false
302 silly fetch manifest @mdx-js/mdx@^3.0.0
303 silly packumentCache full:https://registry.npmjs.org/@mdx-js%2fmdx cache-miss
304 http fetch GET 200 https://registry.npmjs.org/@mdx-js%2fmdx 1772ms (cache revalidated)
305 silly packumentCache full:https://registry.npmjs.org/@mdx-js%2fmdx set size:786300 disposed:false
306 silly fetch manifest @types/mdast@^4.0.2
307 silly packumentCache full:https://registry.npmjs.org/@types%2fmdast cache-miss
308 http fetch GET 200 https://registry.npmjs.org/@types%2fmdast 543ms (cache revalidated)
309 silly packumentCache full:https://registry.npmjs.org/@types%2fmdast set size:47479 disposed:false
310 silly fetch manifest utility-types@^3.10.0
311 silly packumentCache full:https://registry.npmjs.org/utility-types cache-miss
312 http fetch GET 200 https://registry.npmjs.org/utility-types 35ms (cache revalidated)
313 silly packumentCache full:https://registry.npmjs.org/utility-types set size:95104 disposed:false
314 silly fetch manifest webpack-merge@^5.9.0
315 silly packumentCache full:https://registry.npmjs.org/webpack-merge cache-hit
316 silly fetch manifest @types/mdx@^2.0.0
317 silly packumentCache full:https://registry.npmjs.org/@types%2fmdx cache-miss
318 http fetch GET 200 https://registry.npmjs.org/@types%2fmdx 533ms (cache revalidated)
319 silly packumentCache full:https://registry.npmjs.org/@types%2fmdx set size:27705 disposed:false
320 silly fetch manifest @types/prismjs@^1.26.0
321 silly packumentCache full:https://registry.npmjs.org/@types%2fprismjs cache-miss
322 http fetch GET 200 https://registry.npmjs.org/@types%2fprismjs 4383ms (cache revalidated)
323 silly packumentCache full:https://registry.npmjs.org/@types%2fprismjs set size:65792 disposed:false
324 silly fetch manifest loose-envify@^1.1.0
325 silly packumentCache full:https://registry.npmjs.org/loose-envify cache-miss
326 http fetch GET 200 https://registry.npmjs.org/loose-envify 41ms (cache revalidated)
327 silly packumentCache full:https://registry.npmjs.org/loose-envify set size:12559 disposed:false
328 silly fetch manifest scheduler@^0.23.2
329 silly packumentCache full:https://registry.npmjs.org/scheduler cache-miss
330 http fetch GET 200 https://registry.npmjs.org/scheduler 33ms (cache revalidated)
331 silly packumentCache full:https://registry.npmjs.org/scheduler set size:5447377 disposed:false
332 silly placeDep ROOT @docusaurus/babel@3.9.2 OK for: @docusaurus/core@3.9.2 want: 3.9.2
333 silly placeDep ROOT @docusaurus/bundler@3.9.2 OK for: @docusaurus/core@3.9.2 want: 3.9.2
334 silly placeDep ROOT @docusaurus/logger@3.9.2 OK for: @docusaurus/core@3.9.2 want: 3.9.2
335 silly placeDep ROOT @docusaurus/mdx-loader@3.9.2 OK for: @docusaurus/core@3.9.2 want: 3.9.2
336 silly placeDep ROOT @docusaurus/utils@3.9.2 OK for: @docusaurus/core@3.9.2 want: 3.9.2
337 silly placeDep ROOT @docusaurus/utils-common@3.9.2 OK for: @docusaurus/core@3.9.2 want: 3.9.2
338 silly placeDep ROOT @docusaurus/utils-validation@3.9.2 OK for: @docusaurus/core@3.9.2 want: 3.9.2
339 silly placeDep ROOT boxen@6.2.1 OK for: @docusaurus/core@3.9.2 want: ^6.2.1
340 silly placeDep ROOT chalk@4.1.2 OK for: @docusaurus/core@3.9.2 want: ^4.1.2
341 silly placeDep ROOT chokidar@3.6.0 OK for: @docusaurus/core@3.9.2 want: ^3.5.3
342 silly placeDep ROOT cli-table3@0.6.5 OK for: @docusaurus/core@3.9.2 want: ^0.6.3
343 silly placeDep ROOT combine-promises@1.2.0 OK for: @docusaurus/core@3.9.2 want: ^1.1.0
344 silly placeDep ROOT commander@5.1.0 OK for: @docusaurus/core@3.9.2 want: ^5.1.0
345 silly placeDep ROOT core-js@3.49.0 OK for: @docusaurus/core@3.9.2 want: ^3.31.1
346 silly placeDep ROOT detect-port@1.6.1 OK for: @docusaurus/core@3.9.2 want: ^1.5.1
347 silly placeDep ROOT escape-html@1.0.3 OK for: @docusaurus/core@3.9.2 want: ^1.0.3
348 silly placeDep ROOT eta@2.2.0 OK for: @docusaurus/core@3.9.2 want: ^2.2.0
349 silly placeDep ROOT eval@0.1.8 OK for: @docusaurus/core@3.9.2 want: ^0.1.8
350 silly placeDep ROOT execa@5.1.1 OK for: @docusaurus/core@3.9.2 want: 5.1.1
351 silly placeDep ROOT fs-extra@11.3.4 OK for: @docusaurus/core@3.9.2 want: ^11.1.1
352 silly placeDep ROOT html-tags@3.3.1 OK for: @docusaurus/core@3.9.2 want: ^3.3.1
353 silly placeDep ROOT html-webpack-plugin@5.6.6 OK for: @docusaurus/core@3.9.2 want: ^5.6.0
354 silly placeDep ROOT leven@3.1.0 OK for: @docusaurus/core@3.9.2 want: ^3.1.0
355 silly placeDep ROOT lodash@4.17.23 OK for: @docusaurus/core@3.9.2 want: ^4.17.21
356 silly placeDep ROOT open@8.4.2 OK for: @docusaurus/core@3.9.2 want: ^8.4.0
357 silly placeDep ROOT p-map@4.0.0 OK for: @docusaurus/core@3.9.2 want: ^4.0.0
358 silly placeDep ROOT prompts@2.4.2 OK for: @docusaurus/core@3.9.2 want: ^2.4.2
359 silly placeDep ROOT react-helmet-async@1.3.0 OK for: @docusaurus/core@3.9.2 want: npm:@slorber/react-helmet-async@1.3.0
360 silly placeDep ROOT react-loadable@6.0.0 OK for: @docusaurus/core@3.9.2 want: npm:@docusaurus/react-loadable@6.0.0
361 silly placeDep ROOT react-loadable-ssr-addon-v5-slorber@1.0.1 OK for: @docusaurus/core@3.9.2 want: ^1.0.1
362 silly placeDep ROOT react-router@5.3.4 OK for: @docusaurus/core@3.9.2 want: ^5.3.4
363 silly placeDep ROOT react-router-config@5.1.1 OK for: @docusaurus/core@3.9.2 want: ^5.1.1
364 silly placeDep ROOT react-router-dom@5.3.4 OK for: @docusaurus/core@3.9.2 want: ^5.3.4
365 silly placeDep ROOT semver@7.7.4 OK for: @docusaurus/core@3.9.2 want: ^7.5.4
366 silly placeDep ROOT serve-handler@6.1.7 OK for: @docusaurus/core@3.9.2 want: ^6.1.6
367 silly placeDep ROOT tinypool@1.1.1 OK for: @docusaurus/core@3.9.2 want: ^1.0.2
368 silly placeDep ROOT tslib@2.8.1 OK for: @docusaurus/core@3.9.2 want: ^2.6.0
369 silly placeDep ROOT update-notifier@6.0.2 OK for: @docusaurus/core@3.9.2 want: ^6.0.2
370 silly placeDep ROOT webpack@5.105.4 OK for: @docusaurus/core@3.9.2 want: ^5.95.0
371 silly placeDep ROOT webpack-bundle-analyzer@4.10.2 OK for: @docusaurus/core@3.9.2 want: ^4.10.2
372 silly placeDep ROOT webpack-dev-server@5.2.3 OK for: @docusaurus/core@3.9.2 want: ^5.2.2
373 silly placeDep ROOT webpack-merge@6.0.1 OK for: @docusaurus/core@3.9.2 want: ^6.0.1
374 silly fetch manifest @babel/core@^7.25.9
375 silly packumentCache full:https://registry.npmjs.org/@babel%2fcore cache-miss
376 http fetch GET 200 https://registry.npmjs.org/@babel%2fcore 39ms (cache revalidated)
377 silly packumentCache full:https://registry.npmjs.org/@babel%2fcore set size:760113 disposed:false
378 silly fetch manifest @babel/runtime@^7.25.9
379 silly packumentCache full:https://registry.npmjs.org/@babel%2fruntime cache-miss
380 http fetch GET 200 https://registry.npmjs.org/@babel%2fruntime 32ms (cache revalidated)
381 silly packumentCache full:https://registry.npmjs.org/@babel%2fruntime set size:3372292 disposed:false
382 silly fetch manifest @babel/traverse@^7.25.9
383 silly packumentCache full:https://registry.npmjs.org/@babel%2ftraverse cache-miss
384 http fetch GET 200 https://registry.npmjs.org/@babel%2ftraverse 46ms (cache revalidated)
385 silly packumentCache full:https://registry.npmjs.org/@babel%2ftraverse set size:548722 disposed:false
386 silly fetch manifest @babel/generator@^7.25.9
387 silly packumentCache full:https://registry.npmjs.org/@babel%2fgenerator cache-miss
388 http fetch GET 200 https://registry.npmjs.org/@babel%2fgenerator 35ms (cache revalidated)
389 silly packumentCache full:https://registry.npmjs.org/@babel%2fgenerator set size:507107 disposed:false
390 silly fetch manifest @babel/preset-env@^7.25.9
391 silly packumentCache full:https://registry.npmjs.org/@babel%2fpreset-env cache-miss
392 http fetch GET 200 https://registry.npmjs.org/@babel%2fpreset-env 30ms (cache revalidated)
393 silly packumentCache full:https://registry.npmjs.org/@babel%2fpreset-env set size:1156645 disposed:false
394 silly fetch manifest @babel/preset-react@^7.25.9
395 silly packumentCache full:https://registry.npmjs.org/@babel%2fpreset-react cache-miss
396 http fetch GET 200 https://registry.npmjs.org/@babel%2fpreset-react 33ms (cache revalidated)
397 silly packumentCache full:https://registry.npmjs.org/@babel%2fpreset-react set size:250432 disposed:false
398 silly fetch manifest @babel/runtime-corejs3@^7.25.9
399 silly packumentCache full:https://registry.npmjs.org/@babel%2fruntime-corejs3 cache-miss
400 http fetch GET 200 https://registry.npmjs.org/@babel%2fruntime-corejs3 1215ms (cache revalidated)
401 silly packumentCache full:https://registry.npmjs.org/@babel%2fruntime-corejs3 set size:5723671 disposed:false
402 silly fetch manifest @babel/preset-typescript@^7.25.9
403 silly packumentCache full:https://registry.npmjs.org/@babel%2fpreset-typescript cache-miss
404 http fetch GET 200 https://registry.npmjs.org/@babel%2fpreset-typescript 1015ms (cache revalidated)
405 silly packumentCache full:https://registry.npmjs.org/@babel%2fpreset-typescript set size:257348 disposed:false
406 silly fetch manifest @babel/plugin-transform-runtime@^7.25.9
407 silly packumentCache full:https://registry.npmjs.org/@babel%2fplugin-transform-runtime cache-miss
408 http fetch GET 200 https://registry.npmjs.org/@babel%2fplugin-transform-runtime 531ms (cache revalidated)
409 silly packumentCache full:https://registry.npmjs.org/@babel%2fplugin-transform-runtime set size:451968 disposed:false
410 silly fetch manifest babel-plugin-dynamic-import-node@^2.3.3
411 silly packumentCache full:https://registry.npmjs.org/babel-plugin-dynamic-import-node cache-miss
412 http fetch GET 200 https://registry.npmjs.org/babel-plugin-dynamic-import-node 1690ms (cache revalidated)
413 silly packumentCache full:https://registry.npmjs.org/babel-plugin-dynamic-import-node set size:50110 disposed:false
414 silly fetch manifest @babel/plugin-syntax-dynamic-import@^7.8.3
415 silly packumentCache full:https://registry.npmjs.org/@babel%2fplugin-syntax-dynamic-import cache-miss
416 http fetch GET 200 https://registry.npmjs.org/@babel%2fplugin-syntax-dynamic-import 1176ms (cache revalidated)
417 silly packumentCache full:https://registry.npmjs.org/@babel%2fplugin-syntax-dynamic-import set size:81432 disposed:false
418 silly fetch manifest cssnano@^6.1.2
419 silly packumentCache full:https://registry.npmjs.org/cssnano cache-miss
420 http fetch GET 200 https://registry.npmjs.org/cssnano 36ms (cache revalidated)
421 silly packumentCache full:https://registry.npmjs.org/cssnano set size:461115 disposed:false
422 silly fetch manifest postcss@^8.5.4
423 silly packumentCache full:https://registry.npmjs.org/postcss cache-miss
424 http fetch GET 200 https://registry.npmjs.org/postcss 29ms (cache revalidated)
425 silly packumentCache full:https://registry.npmjs.org/postcss set size:702266 disposed:false
426 silly fetch manifest clean-css@^5.3.3
427 silly packumentCache full:https://registry.npmjs.org/clean-css cache-miss
428 http fetch GET 200 https://registry.npmjs.org/clean-css 300ms (cache revalidated)
429 silly packumentCache full:https://registry.npmjs.org/clean-css set size:427319 disposed:false
430 silly fetch manifest css-loader@^6.11.0
431 silly packumentCache full:https://registry.npmjs.org/css-loader cache-miss
432 http fetch GET 200 https://registry.npmjs.org/css-loader 31ms (cache revalidated)
433 silly packumentCache full:https://registry.npmjs.org/css-loader set size:520219 disposed:false
434 silly fetch manifest url-loader@^4.1.1
435 silly packumentCache full:https://registry.npmjs.org/url-loader cache-miss
436 http fetch GET 200 https://registry.npmjs.org/url-loader 44ms (cache revalidated)
437 silly packumentCache full:https://registry.npmjs.org/url-loader set size:98181 disposed:false
438 silly fetch manifest webpackbar@^6.0.1
439 silly packumentCache full:https://registry.npmjs.org/webpackbar cache-miss
440 http fetch GET 200 https://registry.npmjs.org/webpackbar 291ms (cache revalidated)
441 silly packumentCache full:https://registry.npmjs.org/webpackbar set size:207502 disposed:false
442 silly fetch manifest file-loader@^6.2.0
443 silly packumentCache full:https://registry.npmjs.org/file-loader cache-miss
444 http fetch GET 200 https://registry.npmjs.org/file-loader 23ms (cache revalidated)
445 silly packumentCache full:https://registry.npmjs.org/file-loader set size:159291 disposed:false
446 silly fetch manifest null-loader@^4.0.1
447 silly packumentCache full:https://registry.npmjs.org/null-loader cache-miss
448 http fetch GET 200 https://registry.npmjs.org/null-loader 355ms (cache revalidated)
449 silly packumentCache full:https://registry.npmjs.org/null-loader set size:27335 disposed:false
450 silly fetch manifest babel-loader@^9.2.1
451 silly packumentCache full:https://registry.npmjs.org/babel-loader cache-miss
452 http fetch GET 200 https://registry.npmjs.org/babel-loader 29ms (cache revalidated)
453 silly packumentCache full:https://registry.npmjs.org/babel-loader set size:257763 disposed:false
454 silly fetch manifest postcss-loader@^7.3.4
455 silly packumentCache full:https://registry.npmjs.org/postcss-loader cache-miss
456 http fetch GET 200 https://registry.npmjs.org/postcss-loader 34ms (cache revalidated)
457 silly packumentCache full:https://registry.npmjs.org/postcss-loader set size:282135 disposed:false
458 silly fetch manifest postcss-preset-env@^10.2.1
459 silly packumentCache full:https://registry.npmjs.org/postcss-preset-env cache-miss
460 http fetch GET 200 https://registry.npmjs.org/postcss-preset-env 26ms (cache revalidated)
461 silly packumentCache full:https://registry.npmjs.org/postcss-preset-env set size:726717 disposed:false
462 silly fetch manifest copy-webpack-plugin@^11.0.0
463 silly packumentCache full:https://registry.npmjs.org/copy-webpack-plugin cache-miss
464 http fetch GET 200 https://registry.npmjs.org/copy-webpack-plugin 279ms (cache revalidated)
465 silly packumentCache full:https://registry.npmjs.org/copy-webpack-plugin set size:303449 disposed:false
466 silly fetch manifest html-minifier-terser@^7.2.0
467 silly packumentCache full:https://registry.npmjs.org/html-minifier-terser cache-miss
468 http fetch GET 200 https://registry.npmjs.org/html-minifier-terser 29ms (cache revalidated)
469 silly packumentCache full:https://registry.npmjs.org/html-minifier-terser set size:84211 disposed:false
470 silly fetch manifest terser-webpack-plugin@^5.3.9
471 silly packumentCache full:https://registry.npmjs.org/terser-webpack-plugin cache-miss
472 http fetch GET 200 https://registry.npmjs.org/terser-webpack-plugin 25ms (cache revalidated)
473 silly packumentCache full:https://registry.npmjs.org/terser-webpack-plugin set size:395747 disposed:false
474 silly fetch manifest mini-css-extract-plugin@^2.9.2
475 silly packumentCache full:https://registry.npmjs.org/mini-css-extract-plugin cache-miss
476 http fetch GET 200 https://registry.npmjs.org/mini-css-extract-plugin 28ms (cache revalidated)
477 silly packumentCache full:https://registry.npmjs.org/mini-css-extract-plugin set size:400527 disposed:false
478 silly fetch manifest @docusaurus/cssnano-preset@3.9.2
479 silly packumentCache full:https://registry.npmjs.org/@docusaurus%2fcssnano-preset cache-miss
480 http fetch GET 200 https://registry.npmjs.org/@docusaurus%2fcssnano-preset 746ms (cache revalidated)
481 silly packumentCache full:https://registry.npmjs.org/@docusaurus%2fcssnano-preset set size:5224793 disposed:false
482 silly fetch manifest css-minimizer-webpack-plugin@^5.0.1
483 silly packumentCache full:https://registry.npmjs.org/css-minimizer-webpack-plugin cache-miss
484 http fetch GET 200 https://registry.npmjs.org/css-minimizer-webpack-plugin 43ms (cache revalidated)
485 silly packumentCache full:https://registry.npmjs.org/css-minimizer-webpack-plugin set size:186221 disposed:false
486 silly fetch manifest vfile@^6.0.1
487 silly packumentCache full:https://registry.npmjs.org/vfile cache-miss
488 http fetch GET 200 https://registry.npmjs.org/vfile 1572ms (cache revalidated)
489 silly packumentCache full:https://registry.npmjs.org/vfile set size:172678 disposed:false
490 silly fetch manifest unified@^11.0.3
491 silly packumentCache full:https://registry.npmjs.org/unified cache-miss
492 http fetch GET 200 https://registry.npmjs.org/unified 766ms (cache revalidated)
493 silly packumentCache full:https://registry.npmjs.org/unified set size:321787 disposed:false
494 silly fetch manifest webpack@^5.88.1
495 silly packumentCache full:https://registry.npmjs.org/webpack cache-miss
496 http fetch GET 200 https://registry.npmjs.org/webpack 8ms (cache hit)
497 silly packumentCache full:https://registry.npmjs.org/webpack set size:4974548 disposed:false
498 silly fetch manifest image-size@^2.0.2
499 silly packumentCache full:https://registry.npmjs.org/image-size cache-miss
500 http fetch GET 200 https://registry.npmjs.org/image-size 42ms (cache revalidated)
501 silly packumentCache full:https://registry.npmjs.org/image-size set size:155542 disposed:false
502 silly fetch manifest rehype-raw@^7.0.0
503 silly packumentCache full:https://registry.npmjs.org/rehype-raw cache-miss
504 http fetch GET 200 https://registry.npmjs.org/rehype-raw 272ms (cache revalidated)
505 silly packumentCache full:https://registry.npmjs.org/rehype-raw set size:48927 disposed:false
506 silly fetch manifest remark-gfm@^4.0.0
507 silly packumentCache full:https://registry.npmjs.org/remark-gfm cache-miss
508 http fetch GET 200 https://registry.npmjs.org/remark-gfm 279ms (cache revalidated)
509 silly packumentCache full:https://registry.npmjs.org/remark-gfm set size:38012 disposed:false
510 silly fetch manifest remark-emoji@^4.0.0
511 silly packumentCache full:https://registry.npmjs.org/remark-emoji cache-miss
512 http fetch GET 200 https://registry.npmjs.org/remark-emoji 766ms (cache revalidated)
513 silly packumentCache full:https://registry.npmjs.org/remark-emoji set size:51521 disposed:false
514 silly fetch manifest mdast-util-mdx@^3.0.0
515 silly packumentCache full:https://registry.npmjs.org/mdast-util-mdx cache-miss
516 http fetch GET 200 https://registry.npmjs.org/mdast-util-mdx 755ms (cache revalidated)
517 silly packumentCache full:https://registry.npmjs.org/mdast-util-mdx set size:40474 disposed:false
518 silly fetch manifest remark-directive@^3.0.0
519 silly packumentCache full:https://registry.npmjs.org/remark-directive cache-miss
520 http fetch GET 200 https://registry.npmjs.org/remark-directive 773ms (cache revalidated)
521 silly packumentCache full:https://registry.npmjs.org/remark-directive set size:40040 disposed:false
522 silly fetch manifest stringify-object@^3.3.0
523 silly packumentCache full:https://registry.npmjs.org/stringify-object cache-miss
524 http fetch GET 200 https://registry.npmjs.org/stringify-object 38ms (cache revalidated)
525 silly packumentCache full:https://registry.npmjs.org/stringify-object set size:60566 disposed:false
526 silly fetch manifest unist-util-visit@^5.0.0
527 silly packumentCache full:https://registry.npmjs.org/unist-util-visit cache-miss
528 http fetch GET 200 https://registry.npmjs.org/unist-util-visit 296ms (cache revalidated)
529 silly packumentCache full:https://registry.npmjs.org/unist-util-visit set size:90557 disposed:false
530 silly fetch manifest remark-frontmatter@^5.0.0
531 silly packumentCache full:https://registry.npmjs.org/remark-frontmatter cache-miss
532 http fetch GET 200 https://registry.npmjs.org/remark-frontmatter 763ms (cache revalidated)
533 silly packumentCache full:https://registry.npmjs.org/remark-frontmatter set size:64284 disposed:false
534 silly fetch manifest mdast-util-to-string@^4.0.0
535 silly packumentCache full:https://registry.npmjs.org/mdast-util-to-string cache-miss
536 http fetch GET 200 https://registry.npmjs.org/mdast-util-to-string 284ms (cache revalidated)
537 silly packumentCache full:https://registry.npmjs.org/mdast-util-to-string set size:60380 disposed:false
538 silly fetch manifest @slorber/remark-comment@^1.0.0
539 silly packumentCache full:https://registry.npmjs.org/@slorber%2fremark-comment cache-miss
540 http fetch GET 200 https://registry.npmjs.org/@slorber%2fremark-comment 1222ms (cache revalidated)
541 silly packumentCache full:https://registry.npmjs.org/@slorber%2fremark-comment set size:5085 disposed:false
542 silly fetch manifest estree-util-value-to-estree@^3.0.1
543 silly packumentCache full:https://registry.npmjs.org/estree-util-value-to-estree cache-miss
544 http fetch GET 200 https://registry.npmjs.org/estree-util-value-to-estree 272ms (cache revalidated)
545 silly packumentCache full:https://registry.npmjs.org/estree-util-value-to-estree set size:62878 disposed:false
546 silly fetch manifest jiti@^1.20.0
547 silly packumentCache full:https://registry.npmjs.org/jiti cache-miss
548 http fetch GET 200 https://registry.npmjs.org/jiti 25ms (cache revalidated)
549 silly packumentCache full:https://registry.npmjs.org/jiti set size:382310 disposed:false
550 silly fetch manifest globby@^11.1.0
551 silly packumentCache full:https://registry.npmjs.org/globby cache-miss
552 http fetch GET 200 https://registry.npmjs.org/globby 27ms (cache revalidated)
553 silly packumentCache full:https://registry.npmjs.org/globby set size:157140 disposed:false
554 silly fetch manifest js-yaml@^4.1.0
555 silly packumentCache full:https://registry.npmjs.org/js-yaml cache-miss
556 http fetch GET 200 https://registry.npmjs.org/js-yaml 26ms (cache revalidated)
557 silly packumentCache full:https://registry.npmjs.org/js-yaml set size:152232 disposed:false
558 silly fetch manifest p-queue@^6.6.2
559 silly packumentCache full:https://registry.npmjs.org/p-queue cache-miss
560 http fetch GET 200 https://registry.npmjs.org/p-queue 279ms (cache revalidated)
561 silly packumentCache full:https://registry.npmjs.org/p-queue set size:167834 disposed:false
562 silly fetch manifest micromatch@^4.0.5
563 silly packumentCache full:https://registry.npmjs.org/micromatch cache-miss
564 http fetch GET 200 https://registry.npmjs.org/micromatch 25ms (cache revalidated)
565 silly packumentCache full:https://registry.npmjs.org/micromatch set size:240630 disposed:false
566 silly fetch manifest gray-matter@^4.0.3
567 silly packumentCache full:https://registry.npmjs.org/gray-matter cache-miss
568 http fetch GET 200 https://registry.npmjs.org/gray-matter 284ms (cache revalidated)
569 silly packumentCache full:https://registry.npmjs.org/gray-matter set size:155515 disposed:false
570 silly fetch manifest github-slugger@^1.5.0
571 silly packumentCache full:https://registry.npmjs.org/github-slugger cache-miss
572 http fetch GET 200 https://registry.npmjs.org/github-slugger 275ms (cache revalidated)
573 silly packumentCache full:https://registry.npmjs.org/github-slugger set size:31752 disposed:false
574 silly fetch manifest resolve-pathname@^3.0.0
575 silly packumentCache full:https://registry.npmjs.org/resolve-pathname cache-miss
576 http fetch GET 200 https://registry.npmjs.org/resolve-pathname 273ms (cache revalidated)
577 silly packumentCache full:https://registry.npmjs.org/resolve-pathname set size:37015 disposed:false
578 silly fetch manifest escape-string-regexp@^4.0.0
579 silly packumentCache full:https://registry.npmjs.org/escape-string-regexp cache-miss
580 http fetch GET 200 https://registry.npmjs.org/escape-string-regexp 24ms (cache revalidated)
581 silly packumentCache full:https://registry.npmjs.org/escape-string-regexp set size:22244 disposed:false
582 silly fetch manifest fs-extra@^11.2.0
583 silly packumentCache full:https://registry.npmjs.org/fs-extra cache-hit
584 silly fetch manifest camelcase@^6.2.0
585 silly packumentCache full:https://registry.npmjs.org/camelcase cache-miss
586 http fetch GET 200 https://registry.npmjs.org/camelcase 27ms (cache revalidated)
587 silly packumentCache full:https://registry.npmjs.org/camelcase set size:60255 disposed:false
588 silly fetch manifest cli-boxes@^3.0.0
589 silly packumentCache full:https://registry.npmjs.org/cli-boxes cache-miss
590 http fetch GET 200 https://registry.npmjs.org/cli-boxes 762ms (cache revalidated)
591 silly packumentCache full:https://registry.npmjs.org/cli-boxes set size:19853 disposed:false
592 silly fetch manifest type-fest@^2.5.0
593 silly packumentCache full:https://registry.npmjs.org/type-fest cache-miss
594 http fetch GET 200 https://registry.npmjs.org/type-fest 32ms (cache revalidated)
595 silly packumentCache full:https://registry.npmjs.org/type-fest set size:557806 disposed:false
596 silly fetch manifest wrap-ansi@^8.0.1
597 silly packumentCache full:https://registry.npmjs.org/wrap-ansi cache-miss
598 http fetch GET 200 https://registry.npmjs.org/wrap-ansi 26ms (cache revalidated)
599 silly packumentCache full:https://registry.npmjs.org/wrap-ansi set size:55299 disposed:false
600 silly fetch manifest ansi-align@^3.0.1
601 silly packumentCache full:https://registry.npmjs.org/ansi-align cache-miss
602 http fetch GET 200 https://registry.npmjs.org/ansi-align 273ms (cache revalidated)
603 silly packumentCache full:https://registry.npmjs.org/ansi-align set size:13890 disposed:false
604 silly fetch manifest widest-line@^4.0.1
605 silly packumentCache full:https://registry.npmjs.org/widest-line cache-miss
606 http fetch GET 200 https://registry.npmjs.org/widest-line 286ms (cache revalidated)
607 silly packumentCache full:https://registry.npmjs.org/widest-line set size:23158 disposed:false
608 silly fetch manifest string-width@^5.0.1
609 silly packumentCache full:https://registry.npmjs.org/string-width cache-miss
610 http fetch GET 200 https://registry.npmjs.org/string-width 30ms (cache revalidated)
611 silly packumentCache full:https://registry.npmjs.org/string-width set size:68305 disposed:false
612 silly fetch manifest ansi-styles@^4.1.0
613 silly packumentCache full:https://registry.npmjs.org/ansi-styles cache-miss
614 http fetch GET 200 https://registry.npmjs.org/ansi-styles 53ms (cache revalidated)
615 silly packumentCache full:https://registry.npmjs.org/ansi-styles set size:63233 disposed:false
616 silly fetch manifest supports-color@^7.1.0
617 silly packumentCache full:https://registry.npmjs.org/supports-color cache-miss
618 http fetch GET 200 https://registry.npmjs.org/supports-color 40ms (cache revalidated)
619 silly packumentCache full:https://registry.npmjs.org/supports-color set size:118680 disposed:false
620 silly fetch manifest braces@~3.0.2
621 silly packumentCache full:https://registry.npmjs.org/braces cache-miss
622 http fetch GET 200 https://registry.npmjs.org/braces 59ms (cache revalidated)
623 silly packumentCache full:https://registry.npmjs.org/braces set size:114529 disposed:false
624 silly fetch manifest is-glob@~4.0.1
625 silly packumentCache full:https://registry.npmjs.org/is-glob cache-miss
626 http fetch GET 200 https://registry.npmjs.org/is-glob 28ms (cache revalidated)
627 silly packumentCache full:https://registry.npmjs.org/is-glob set size:40530 disposed:false
628 silly fetch manifest anymatch@~3.1.2
629 silly packumentCache full:https://registry.npmjs.org/anymatch cache-miss
630 http fetch GET 200 https://registry.npmjs.org/anymatch 33ms (cache revalidated)
631 silly packumentCache full:https://registry.npmjs.org/anymatch set size:42974 disposed:false
632 silly fetch manifest readdirp@~3.6.0
633 silly packumentCache full:https://registry.npmjs.org/readdirp cache-miss
634 http fetch GET 200 https://registry.npmjs.org/readdirp 272ms (cache revalidated)
635 silly packumentCache full:https://registry.npmjs.org/readdirp set size:107589 disposed:false
636 silly fetch manifest glob-parent@~5.1.2
637 silly packumentCache full:https://registry.npmjs.org/glob-parent cache-miss
638 http fetch GET 200 https://registry.npmjs.org/glob-parent 27ms (cache revalidated)
639 silly packumentCache full:https://registry.npmjs.org/glob-parent set size:42445 disposed:false
640 silly fetch manifest is-binary-path@~2.1.0
641 silly packumentCache full:https://registry.npmjs.org/is-binary-path cache-miss
642 http fetch GET 200 https://registry.npmjs.org/is-binary-path 26ms (cache revalidated)
643 silly packumentCache full:https://registry.npmjs.org/is-binary-path set size:13475 disposed:false
644 silly fetch manifest normalize-path@~3.0.0
645 silly packumentCache full:https://registry.npmjs.org/normalize-path cache-miss
646 http fetch GET 200 https://registry.npmjs.org/normalize-path 26ms (cache revalidated)
647 silly packumentCache full:https://registry.npmjs.org/normalize-path set size:28713 disposed:false
648 silly fetch manifest fsevents@~2.3.2
649 silly packumentCache full:https://registry.npmjs.org/fsevents cache-miss
650 http fetch GET 200 https://registry.npmjs.org/fsevents 32ms (cache revalidated)
651 silly packumentCache full:https://registry.npmjs.org/fsevents set size:182472 disposed:false
652 silly fetch manifest string-width@^4.2.0
653 silly packumentCache full:https://registry.npmjs.org/string-width cache-hit
654 silly fetch manifest @colors/colors@1.5.0
655 silly packumentCache full:https://registry.npmjs.org/@colors%2fcolors cache-miss
656 http fetch GET 200 https://registry.npmjs.org/@colors%2fcolors 35ms (cache revalidated)
657 silly packumentCache full:https://registry.npmjs.org/@colors%2fcolors set size:12042 disposed:false
658 silly fetch manifest debug@4
659 silly packumentCache full:https://registry.npmjs.org/debug cache-miss
660 http fetch GET 200 https://registry.npmjs.org/debug 25ms (cache revalidated)
661 silly packumentCache full:https://registry.npmjs.org/debug set size:195840 disposed:false
662 silly fetch manifest address@^1.0.1
663 silly packumentCache full:https://registry.npmjs.org/address cache-miss
664 http fetch GET 200 https://registry.npmjs.org/address 26ms (cache revalidated)
665 silly packumentCache full:https://registry.npmjs.org/address set size:47026 disposed:false
666 silly fetch manifest @types/node@*
667 silly packumentCache full:https://registry.npmjs.org/@types%2fnode cache-miss
668 http fetch GET 200 https://registry.npmjs.org/@types%2fnode 45ms (cache revalidated)
669 silly packumentCache full:https://registry.npmjs.org/@types%2fnode set size:10939971 disposed:false
670 silly fetch manifest require-like@>= 0.1.1
671 silly packumentCache full:https://registry.npmjs.org/require-like cache-miss
672 http fetch GET 200 https://registry.npmjs.org/require-like 283ms (cache revalidated)
673 silly packumentCache full:https://registry.npmjs.org/require-like set size:8202 disposed:false
674 silly fetch manifest onetime@^5.1.2
675 silly packumentCache full:https://registry.npmjs.org/onetime cache-miss
676 http fetch GET 200 https://registry.npmjs.org/onetime 28ms (cache revalidated)
677 silly packumentCache full:https://registry.npmjs.org/onetime set size:32314 disposed:false
678 silly fetch manifest is-stream@^2.0.0
679 silly packumentCache full:https://registry.npmjs.org/is-stream cache-miss
680 http fetch GET 200 https://registry.npmjs.org/is-stream 556ms (cache revalidated)
681 silly packumentCache full:https://registry.npmjs.org/is-stream set size:18582 disposed:false
682 silly fetch manifest get-stream@^6.0.0
683 silly packumentCache full:https://registry.npmjs.org/get-stream cache-miss
684 http fetch GET 200 https://registry.npmjs.org/get-stream 26ms (cache revalidated)
685 silly packumentCache full:https://registry.npmjs.org/get-stream set size:57536 disposed:false
686 silly fetch manifest cross-spawn@^7.0.3
687 silly packumentCache full:https://registry.npmjs.org/cross-spawn cache-miss
688 http fetch GET 200 https://registry.npmjs.org/cross-spawn 29ms (cache revalidated)
689 silly packumentCache full:https://registry.npmjs.org/cross-spawn set size:109066 disposed:false
690 silly fetch manifest signal-exit@^3.0.3
691 silly packumentCache full:https://registry.npmjs.org/signal-exit cache-miss
692 http fetch GET 200 https://registry.npmjs.org/signal-exit 26ms (cache revalidated)
693 silly packumentCache full:https://registry.npmjs.org/signal-exit set size:53489 disposed:false
694 silly fetch manifest merge-stream@^2.0.0
695 silly packumentCache full:https://registry.npmjs.org/merge-stream cache-miss
696 http fetch GET 200 https://registry.npmjs.org/merge-stream 32ms (cache revalidated)
697 silly packumentCache full:https://registry.npmjs.org/merge-stream set size:22168 disposed:false
698 silly fetch manifest npm-run-path@^4.0.1
699 silly packumentCache full:https://registry.npmjs.org/npm-run-path cache-miss
700 http fetch GET 200 https://registry.npmjs.org/npm-run-path 26ms (cache revalidated)
701 silly packumentCache full:https://registry.npmjs.org/npm-run-path set size:33596 disposed:false
702 silly fetch manifest human-signals@^2.1.0
703 silly packumentCache full:https://registry.npmjs.org/human-signals cache-miss
704 http fetch GET 200 https://registry.npmjs.org/human-signals 26ms (cache revalidated)
705 silly packumentCache full:https://registry.npmjs.org/human-signals set size:47322 disposed:false
706 silly fetch manifest strip-final-newline@^2.0.0
707 silly packumentCache full:https://registry.npmjs.org/strip-final-newline cache-miss
708 http fetch GET 200 https://registry.npmjs.org/strip-final-newline 23ms (cache revalidated)
709 silly packumentCache full:https://registry.npmjs.org/strip-final-newline set size:9328 disposed:false
710 silly fetch manifest graceful-fs@^4.2.0
711 silly packumentCache full:https://registry.npmjs.org/graceful-fs cache-miss
712 http fetch GET 200 https://registry.npmjs.org/graceful-fs 28ms (cache revalidated)
713 silly packumentCache full:https://registry.npmjs.org/graceful-fs set size:124285 disposed:false
714 silly fetch manifest jsonfile@^6.0.1
715 silly packumentCache full:https://registry.npmjs.org/jsonfile cache-miss
716 http fetch GET 200 https://registry.npmjs.org/jsonfile 32ms (cache revalidated)
717 silly packumentCache full:https://registry.npmjs.org/jsonfile set size:51505 disposed:false
718 silly fetch manifest universalify@^2.0.0
719 silly packumentCache full:https://registry.npmjs.org/universalify cache-miss
720 http fetch GET 200 https://registry.npmjs.org/universalify 26ms (cache revalidated)
721 silly packumentCache full:https://registry.npmjs.org/universalify set size:19431 disposed:false
722 silly fetch manifest @types/html-minifier-terser@^6.0.0
723 silly packumentCache full:https://registry.npmjs.org/@types%2fhtml-minifier-terser cache-miss
724 http fetch GET 200 https://registry.npmjs.org/@types%2fhtml-minifier-terser 1032ms (cache revalidated)
725 silly packumentCache full:https://registry.npmjs.org/@types%2fhtml-minifier-terser set size:21619 disposed:false
726 silly fetch manifest html-minifier-terser@^6.0.2
727 silly packumentCache full:https://registry.npmjs.org/html-minifier-terser cache-hit
728 silly fetch manifest pretty-error@^4.0.0
729 silly packumentCache full:https://registry.npmjs.org/pretty-error cache-miss
730 http fetch GET 200 https://registry.npmjs.org/pretty-error 274ms (cache revalidated)
731 silly packumentCache full:https://registry.npmjs.org/pretty-error set size:81783 disposed:false
732 silly fetch manifest tapable@^2.0.0
733 silly packumentCache full:https://registry.npmjs.org/tapable cache-miss
734 http fetch GET 200 https://registry.npmjs.org/tapable 25ms (cache revalidated)
735 silly packumentCache full:https://registry.npmjs.org/tapable set size:116120 disposed:false
736 silly fetch manifest is-wsl@^2.2.0
737 silly packumentCache full:https://registry.npmjs.org/is-wsl cache-miss
738 http fetch GET 200 https://registry.npmjs.org/is-wsl 3ms (cache hit)
739 silly packumentCache full:https://registry.npmjs.org/is-wsl set size:20683 disposed:false
740 silly fetch manifest is-docker@^2.1.1
741 silly packumentCache full:https://registry.npmjs.org/is-docker cache-miss
742 http fetch GET 200 https://registry.npmjs.org/is-docker 4ms (cache hit)
743 silly packumentCache full:https://registry.npmjs.org/is-docker set size:23690 disposed:false
744 silly fetch manifest define-lazy-prop@^2.0.0
745 silly packumentCache full:https://registry.npmjs.org/define-lazy-prop cache-miss
746 http fetch GET 200 https://registry.npmjs.org/define-lazy-prop 23ms (cache revalidated)
747 silly packumentCache full:https://registry.npmjs.org/define-lazy-prop set size:9337 disposed:false
748 silly fetch manifest aggregate-error@^3.0.0
749 silly packumentCache full:https://registry.npmjs.org/aggregate-error cache-miss
750 http fetch GET 200 https://registry.npmjs.org/aggregate-error 27ms (cache revalidated)
751 silly packumentCache full:https://registry.npmjs.org/aggregate-error set size:29031 disposed:false
752 silly fetch manifest kleur@^3.0.3
753 silly packumentCache full:https://registry.npmjs.org/kleur cache-miss
754 http fetch GET 200 https://registry.npmjs.org/kleur 27ms (cache revalidated)
755 silly packumentCache full:https://registry.npmjs.org/kleur set size:61853 disposed:false
756 silly fetch manifest sisteransi@^1.0.5
757 silly packumentCache full:https://registry.npmjs.org/sisteransi cache-miss
758 http fetch GET 200 https://registry.npmjs.org/sisteransi 29ms (cache revalidated)
759 silly packumentCache full:https://registry.npmjs.org/sisteransi set size:23215 disposed:false
760 silly fetch manifest @babel/runtime@^7.12.5
761 silly packumentCache full:https://registry.npmjs.org/@babel%2fruntime cache-miss
762 http fetch GET 200 https://registry.npmjs.org/@babel%2fruntime 6ms (cache hit)
763 silly packumentCache full:https://registry.npmjs.org/@babel%2fruntime set size:3372292 disposed:false
764 silly fetch manifest invariant@^2.2.4
765 silly packumentCache full:https://registry.npmjs.org/invariant cache-miss
766 http fetch GET 200 https://registry.npmjs.org/invariant 27ms (cache revalidated)
767 silly packumentCache full:https://registry.npmjs.org/invariant set size:22008 disposed:false
768 silly fetch manifest prop-types@^15.7.2
769 silly packumentCache full:https://registry.npmjs.org/prop-types cache-miss
770 http fetch GET 200 https://registry.npmjs.org/prop-types 23ms (cache revalidated)
771 silly packumentCache full:https://registry.npmjs.org/prop-types set size:76747 disposed:false
772 silly fetch manifest react-fast-compare@^3.2.0
773 silly packumentCache full:https://registry.npmjs.org/react-fast-compare cache-miss
774 http fetch GET 200 https://registry.npmjs.org/react-fast-compare 27ms (cache revalidated)
775 silly packumentCache full:https://registry.npmjs.org/react-fast-compare set size:94506 disposed:false
776 silly fetch manifest shallowequal@^1.1.0
777 silly packumentCache full:https://registry.npmjs.org/shallowequal cache-miss
778 http fetch GET 200 https://registry.npmjs.org/shallowequal 37ms (cache revalidated)
779 silly packumentCache full:https://registry.npmjs.org/shallowequal set size:18619 disposed:false
780 silly fetch manifest @babel/runtime@^7.10.3
781 silly packumentCache full:https://registry.npmjs.org/@babel%2fruntime cache-miss
782 http fetch GET 200 https://registry.npmjs.org/@babel%2fruntime 7ms (cache hit)
783 silly packumentCache full:https://registry.npmjs.org/@babel%2fruntime set size:3372292 disposed:false
784 silly fetch manifest history@^4.9.0
785 silly packumentCache full:https://registry.npmjs.org/history cache-miss
786 http fetch GET 200 https://registry.npmjs.org/history 272ms (cache revalidated)
787 silly packumentCache full:https://registry.npmjs.org/history set size:305903 disposed:false
788 silly fetch manifest react-is@^16.6.0
789 silly packumentCache full:https://registry.npmjs.org/react-is cache-miss
790 http fetch GET 200 https://registry.npmjs.org/react-is 61ms (cache revalidated)
791 silly packumentCache full:https://registry.npmjs.org/react-is set size:5314500 disposed:false
792 silly fetch manifest prop-types@^15.6.2
793 silly packumentCache full:https://registry.npmjs.org/prop-types cache-hit
794 silly fetch manifest loose-envify@^1.3.1
795 silly packumentCache full:https://registry.npmjs.org/loose-envify cache-hit
796 silly fetch manifest tiny-warning@^1.0.0
797 silly packumentCache full:https://registry.npmjs.org/tiny-warning cache-miss
798 http fetch GET 200 https://registry.npmjs.org/tiny-warning 43ms (cache revalidated)
799 silly packumentCache full:https://registry.npmjs.org/tiny-warning set size:25899 disposed:false
800 silly fetch manifest @babel/runtime@^7.12.13
801 silly packumentCache full:https://registry.npmjs.org/@babel%2fruntime cache-miss
802 http fetch GET 200 https://registry.npmjs.org/@babel%2fruntime 10ms (cache hit)
803 silly packumentCache full:https://registry.npmjs.org/@babel%2fruntime set size:3372292 disposed:false
804 silly fetch manifest path-to-regexp@^1.7.0
805 silly packumentCache full:https://registry.npmjs.org/path-to-regexp cache-miss
806 http fetch GET 200 https://registry.npmjs.org/path-to-regexp 27ms (cache revalidated)
807 silly packumentCache full:https://registry.npmjs.org/path-to-regexp set size:207142 disposed:false
808 silly fetch manifest tiny-invariant@^1.0.2
809 silly packumentCache full:https://registry.npmjs.org/tiny-invariant cache-miss
810 http fetch GET 200 https://registry.npmjs.org/tiny-invariant 24ms (cache revalidated)
811 silly packumentCache full:https://registry.npmjs.org/tiny-invariant set size:98310 disposed:false
812 silly fetch manifest hoist-non-react-statics@^3.1.0
813 silly packumentCache full:https://registry.npmjs.org/hoist-non-react-statics cache-miss
814 http fetch GET 200 https://registry.npmjs.org/hoist-non-react-statics 37ms (cache revalidated)
815 silly packumentCache full:https://registry.npmjs.org/hoist-non-react-statics set size:97044 disposed:false
816 silly fetch manifest @babel/runtime@^7.1.2
817 silly packumentCache full:https://registry.npmjs.org/@babel%2fruntime cache-miss
818 http fetch GET 200 https://registry.npmjs.org/@babel%2fruntime 5ms (cache hit)
819 silly packumentCache full:https://registry.npmjs.org/@babel%2fruntime set size:3372292 disposed:false
820 silly fetch manifest bytes@3.0.0
821 silly packumentCache full:https://registry.npmjs.org/bytes cache-miss
822 http fetch GET 200 https://registry.npmjs.org/bytes 101ms (cache revalidated)
823 silly packumentCache full:https://registry.npmjs.org/bytes set size:37018 disposed:false
824 silly fetch manifest content-disposition@0.5.2
825 silly packumentCache full:https://registry.npmjs.org/content-disposition cache-miss
826 http fetch GET 200 https://registry.npmjs.org/content-disposition 41ms (cache revalidated)
827 silly packumentCache full:https://registry.npmjs.org/content-disposition set size:34469 disposed:false
828 silly fetch manifest mime-types@2.1.18
829 silly packumentCache full:https://registry.npmjs.org/mime-types cache-miss
830 http fetch GET 200 https://registry.npmjs.org/mime-types 27ms (cache revalidated)
831 silly packumentCache full:https://registry.npmjs.org/mime-types set size:139110 disposed:false
832 silly fetch manifest minimatch@3.1.5
833 silly packumentCache full:https://registry.npmjs.org/minimatch cache-miss
834 http fetch GET 200 https://registry.npmjs.org/minimatch 53ms (cache revalidated)
835 silly packumentCache full:https://registry.npmjs.org/minimatch set size:352359 disposed:false
836 silly fetch manifest path-is-inside@1.0.2
837 silly packumentCache full:https://registry.npmjs.org/path-is-inside cache-miss
838 http fetch GET 200 https://registry.npmjs.org/path-is-inside 277ms (cache revalidated)
839 silly packumentCache full:https://registry.npmjs.org/path-is-inside set size:6732 disposed:false
840 silly fetch manifest path-to-regexp@3.3.0
841 silly packumentCache full:https://registry.npmjs.org/path-to-regexp cache-hit
842 silly fetch manifest range-parser@1.2.0
843 silly packumentCache full:https://registry.npmjs.org/range-parser cache-miss
844 http fetch GET 200 https://registry.npmjs.org/range-parser 276ms (cache revalidated)
845 silly packumentCache full:https://registry.npmjs.org/range-parser set size:22228 disposed:false
846 silly fetch manifest pupa@^3.1.0
847 silly packumentCache full:https://registry.npmjs.org/pupa cache-miss
848 http fetch GET 200 https://registry.npmjs.org/pupa 759ms (cache revalidated)
849 silly packumentCache full:https://registry.npmjs.org/pupa set size:27054 disposed:false
850 silly fetch manifest boxen@^7.0.0
851 silly packumentCache full:https://registry.npmjs.org/boxen cache-hit
852 silly fetch manifest chalk@^5.0.1
853 silly packumentCache full:https://registry.npmjs.org/chalk cache-hit
854 silly fetch manifest is-ci@^3.0.1
855 silly packumentCache full:https://registry.npmjs.org/is-ci cache-miss
856 http fetch GET 200 https://registry.npmjs.org/is-ci 772ms (cache revalidated)
857 silly packumentCache full:https://registry.npmjs.org/is-ci set size:35380 disposed:false
858 silly fetch manifest is-npm@^6.0.0
859 silly packumentCache full:https://registry.npmjs.org/is-npm cache-miss
860 http fetch GET 200 https://registry.npmjs.org/is-npm 305ms (cache revalidated)
861 silly packumentCache full:https://registry.npmjs.org/is-npm set size:19322 disposed:false
862 silly fetch manifest has-yarn@^3.0.0
863 silly packumentCache full:https://registry.npmjs.org/has-yarn cache-miss
864 http fetch GET 200 https://registry.npmjs.org/has-yarn 770ms (cache revalidated)
865 silly packumentCache full:https://registry.npmjs.org/has-yarn set size:12720 disposed:false
866 silly fetch manifest configstore@^6.0.0
867 silly packumentCache full:https://registry.npmjs.org/configstore cache-miss
868 http fetch GET 200 https://registry.npmjs.org/configstore 1293ms (cache revalidated)
869 silly packumentCache full:https://registry.npmjs.org/configstore set size:82080 disposed:false
870 silly fetch manifest import-lazy@^4.0.0
871 silly packumentCache full:https://registry.npmjs.org/import-lazy cache-miss
872 http fetch GET 200 https://registry.npmjs.org/import-lazy 273ms (cache revalidated)
873 silly packumentCache full:https://registry.npmjs.org/import-lazy set size:9891 disposed:false
874 silly fetch manifest semver-diff@^4.0.0
875 silly packumentCache full:https://registry.npmjs.org/semver-diff cache-miss
876 http fetch GET 200 https://registry.npmjs.org/semver-diff 271ms (cache revalidated)
877 silly packumentCache full:https://registry.npmjs.org/semver-diff set size:20386 disposed:false
878 silly fetch manifest xdg-basedir@^5.1.0
879 silly packumentCache full:https://registry.npmjs.org/xdg-basedir cache-miss
880 http fetch GET 200 https://registry.npmjs.org/xdg-basedir 23ms (cache revalidated)
881 silly packumentCache full:https://registry.npmjs.org/xdg-basedir set size:19771 disposed:false
882 silly fetch manifest is-yarn-global@^0.4.0
883 silly packumentCache full:https://registry.npmjs.org/is-yarn-global cache-miss
884 http fetch GET 200 https://registry.npmjs.org/is-yarn-global 1224ms (cache revalidated)
885 silly packumentCache full:https://registry.npmjs.org/is-yarn-global set size:10545 disposed:false
886 silly fetch manifest latest-version@^7.0.0
887 silly packumentCache full:https://registry.npmjs.org/latest-version cache-miss
888 http fetch GET 200 https://registry.npmjs.org/latest-version 27ms (cache revalidated)
889 silly packumentCache full:https://registry.npmjs.org/latest-version set size:33182 disposed:false
890 silly fetch manifest is-installed-globally@^0.4.0
891 silly packumentCache full:https://registry.npmjs.org/is-installed-globally cache-miss
892 http fetch GET 200 https://registry.npmjs.org/is-installed-globally 273ms (cache revalidated)
893 silly packumentCache full:https://registry.npmjs.org/is-installed-globally set size:19693 disposed:false
894 silly fetch manifest acorn@^8.16.0
895 silly packumentCache full:https://registry.npmjs.org/acorn cache-miss
896 http fetch GET 200 https://registry.npmjs.org/acorn 23ms (cache revalidated)
897 silly packumentCache full:https://registry.npmjs.org/acorn set size:379626 disposed:false
898 silly fetch manifest events@^3.2.0
899 silly packumentCache full:https://registry.npmjs.org/events cache-miss
900 http fetch GET 200 https://registry.npmjs.org/events 29ms (cache revalidated)
901 silly packumentCache full:https://registry.npmjs.org/events set size:35240 disposed:false
902 silly fetch manifest tapable@^2.3.0
903 silly packumentCache full:https://registry.npmjs.org/tapable cache-hit
904 silly fetch manifest neo-async@^2.6.2
905 silly packumentCache full:https://registry.npmjs.org/neo-async cache-miss
906 http fetch GET 200 https://registry.npmjs.org/neo-async 24ms (cache revalidated)
907 silly packumentCache full:https://registry.npmjs.org/neo-async set size:155670 disposed:false
908 silly fetch manifest watchpack@^2.5.1
909 silly packumentCache full:https://registry.npmjs.org/watchpack cache-miss
910 http fetch GET 200 https://registry.npmjs.org/watchpack 27ms (cache revalidated)
911 silly packumentCache full:https://registry.npmjs.org/watchpack set size:144588 disposed:false
912 silly fetch manifest mime-types@^2.1.27
913 silly packumentCache full:https://registry.npmjs.org/mime-types cache-hit
914 silly fetch manifest graceful-fs@^4.2.11
915 silly packumentCache full:https://registry.npmjs.org/graceful-fs cache-hit
916 silly fetch manifest browserslist@^4.28.1
917 silly packumentCache full:https://registry.npmjs.org/browserslist cache-miss
918 http fetch GET 200 https://registry.npmjs.org/browserslist 24ms (cache revalidated)
919 silly packumentCache full:https://registry.npmjs.org/browserslist set size:502989 disposed:false
920 silly fetch manifest eslint-scope@5.1.1
921 silly packumentCache full:https://registry.npmjs.org/eslint-scope cache-miss
922 http fetch GET 200 https://registry.npmjs.org/eslint-scope 31ms (cache revalidated)
923 silly packumentCache full:https://registry.npmjs.org/eslint-scope set size:98867 disposed:false
924 silly fetch manifest schema-utils@^4.3.3
925 silly packumentCache full:https://registry.npmjs.org/schema-utils cache-miss
926 http fetch GET 200 https://registry.npmjs.org/schema-utils 29ms (cache revalidated)
927 silly packumentCache full:https://registry.npmjs.org/schema-utils set size:166563 disposed:false
928 silly fetch manifest @types/estree@^1.0.8
929 silly packumentCache full:https://registry.npmjs.org/@types%2festree cache-miss
930 http fetch GET 200 https://registry.npmjs.org/@types%2festree 30ms (cache revalidated)
931 silly packumentCache full:https://registry.npmjs.org/@types%2festree set size:74091 disposed:false
932 silly fetch manifest loader-runner@^4.3.1
933 silly packumentCache full:https://registry.npmjs.org/loader-runner cache-miss
934 http fetch GET 200 https://registry.npmjs.org/loader-runner 283ms (cache revalidated)
935 silly packumentCache full:https://registry.npmjs.org/loader-runner set size:38761 disposed:false
936 silly fetch manifest glob-to-regexp@^0.4.1
937 silly packumentCache full:https://registry.npmjs.org/glob-to-regexp cache-miss
938 http fetch GET 200 https://registry.npmjs.org/glob-to-regexp 25ms (cache revalidated)
939 silly packumentCache full:https://registry.npmjs.org/glob-to-regexp set size:15844 disposed:false
940 silly fetch manifest es-module-lexer@^2.0.0
941 silly packumentCache full:https://registry.npmjs.org/es-module-lexer cache-miss
942 http fetch GET 200 https://registry.npmjs.org/es-module-lexer 26ms (cache revalidated)
943 silly packumentCache full:https://registry.npmjs.org/es-module-lexer set size:203341 disposed:false
944 silly fetch manifest webpack-sources@^3.3.4
945 silly packumentCache full:https://registry.npmjs.org/webpack-sources cache-miss
946 http fetch GET 200 https://registry.npmjs.org/webpack-sources 26ms (cache revalidated)
947 silly packumentCache full:https://registry.npmjs.org/webpack-sources set size:169105 disposed:false
948 silly fetch manifest enhanced-resolve@^5.20.0
949 silly packumentCache full:https://registry.npmjs.org/enhanced-resolve cache-miss
950 http fetch GET 200 https://registry.npmjs.org/enhanced-resolve 70ms (cache revalidated)
951 silly packumentCache full:https://registry.npmjs.org/enhanced-resolve set size:360344 disposed:false
952 silly fetch manifest @types/json-schema@^7.0.15
953 silly packumentCache full:https://registry.npmjs.org/@types%2fjson-schema cache-miss
954 http fetch GET 200 https://registry.npmjs.org/@types%2fjson-schema 30ms (cache revalidated)
955 silly packumentCache full:https://registry.npmjs.org/@types%2fjson-schema set size:44704 disposed:false
956 silly fetch manifest @webassemblyjs/ast@^1.14.1
957 silly packumentCache full:https://registry.npmjs.org/@webassemblyjs%2fast cache-miss
958 http fetch GET 200 https://registry.npmjs.org/@webassemblyjs%2fast 280ms (cache revalidated)
959 silly packumentCache full:https://registry.npmjs.org/@webassemblyjs%2fast set size:198816 disposed:false
960 silly fetch manifest chrome-trace-event@^1.0.2
961 silly packumentCache full:https://registry.npmjs.org/chrome-trace-event cache-miss
962 http fetch GET 200 https://registry.npmjs.org/chrome-trace-event 29ms (cache revalidated)
963 silly packumentCache full:https://registry.npmjs.org/chrome-trace-event set size:20859 disposed:false
964 silly fetch manifest @types/eslint-scope@^3.7.7
965 silly packumentCache full:https://registry.npmjs.org/@types%2feslint-scope cache-miss
966 http fetch GET 200 https://registry.npmjs.org/@types%2feslint-scope 26ms (cache revalidated)
967 silly packumentCache full:https://registry.npmjs.org/@types%2feslint-scope set size:25267 disposed:false
968 silly fetch manifest acorn-import-phases@^1.0.3
969 silly packumentCache full:https://registry.npmjs.org/acorn-import-phases cache-miss
970 http fetch GET 200 https://registry.npmjs.org/acorn-import-phases 26ms (cache revalidated)
971 silly packumentCache full:https://registry.npmjs.org/acorn-import-phases set size:11206 disposed:false
972 silly fetch manifest terser-webpack-plugin@^5.3.17
973 silly packumentCache full:https://registry.npmjs.org/terser-webpack-plugin cache-hit
974 silly fetch manifest @webassemblyjs/wasm-edit@^1.14.1
975 silly packumentCache full:https://registry.npmjs.org/@webassemblyjs%2fwasm-edit cache-miss
976 http fetch GET 200 https://registry.npmjs.org/@webassemblyjs%2fwasm-edit 1212ms (cache revalidated)
977 silly packumentCache full:https://registry.npmjs.org/@webassemblyjs%2fwasm-edit set size:202718 disposed:false
978 silly fetch manifest @webassemblyjs/wasm-parser@^1.14.1
979 silly packumentCache full:https://registry.npmjs.org/@webassemblyjs%2fwasm-parser cache-miss
980 http fetch GET 200 https://registry.npmjs.org/@webassemblyjs%2fwasm-parser 540ms (cache revalidated)
981 silly packumentCache full:https://registry.npmjs.org/@webassemblyjs%2fwasm-parser set size:214115 disposed:false
982 silly fetch manifest json-parse-even-better-errors@^2.3.1
983 silly packumentCache full:https://registry.npmjs.org/json-parse-even-better-errors cache-miss
984 http fetch GET 200 https://registry.npmjs.org/json-parse-even-better-errors 23ms (cache revalidated)
985 silly packumentCache full:https://registry.npmjs.org/json-parse-even-better-errors set size:34514 disposed:false
986 silly fetch manifest ws@^7.3.1
987 silly packumentCache full:https://registry.npmjs.org/ws cache-miss
988 http fetch GET 200 https://registry.npmjs.org/ws 287ms (cache revalidated)
989 silly packumentCache full:https://registry.npmjs.org/ws set size:415737 disposed:false
990 silly fetch manifest sirv@^2.0.3
991 silly packumentCache full:https://registry.npmjs.org/sirv cache-miss
992 http fetch GET 200 https://registry.npmjs.org/sirv 275ms (cache revalidated)
993 silly packumentCache full:https://registry.npmjs.org/sirv set size:119203 disposed:false
994 silly fetch manifest acorn@^8.0.4
995 silly packumentCache full:https://registry.npmjs.org/acorn cache-hit
996 silly fetch manifest opener@^1.5.2
997 silly packumentCache full:https://registry.npmjs.org/opener cache-miss
998 http fetch GET 200 https://registry.npmjs.org/opener 791ms (cache revalidated)
999 silly packumentCache full:https://registry.npmjs.org/opener set size:21206 disposed:false
1000 silly fetch manifest debounce@^1.2.1
1001 silly packumentCache full:https://registry.npmjs.org/debounce cache-miss
1002 http fetch GET 200 https://registry.npmjs.org/debounce 272ms (cache revalidated)
1003 silly packumentCache full:https://registry.npmjs.org/debounce set size:31237 disposed:false
1004 silly fetch manifest commander@^7.2.0
1005 silly packumentCache full:https://registry.npmjs.org/commander cache-hit
1006 silly fetch manifest gzip-size@^6.0.0
1007 silly packumentCache full:https://registry.npmjs.org/gzip-size cache-miss
1008 http fetch GET 200 https://registry.npmjs.org/gzip-size 23ms (cache revalidated)
1009 silly packumentCache full:https://registry.npmjs.org/gzip-size set size:35291 disposed:false
1010 silly fetch manifest acorn-walk@^8.0.0
1011 silly packumentCache full:https://registry.npmjs.org/acorn-walk cache-miss
1012 http fetch GET 200 https://registry.npmjs.org/acorn-walk 24ms (cache revalidated)
1013 silly packumentCache full:https://registry.npmjs.org/acorn-walk set size:49813 disposed:false
1014 silly fetch manifest picocolors@^1.0.0
1015 silly packumentCache full:https://registry.npmjs.org/picocolors cache-miss
1016 http fetch GET 200 https://registry.npmjs.org/picocolors 69ms (cache revalidated)
1017 silly packumentCache full:https://registry.npmjs.org/picocolors set size:16648 disposed:false
1018 silly fetch manifest html-escaper@^2.0.2
1019 silly packumentCache full:https://registry.npmjs.org/html-escaper cache-miss
1020 http fetch GET 200 https://registry.npmjs.org/html-escaper 25ms (cache revalidated)
1021 silly packumentCache full:https://registry.npmjs.org/html-escaper set size:29853 disposed:false
1022 silly fetch manifest @discoveryjs/json-ext@0.5.7
1023 silly packumentCache full:https://registry.npmjs.org/@discoveryjs%2fjson-ext cache-miss
1024 http fetch GET 200 https://registry.npmjs.org/@discoveryjs%2fjson-ext 529ms (cache revalidated)
1025 silly packumentCache full:https://registry.npmjs.org/@discoveryjs%2fjson-ext set size:78261 disposed:false
1026 silly fetch manifest ws@^8.18.0
1027 silly packumentCache full:https://registry.npmjs.org/ws cache-hit
1028 silly fetch manifest open@^10.0.3
1029 silly packumentCache full:https://registry.npmjs.org/open cache-hit
1030 silly fetch manifest spdy@^4.0.2
1031 silly packumentCache full:https://registry.npmjs.org/spdy cache-miss
1032 http fetch GET 200 https://registry.npmjs.org/spdy 274ms (cache revalidated)
1033 silly packumentCache full:https://registry.npmjs.org/spdy set size:358688 disposed:false
1034 silly fetch manifest sockjs@^0.3.24
1035 silly packumentCache full:https://registry.npmjs.org/sockjs cache-miss
1036 http fetch GET 200 https://registry.npmjs.org/sockjs 296ms (cache revalidated)
1037 silly packumentCache full:https://registry.npmjs.org/sockjs set size:78786 disposed:false
1038 silly fetch manifest express@^4.22.1
1039 silly packumentCache full:https://registry.npmjs.org/express cache-miss
1040 http fetch GET 200 https://registry.npmjs.org/express 28ms (cache revalidated)
1041 silly packumentCache full:https://registry.npmjs.org/express set size:801261 disposed:false
1042 silly fetch manifest p-retry@^6.2.0
1043 silly packumentCache full:https://registry.npmjs.org/p-retry cache-miss
1044 http fetch GET 200 https://registry.npmjs.org/p-retry 22ms (cache revalidated)
1045 silly packumentCache full:https://registry.npmjs.org/p-retry set size:69543 disposed:false
1046 silly fetch manifest @types/ws@^8.5.10
1047 silly packumentCache full:https://registry.npmjs.org/@types%2fws cache-miss
1048 http fetch GET 200 https://registry.npmjs.org/@types%2fws 30ms (cache revalidated)
1049 silly packumentCache full:https://registry.npmjs.org/@types%2fws set size:167959 disposed:false
1050 silly fetch manifest colorette@^2.0.10
1051 silly packumentCache full:https://registry.npmjs.org/colorette cache-miss
1052 http fetch GET 200 https://registry.npmjs.org/colorette 24ms (cache revalidated)
1053 silly packumentCache full:https://registry.npmjs.org/colorette set size:92733 disposed:false
1054 silly fetch manifest ipaddr.js@^2.1.0
1055 silly packumentCache full:https://registry.npmjs.org/ipaddr.js cache-miss
1056 http fetch GET 200 https://registry.npmjs.org/ipaddr.js 24ms (cache revalidated)
1057 silly packumentCache full:https://registry.npmjs.org/ipaddr.js set size:67857 disposed:false
1058 silly fetch manifest selfsigned@^5.5.0
1059 silly packumentCache full:https://registry.npmjs.org/selfsigned cache-miss
1060 http fetch GET 200 https://registry.npmjs.org/selfsigned 25ms (cache revalidated)
1061 silly packumentCache full:https://registry.npmjs.org/selfsigned set size:100477 disposed:false
1062 silly fetch manifest compression@^1.8.1
1063 silly packumentCache full:https://registry.npmjs.org/compression cache-miss
1064 http fetch GET 200 https://registry.npmjs.org/compression 20ms (cache revalidated)
1065 silly packumentCache full:https://registry.npmjs.org/compression set size:98467 disposed:false
1066 silly fetch manifest graceful-fs@^4.2.6
1067 silly packumentCache full:https://registry.npmjs.org/graceful-fs cache-hit
1068 silly fetch manifest serve-index@^1.9.1
1069 silly packumentCache full:https://registry.npmjs.org/serve-index cache-miss
1070 http fetch GET 200 https://registry.npmjs.org/serve-index 23ms (cache revalidated)
1071 silly packumentCache full:https://registry.npmjs.org/serve-index set size:70731 disposed:false
1072 silly fetch manifest schema-utils@^4.2.0
1073 silly packumentCache full:https://registry.npmjs.org/schema-utils cache-hit
1074 silly fetch manifest @types/sockjs@^0.3.36
1075 silly packumentCache full:https://registry.npmjs.org/@types%2fsockjs cache-miss
1076 http fetch GET 200 https://registry.npmjs.org/@types%2fsockjs 50ms (cache revalidated)
1077 silly packumentCache full:https://registry.npmjs.org/@types%2fsockjs set size:29384 disposed:false
1078 silly fetch manifest launch-editor@^2.6.1
1079 silly packumentCache full:https://registry.npmjs.org/launch-editor cache-miss
1080 http fetch GET 200 https://registry.npmjs.org/launch-editor 41ms (cache revalidated)
1081 silly packumentCache full:https://registry.npmjs.org/launch-editor set size:42095 disposed:false
1082 silly fetch manifest @types/bonjour@^3.5.13
1083 silly packumentCache full:https://registry.npmjs.org/@types%2fbonjour cache-miss
1084 http fetch GET 200 https://registry.npmjs.org/@types%2fbonjour 281ms (cache revalidated)
1085 silly packumentCache full:https://registry.npmjs.org/@types%2fbonjour set size:24290 disposed:false
1086 silly fetch manifest @types/express@^4.17.25
1087 silly packumentCache full:https://registry.npmjs.org/@types%2fexpress cache-miss
1088 http fetch GET 200 https://registry.npmjs.org/@types%2fexpress 31ms (cache revalidated)
1089 silly packumentCache full:https://registry.npmjs.org/@types%2fexpress set size:111364 disposed:false
1090 silly fetch manifest bonjour-service@^1.2.1
1091 silly packumentCache full:https://registry.npmjs.org/bonjour-service cache-miss
1092 http fetch GET 200 https://registry.npmjs.org/bonjour-service 22ms (cache revalidated)
1093 silly packumentCache full:https://registry.npmjs.org/bonjour-service set size:59755 disposed:false
1094 silly fetch manifest @types/serve-index@^1.9.4
1095 silly packumentCache full:https://registry.npmjs.org/@types%2fserve-index cache-miss
1096 http fetch GET 200 https://registry.npmjs.org/@types%2fserve-index 281ms (cache revalidated)
1097 silly packumentCache full:https://registry.npmjs.org/@types%2fserve-index set size:29301 disposed:false
1098 silly fetch manifest @types/serve-static@^1.15.5
1099 silly packumentCache full:https://registry.npmjs.org/@types%2fserve-static cache-miss
1100 http fetch GET 200 https://registry.npmjs.org/@types%2fserve-static 31ms (cache revalidated)
1101 silly packumentCache full:https://registry.npmjs.org/@types%2fserve-static set size:70859 disposed:false
1102 silly fetch manifest ansi-html-community@^0.0.8
1103 silly packumentCache full:https://registry.npmjs.org/ansi-html-community cache-miss
1104 http fetch GET 200 https://registry.npmjs.org/ansi-html-community 32ms (cache revalidated)
1105 silly packumentCache full:https://registry.npmjs.org/ansi-html-community set size:4862 disposed:false
1106 silly fetch manifest http-proxy-middleware@^2.0.9
1107 silly packumentCache full:https://registry.npmjs.org/http-proxy-middleware cache-miss
1108 http fetch GET 200 https://registry.npmjs.org/http-proxy-middleware 28ms (cache revalidated)
1109 silly packumentCache full:https://registry.npmjs.org/http-proxy-middleware set size:316066 disposed:false
1110 silly fetch manifest webpack-dev-middleware@^7.4.2
1111 silly packumentCache full:https://registry.npmjs.org/webpack-dev-middleware cache-miss
1112 http fetch GET 200 https://registry.npmjs.org/webpack-dev-middleware 27ms (cache revalidated)
1113 silly packumentCache full:https://registry.npmjs.org/webpack-dev-middleware set size:374569 disposed:false
1114 silly fetch manifest connect-history-api-fallback@^2.0.0
1115 silly packumentCache full:https://registry.npmjs.org/connect-history-api-fallback cache-miss
1116 http fetch GET 200 https://registry.npmjs.org/connect-history-api-fallback 27ms (cache revalidated)
1117 silly packumentCache full:https://registry.npmjs.org/connect-history-api-fallback set size:30068 disposed:false
1118 silly fetch manifest @types/express-serve-static-core@^4.17.21
1119 silly packumentCache full:https://registry.npmjs.org/@types%2fexpress-serve-static-core cache-miss
1120 http fetch GET 200 https://registry.npmjs.org/@types%2fexpress-serve-static-core 34ms (cache revalidated)
1121 silly packumentCache full:https://registry.npmjs.org/@types%2fexpress-serve-static-core set size:264345 disposed:false
1122 silly fetch manifest @types/connect-history-api-fallback@^1.5.4
1123 silly packumentCache full:https://registry.npmjs.org/@types%2fconnect-history-api-fallback cache-miss
1124 http fetch GET 200 https://registry.npmjs.org/@types%2fconnect-history-api-fallback 35ms (cache revalidated)
1125 silly packumentCache full:https://registry.npmjs.org/@types%2fconnect-history-api-fallback set size:23738 disposed:false
1126 silly fetch manifest flat@^5.0.2
1127 silly packumentCache full:https://registry.npmjs.org/flat cache-miss
1128 http fetch GET 200 https://registry.npmjs.org/flat 31ms (cache revalidated)
1129 silly packumentCache full:https://registry.npmjs.org/flat set size:56541 disposed:false
1130 silly fetch manifest wildcard@^2.0.1
1131 silly packumentCache full:https://registry.npmjs.org/wildcard cache-miss
1132 http fetch GET 200 https://registry.npmjs.org/wildcard 285ms (cache revalidated)
1133 silly packumentCache full:https://registry.npmjs.org/wildcard set size:20813 disposed:false
1134 silly fetch manifest clone-deep@^4.0.1
1135 silly packumentCache full:https://registry.npmjs.org/clone-deep cache-miss
1136 http fetch GET 200 https://registry.npmjs.org/clone-deep 25ms (cache revalidated)
1137 silly packumentCache full:https://registry.npmjs.org/clone-deep set size:38043 disposed:false
1138 silly placeDep ROOT @babel/core@7.29.0 OK for: @docusaurus/babel@3.9.2 want: ^7.25.9
1139 silly placeDep ROOT @babel/generator@7.29.1 OK for: @docusaurus/babel@3.9.2 want: ^7.25.9
1140 silly placeDep ROOT @babel/plugin-syntax-dynamic-import@7.8.3 OK for: @docusaurus/babel@3.9.2 want: ^7.8.3
1141 silly placeDep ROOT @babel/plugin-transform-runtime@7.29.0 OK for: @docusaurus/babel@3.9.2 want: ^7.25.9
1142 silly placeDep ROOT @babel/preset-env@7.29.2 OK for: @docusaurus/babel@3.9.2 want: ^7.25.9
1143 silly placeDep ROOT @babel/preset-react@7.28.5 OK for: @docusaurus/babel@3.9.2 want: ^7.25.9
1144 silly placeDep ROOT @babel/preset-typescript@7.28.5 OK for: @docusaurus/babel@3.9.2 want: ^7.25.9
1145 silly placeDep ROOT @babel/runtime@7.29.2 OK for: @docusaurus/babel@3.9.2 want: ^7.25.9
1146 silly placeDep ROOT @babel/runtime-corejs3@7.29.2 OK for: @docusaurus/babel@3.9.2 want: ^7.25.9
1147 silly placeDep ROOT @babel/traverse@7.29.0 OK for: @docusaurus/babel@3.9.2 want: ^7.25.9
1148 silly placeDep ROOT babel-plugin-dynamic-import-node@2.3.3 OK for: @docusaurus/babel@3.9.2 want: ^2.3.3
1149 silly fetch manifest debug@^4.1.0
1150 silly packumentCache full:https://registry.npmjs.org/debug cache-hit
1151 silly fetch manifest json5@^2.2.3
1152 silly packumentCache full:https://registry.npmjs.org/json5 cache-miss
1153 http fetch GET 200 https://registry.npmjs.org/json5 23ms (cache revalidated)
1154 silly packumentCache full:https://registry.npmjs.org/json5 set size:86136 disposed:false
1155 silly fetch manifest semver@^6.3.1
1156 silly packumentCache full:https://registry.npmjs.org/semver cache-hit
1157 silly fetch manifest gensync@^1.0.0-beta.2
1158 silly packumentCache full:https://registry.npmjs.org/gensync cache-miss
1159 http fetch GET 200 https://registry.npmjs.org/gensync 2467ms (cache revalidated)
1160 silly packumentCache full:https://registry.npmjs.org/gensync set size:15068 disposed:false
1161 silly fetch manifest @babel/types@^7.29.0
1162 silly packumentCache full:https://registry.npmjs.org/@babel%2ftypes cache-miss
1163 http fetch GET 200 https://registry.npmjs.org/@babel%2ftypes 28ms (cache revalidated)
1164 silly packumentCache full:https://registry.npmjs.org/@babel%2ftypes set size:487885 disposed:false
1165 silly fetch manifest @babel/parser@^7.29.0
1166 silly packumentCache full:https://registry.npmjs.org/@babel%2fparser cache-miss
1167 http fetch GET 200 https://registry.npmjs.org/@babel%2fparser 323ms (cache revalidated)
1168 silly packumentCache full:https://registry.npmjs.org/@babel%2fparser set size:718758 disposed:false
1169 silly fetch manifest @babel/helpers@^7.28.6
1170 silly packumentCache full:https://registry.npmjs.org/@babel%2fhelpers cache-miss
1171 http fetch GET 200 https://registry.npmjs.org/@babel%2fhelpers 1125ms (cache revalidated)
1172 silly packumentCache full:https://registry.npmjs.org/@babel%2fhelpers set size:388224 disposed:false
1173 silly fetch manifest @babel/template@^7.28.6
1174 silly packumentCache full:https://registry.npmjs.org/@babel%2ftemplate cache-miss
1175 http fetch GET 200 https://registry.npmjs.org/@babel%2ftemplate 1066ms (cache revalidated)
1176 silly packumentCache full:https://registry.npmjs.org/@babel%2ftemplate set size:227169 disposed:false
1177 silly fetch manifest @babel/traverse@^7.29.0
1178 silly packumentCache full:https://registry.npmjs.org/@babel%2ftraverse cache-hit
1179 silly fetch manifest @babel/generator@^7.29.0
1180 silly packumentCache full:https://registry.npmjs.org/@babel%2fgenerator cache-hit
1181 silly fetch manifest @babel/code-frame@^7.29.0
1182 silly packumentCache full:https://registry.npmjs.org/@babel%2fcode-frame cache-miss
1183 http fetch GET 200 https://registry.npmjs.org/@babel%2fcode-frame 5ms (cache hit)
1184 silly packumentCache full:https://registry.npmjs.org/@babel%2fcode-frame set size:196196 disposed:false
1185 silly fetch manifest convert-source-map@^2.0.0
1186 silly packumentCache full:https://registry.npmjs.org/convert-source-map cache-miss
1187 http fetch GET 200 https://registry.npmjs.org/convert-source-map 3ms (cache hit)
1188 silly packumentCache full:https://registry.npmjs.org/convert-source-map set size:66997 disposed:false
1189 silly fetch manifest @jridgewell/remapping@^2.3.5
1190 silly packumentCache full:https://registry.npmjs.org/@jridgewell%2fremapping cache-miss
1191 http fetch GET 200 https://registry.npmjs.org/@jridgewell%2fremapping 3ms (cache hit)
1192 silly packumentCache full:https://registry.npmjs.org/@jridgewell%2fremapping set size:23809 disposed:false
1193 silly fetch manifest @babel/helper-module-transforms@^7.28.6
1194 silly packumentCache full:https://registry.npmjs.org/@babel%2fhelper-module-transforms cache-miss
1195 http fetch GET 200 https://registry.npmjs.org/@babel%2fhelper-module-transforms 3ms (cache hit)
1196 silly packumentCache full:https://registry.npmjs.org/@babel%2fhelper-module-transforms set size:333553 disposed:false
1197 silly fetch manifest @babel/helper-compilation-targets@^7.28.6
1198 silly packumentCache full:https://registry.npmjs.org/@babel%2fhelper-compilation-targets cache-miss
1199 http fetch GET 200 https://registry.npmjs.org/@babel%2fhelper-compilation-targets 3ms (cache hit)
1200 silly packumentCache full:https://registry.npmjs.org/@babel%2fhelper-compilation-targets set size:218757 disposed:false
1201 silly fetch manifest jsesc@^3.0.2
1202 silly packumentCache full:https://registry.npmjs.org/jsesc cache-miss
1203 http fetch GET 200 https://registry.npmjs.org/jsesc 2ms (cache hit)
1204 silly packumentCache full:https://registry.npmjs.org/jsesc set size:61512 disposed:false
1205 silly fetch manifest @jridgewell/gen-mapping@^0.3.12
1206 silly packumentCache full:https://registry.npmjs.org/@jridgewell%2fgen-mapping cache-miss
1207 http fetch GET 200 https://registry.npmjs.org/@jridgewell%2fgen-mapping 2ms (cache hit)
1208 silly packumentCache full:https://registry.npmjs.org/@jridgewell%2fgen-mapping set size:80719 disposed:false
1209 silly fetch manifest @jridgewell/trace-mapping@^0.3.28
1210 silly packumentCache full:https://registry.npmjs.org/@jridgewell%2ftrace-mapping cache-miss
1211 http fetch GET 200 https://registry.npmjs.org/@jridgewell%2ftrace-mapping 2ms (cache hit)
1212 silly packumentCache full:https://registry.npmjs.org/@jridgewell%2ftrace-mapping set size:170909 disposed:false
1213 silly fetch manifest @babel/helper-plugin-utils@^7.8.0
1214 silly packumentCache full:https://registry.npmjs.org/@babel%2fhelper-plugin-utils cache-miss
1215 http fetch GET 200 https://registry.npmjs.org/@babel%2fhelper-plugin-utils 2ms (cache hit)
1216 silly packumentCache full:https://registry.npmjs.org/@babel%2fhelper-plugin-utils set size:163951 disposed:false
1217 silly fetch manifest @babel/helper-plugin-utils@^7.28.6
1218 silly packumentCache full:https://registry.npmjs.org/@babel%2fhelper-plugin-utils cache-hit
1219 silly fetch manifest @babel/helper-module-imports@^7.28.6
1220 silly packumentCache full:https://registry.npmjs.org/@babel%2fhelper-module-imports cache-miss
1221 http fetch GET 200 https://registry.npmjs.org/@babel%2fhelper-module-imports 2ms (cache hit)
1222 silly packumentCache full:https://registry.npmjs.org/@babel%2fhelper-module-imports set size:193449 disposed:false
1223 silly fetch manifest babel-plugin-polyfill-corejs2@^0.4.14
1224 silly packumentCache full:https://registry.npmjs.org/babel-plugin-polyfill-corejs2 cache-miss
1225 http fetch GET 200 https://registry.npmjs.org/babel-plugin-polyfill-corejs2 38ms (cache hit)
1226 silly packumentCache full:https://registry.npmjs.org/babel-plugin-polyfill-corejs2 set size:116417 disposed:false
1227 silly fetch manifest babel-plugin-polyfill-corejs3@^0.13.0
1228 silly packumentCache full:https://registry.npmjs.org/babel-plugin-polyfill-corejs3 cache-miss
1229 http fetch GET 200 https://registry.npmjs.org/babel-plugin-polyfill-corejs3 2ms (cache hit)
1230 silly packumentCache full:https://registry.npmjs.org/babel-plugin-polyfill-corejs3 set size:147605 disposed:false
1231 silly fetch manifest babel-plugin-polyfill-regenerator@^0.6.5
1232 silly packumentCache full:https://registry.npmjs.org/babel-plugin-polyfill-regenerator cache-miss
1233 http fetch GET 200 https://registry.npmjs.org/babel-plugin-polyfill-regenerator 2ms (cache hit)
1234 silly packumentCache full:https://registry.npmjs.org/babel-plugin-polyfill-regenerator set size:95269 disposed:false
1235 silly fetch manifest @babel/compat-data@^7.29.0
1236 silly packumentCache full:https://registry.npmjs.org/@babel%2fcompat-data cache-miss
1237 http fetch GET 200 https://registry.npmjs.org/@babel%2fcompat-data 2ms (cache hit)
1238 silly packumentCache full:https://registry.npmjs.org/@babel%2fcompat-data set size:305632 disposed:false
1239 silly fetch manifest @babel/helper-validator-option@^7.27.1
1240 silly packumentCache full:https://registry.npmjs.org/@babel%2fhelper-validator-option cache-miss
1241 http fetch GET 200 https://registry.npmjs.org/@babel%2fhelper-validator-option 2ms (cache hit)
1242 silly packumentCache full:https://registry.npmjs.org/@babel%2fhelper-validator-option set size:92248 disposed:false
1243 silly fetch manifest @babel/plugin-bugfix-firefox-class-in-computed-class-key@^7.28.5
1244 silly packumentCache full:https://registry.npmjs.org/@babel%2fplugin-bugfix-firefox-class-in-computed-class-key cache-miss
1245 http fetch GET 200 https://registry.npmjs.org/@babel%2fplugin-bugfix-firefox-class-in-computed-class-key 4ms (cache hit)
1246 silly packumentCache full:https://registry.npmjs.org/@babel%2fplugin-bugfix-firefox-class-in-computed-class-key set size:64505 disposed:false
1247 silly fetch manifest @babel/plugin-bugfix-safari-class-field-initializer-scope@^7.27.1
1248 silly packumentCache full:https://registry.npmjs.org/@babel%2fplugin-bugfix-safari-class-field-initializer-scope cache-miss
1249 http fetch GET 200 https://registry.npmjs.org/@babel%2fplugin-bugfix-safari-class-field-initializer-scope 1ms (cache hit)
1250 silly packumentCache full:https://registry.npmjs.org/@babel%2fplugin-bugfix-safari-class-field-initializer-scope set size:41504 disposed:false
1251 silly fetch manifest @babel/plugin-bugfix-safari-id-destructuring-collision-in-function-expression@^7.27.1
1252 silly packumentCache full:https://registry.npmjs.org/@babel%2fplugin-bugfix-safari-id-destructuring-collision-in-function-expression cache-miss
1253 http fetch GET 200 https://registry.npmjs.org/@babel%2fplugin-bugfix-safari-id-destructuring-collision-in-function-expression 2ms (cache hit)
1254 silly packumentCache full:https://registry.npmjs.org/@babel%2fplugin-bugfix-safari-id-destructuring-collision-in-function-expression set size:118949 disposed:false
1255 silly fetch manifest @babel/plugin-bugfix-v8-spread-parameters-in-optional-chaining@^7.27.1
1256 silly packumentCache full:https://registry.npmjs.org/@babel%2fplugin-bugfix-v8-spread-parameters-in-optional-chaining cache-miss
1257 http fetch GET 200 https://registry.npmjs.org/@babel%2fplugin-bugfix-v8-spread-parameters-in-optional-chaining 2ms (cache hit)
1258 silly packumentCache full:https://registry.npmjs.org/@babel%2fplugin-bugfix-v8-spread-parameters-in-optional-chaining set size:133975 disposed:false
1259 silly fetch manifest @babel/plugin-bugfix-v8-static-class-fields-redefine-readonly@^7.28.6
1260 silly packumentCache full:https://registry.npmjs.org/@babel%2fplugin-bugfix-v8-static-class-fields-redefine-readonly cache-miss
1261 http fetch GET 200 https://registry.npmjs.org/@babel%2fplugin-bugfix-v8-static-class-fields-redefine-readonly 3ms (cache hit)
1262 silly packumentCache full:https://registry.npmjs.org/@babel%2fplugin-bugfix-v8-static-class-fields-redefine-readonly set size:73973 disposed:false
1263 silly fetch manifest @babel/plugin-proposal-private-property-in-object@7.21.0-placeholder-for-preset-env.2
1264 silly packumentCache full:https://registry.npmjs.org/@babel%2fplugin-proposal-private-property-in-object cache-miss
1265 http fetch GET 200 https://registry.npmjs.org/@babel%2fplugin-proposal-private-property-in-object 2ms (cache hit)
1266 silly packumentCache full:https://registry.npmjs.org/@babel%2fplugin-proposal-private-property-in-object set size:80252 disposed:false
1267 silly fetch manifest @babel/plugin-syntax-import-assertions@^7.28.6
1268 silly packumentCache full:https://registry.npmjs.org/@babel%2fplugin-syntax-import-assertions cache-miss
1269 http fetch GET 200 https://registry.npmjs.org/@babel%2fplugin-syntax-import-assertions 2ms (cache hit)
1270 silly packumentCache full:https://registry.npmjs.org/@babel%2fplugin-syntax-import-assertions set size:103172 disposed:false
1271 silly fetch manifest @babel/plugin-syntax-import-attributes@^7.28.6
1272 silly packumentCache full:https://registry.npmjs.org/@babel%2fplugin-syntax-import-attributes cache-miss
1273 http fetch GET 200 https://registry.npmjs.org/@babel%2fplugin-syntax-import-attributes 2ms (cache hit)
1274 silly packumentCache full:https://registry.npmjs.org/@babel%2fplugin-syntax-import-attributes set size:71194 disposed:false
1275 silly fetch manifest @babel/plugin-syntax-unicode-sets-regex@^7.18.6
1276 silly packumentCache full:https://registry.npmjs.org/@babel%2fplugin-syntax-unicode-sets-regex cache-miss
1277 http fetch GET 200 https://registry.npmjs.org/@babel%2fplugin-syntax-unicode-sets-regex 1ms (cache hit)
1278 silly packumentCache full:https://registry.npmjs.org/@babel%2fplugin-syntax-unicode-sets-regex set size:22903 disposed:false
1279 silly fetch manifest @babel/plugin-transform-arrow-functions@^7.27.1
1280 silly packumentCache full:https://registry.npmjs.org/@babel%2fplugin-transform-arrow-functions cache-miss
1281 http fetch GET 200 https://registry.npmjs.org/@babel%2fplugin-transform-arrow-functions 3ms (cache hit)
1282 silly packumentCache full:https://registry.npmjs.org/@babel%2fplugin-transform-arrow-functions set size:205700 disposed:false
1283 silly fetch manifest @babel/plugin-transform-async-generator-functions@^7.29.0
1284 silly packumentCache full:https://registry.npmjs.org/@babel%2fplugin-transform-async-generator-functions cache-miss
1285 http fetch GET 200 https://registry.npmjs.org/@babel%2fplugin-transform-async-generator-functions 1ms (cache hit)
1286 silly packumentCache full:https://registry.npmjs.org/@babel%2fplugin-transform-async-generator-functions set size:115661 disposed:false
1287 silly fetch manifest @babel/plugin-transform-async-to-generator@^7.28.6
1288 silly packumentCache full:https://registry.npmjs.org/@babel%2fplugin-transform-async-to-generator cache-miss
1289 http fetch GET 200 https://registry.npmjs.org/@babel%2fplugin-transform-async-to-generator 2ms (cache hit)
1290 silly packumentCache full:https://registry.npmjs.org/@babel%2fplugin-transform-async-to-generator set size:235159 disposed:false
1291 silly fetch manifest @babel/plugin-transform-block-scoped-functions@^7.27.1
1292 silly packumentCache full:https://registry.npmjs.org/@babel%2fplugin-transform-block-scoped-functions cache-miss
1293 http fetch GET 200 https://registry.npmjs.org/@babel%2fplugin-transform-block-scoped-functions 2ms (cache hit)
1294 silly packumentCache full:https://registry.npmjs.org/@babel%2fplugin-transform-block-scoped-functions set size:199948 disposed:false
1295 silly fetch manifest @babel/plugin-transform-block-scoping@^7.28.6
1296 silly packumentCache full:https://registry.npmjs.org/@babel%2fplugin-transform-block-scoping cache-miss
1297 http fetch GET 200 https://registry.npmjs.org/@babel%2fplugin-transform-block-scoping 30ms (cache hit)
1298 silly packumentCache full:https://registry.npmjs.org/@babel%2fplugin-transform-block-scoping set size:312769 disposed:false
1299 silly fetch manifest @babel/plugin-transform-class-properties@^7.28.6
1300 silly packumentCache full:https://registry.npmjs.org/@babel%2fplugin-transform-class-properties cache-miss
1301 http fetch GET 200 https://registry.npmjs.org/@babel%2fplugin-transform-class-properties 2ms (cache hit)
1302 silly packumentCache full:https://registry.npmjs.org/@babel%2fplugin-transform-class-properties set size:81346 disposed:false
1303 silly fetch manifest @babel/plugin-transform-class-static-block@^7.28.6
1304 silly packumentCache full:https://registry.npmjs.org/@babel%2fplugin-transform-class-static-block cache-miss
1305 http fetch GET 200 https://registry.npmjs.org/@babel%2fplugin-transform-class-static-block 2ms (cache hit)
1306 silly packumentCache full:https://registry.npmjs.org/@babel%2fplugin-transform-class-static-block set size:95182 disposed:false
1307 silly fetch manifest @babel/plugin-transform-classes@^7.28.6
1308 silly packumentCache full:https://registry.npmjs.org/@babel%2fplugin-transform-classes cache-miss
1309 http fetch GET 200 https://registry.npmjs.org/@babel%2fplugin-transform-classes 2ms (cache hit)
1310 silly packumentCache full:https://registry.npmjs.org/@babel%2fplugin-transform-classes set size:326173 disposed:false
1311 silly fetch manifest @babel/plugin-transform-computed-properties@^7.28.6
1312 silly packumentCache full:https://registry.npmjs.org/@babel%2fplugin-transform-computed-properties cache-miss
1313 http fetch GET 200 https://registry.npmjs.org/@babel%2fplugin-transform-computed-properties 2ms (cache hit)
1314 silly packumentCache full:https://registry.npmjs.org/@babel%2fplugin-transform-computed-properties set size:213271 disposed:false
1315 silly fetch manifest @babel/plugin-transform-destructuring@^7.28.5
1316 silly packumentCache full:https://registry.npmjs.org/@babel%2fplugin-transform-destructuring cache-miss
1317 http fetch GET 200 https://registry.npmjs.org/@babel%2fplugin-transform-destructuring 2ms (cache hit)
1318 silly packumentCache full:https://registry.npmjs.org/@babel%2fplugin-transform-destructuring set size:288677 disposed:false
1319 silly fetch manifest @babel/plugin-transform-dotall-regex@^7.28.6
1320 silly packumentCache full:https://registry.npmjs.org/@babel%2fplugin-transform-dotall-regex cache-miss
1321 http fetch GET 200 https://registry.npmjs.org/@babel%2fplugin-transform-dotall-regex 1ms (cache hit)
1322 silly packumentCache full:https://registry.npmjs.org/@babel%2fplugin-transform-dotall-regex set size:213255 disposed:false
1323 silly fetch manifest @babel/plugin-transform-duplicate-keys@^7.27.1
1324 silly packumentCache full:https://registry.npmjs.org/@babel%2fplugin-transform-duplicate-keys cache-miss
1325 http fetch GET 200 https://registry.npmjs.org/@babel%2fplugin-transform-duplicate-keys 2ms (cache hit)
1326 silly packumentCache full:https://registry.npmjs.org/@babel%2fplugin-transform-duplicate-keys set size:199790 disposed:false
1327 silly fetch manifest @babel/plugin-transform-duplicate-named-capturing-groups-regex@^7.29.0
1328 silly packumentCache full:https://registry.npmjs.org/@babel%2fplugin-transform-duplicate-named-capturing-groups-regex cache-miss
1329 http fetch GET 200 https://registry.npmjs.org/@babel%2fplugin-transform-duplicate-named-capturing-groups-regex 4ms (cache hit)
1330 silly packumentCache full:https://registry.npmjs.org/@babel%2fplugin-transform-duplicate-named-capturing-groups-regex set size:49242 disposed:false
1331 silly fetch manifest @babel/plugin-transform-dynamic-import@^7.27.1
1332 silly packumentCache full:https://registry.npmjs.org/@babel%2fplugin-transform-dynamic-import cache-miss
1333 http fetch GET 200 https://registry.npmjs.org/@babel%2fplugin-transform-dynamic-import 2ms (cache hit)
1334 silly packumentCache full:https://registry.npmjs.org/@babel%2fplugin-transform-dynamic-import set size:74250 disposed:false
1335 silly fetch manifest @babel/plugin-transform-explicit-resource-management@^7.28.6
1336 silly packumentCache full:https://registry.npmjs.org/@babel%2fplugin-transform-explicit-resource-management cache-miss
1337 http fetch GET 200 https://registry.npmjs.org/@babel%2fplugin-transform-explicit-resource-management 2ms (cache hit)
1338 silly packumentCache full:https://registry.npmjs.org/@babel%2fplugin-transform-explicit-resource-management set size:23278 disposed:false
1339 silly fetch manifest @babel/plugin-transform-exponentiation-operator@^7.28.6
1340 silly packumentCache full:https://registry.npmjs.org/@babel%2fplugin-transform-exponentiation-operator cache-miss
1341 http fetch GET 200 https://registry.npmjs.org/@babel%2fplugin-transform-exponentiation-operator 2ms (cache hit)
1342 silly packumentCache full:https://registry.npmjs.org/@babel%2fplugin-transform-exponentiation-operator set size:210129 disposed:false
1343 silly fetch manifest @babel/plugin-transform-export-namespace-from@^7.27.1
1344 silly packumentCache full:https://registry.npmjs.org/@babel%2fplugin-transform-export-namespace-from cache-miss
1345 http fetch GET 200 https://registry.npmjs.org/@babel%2fplugin-transform-export-namespace-from 2ms (cache hit)
1346 silly packumentCache full:https://registry.npmjs.org/@babel%2fplugin-transform-export-namespace-from set size:79709 disposed:false
1347 silly fetch manifest @babel/plugin-transform-for-of@^7.27.1
1348 silly packumentCache full:https://registry.npmjs.org/@babel%2fplugin-transform-for-of cache-miss
1349 http fetch GET 200 https://registry.npmjs.org/@babel%2fplugin-transform-for-of 5ms (cache hit)
1350 silly packumentCache full:https://registry.npmjs.org/@babel%2fplugin-transform-for-of set size:232987 disposed:false
1351 silly fetch manifest @babel/plugin-transform-function-name@^7.27.1
1352 silly packumentCache full:https://registry.npmjs.org/@babel%2fplugin-transform-function-name cache-miss
1353 http fetch GET 200 https://registry.npmjs.org/@babel%2fplugin-transform-function-name 2ms (cache hit)
1354 silly packumentCache full:https://registry.npmjs.org/@babel%2fplugin-transform-function-name set size:216895 disposed:false
1355 silly fetch manifest @babel/plugin-transform-json-strings@^7.28.6
1356 silly packumentCache full:https://registry.npmjs.org/@babel%2fplugin-transform-json-strings cache-miss
1357 http fetch GET 200 https://registry.npmjs.org/@babel%2fplugin-transform-json-strings 2ms (cache hit)
1358 silly packumentCache full:https://registry.npmjs.org/@babel%2fplugin-transform-json-strings set size:80617 disposed:false
1359 silly fetch manifest @babel/plugin-transform-literals@^7.27.1
1360 silly packumentCache full:https://registry.npmjs.org/@babel%2fplugin-transform-literals cache-miss
1361 http fetch GET 200 https://registry.npmjs.org/@babel%2fplugin-transform-literals 31ms (cache hit)
1362 silly packumentCache full:https://registry.npmjs.org/@babel%2fplugin-transform-literals set size:195330 disposed:false
1363 silly fetch manifest @babel/plugin-transform-logical-assignment-operators@^7.28.6
1364 silly packumentCache full:https://registry.npmjs.org/@babel%2fplugin-transform-logical-assignment-operators cache-miss
1365 http fetch GET 200 https://registry.npmjs.org/@babel%2fplugin-transform-logical-assignment-operators 2ms (cache hit)
1366 silly packumentCache full:https://registry.npmjs.org/@babel%2fplugin-transform-logical-assignment-operators set size:90500 disposed:false
1367 silly fetch manifest @babel/plugin-transform-member-expression-literals@^7.27.1
1368 silly packumentCache full:https://registry.npmjs.org/@babel%2fplugin-transform-member-expression-literals cache-miss
1369 http fetch GET 200 https://registry.npmjs.org/@babel%2fplugin-transform-member-expression-literals 1ms (cache hit)
1370 silly packumentCache full:https://registry.npmjs.org/@babel%2fplugin-transform-member-expression-literals set size:198348 disposed:false
1371 silly fetch manifest @babel/plugin-transform-modules-amd@^7.27.1
1372 silly packumentCache full:https://registry.npmjs.org/@babel%2fplugin-transform-modules-amd cache-miss
1373 http fetch GET 200 https://registry.npmjs.org/@babel%2fplugin-transform-modules-amd 2ms (cache hit)
1374 silly packumentCache full:https://registry.npmjs.org/@babel%2fplugin-transform-modules-amd set size:238430 disposed:false
1375 silly fetch manifest @babel/plugin-transform-modules-commonjs@^7.28.6
1376 silly packumentCache full:https://registry.npmjs.org/@babel%2fplugin-transform-modules-commonjs cache-miss
1377 http fetch GET 200 https://registry.npmjs.org/@babel%2fplugin-transform-modules-commonjs 2ms (cache hit)
1378 silly packumentCache full:https://registry.npmjs.org/@babel%2fplugin-transform-modules-commonjs set size:299727 disposed:false
1379 silly fetch manifest @babel/plugin-transform-modules-systemjs@^7.29.0
1380 silly packumentCache full:https://registry.npmjs.org/@babel%2fplugin-transform-modules-systemjs cache-miss
1381 http fetch GET 200 https://registry.npmjs.org/@babel%2fplugin-transform-modules-systemjs 3ms (cache hit)
1382 silly packumentCache full:https://registry.npmjs.org/@babel%2fplugin-transform-modules-systemjs set size:294479 disposed:false
1383 silly fetch manifest @babel/plugin-transform-modules-umd@^7.27.1
1384 silly packumentCache full:https://registry.npmjs.org/@babel%2fplugin-transform-modules-umd cache-miss
1385 http fetch GET 200 https://registry.npmjs.org/@babel%2fplugin-transform-modules-umd 2ms (cache hit)
1386 silly packumentCache full:https://registry.npmjs.org/@babel%2fplugin-transform-modules-umd set size:215745 disposed:false
1387 silly fetch manifest @babel/plugin-transform-named-capturing-groups-regex@^7.29.0
1388 silly packumentCache full:https://registry.npmjs.org/@babel%2fplugin-transform-named-capturing-groups-regex cache-miss
1389 http fetch GET 200 https://registry.npmjs.org/@babel%2fplugin-transform-named-capturing-groups-regex 2ms (cache hit)
1390 silly packumentCache full:https://registry.npmjs.org/@babel%2fplugin-transform-named-capturing-groups-regex set size:182298 disposed:false
1391 silly fetch manifest @babel/plugin-transform-new-target@^7.27.1
1392 silly packumentCache full:https://registry.npmjs.org/@babel%2fplugin-transform-new-target cache-miss
1393 http fetch GET 200 https://registry.npmjs.org/@babel%2fplugin-transform-new-target 3ms (cache hit)
1394 silly packumentCache full:https://registry.npmjs.org/@babel%2fplugin-transform-new-target set size:210493 disposed:false
1395 silly fetch manifest @babel/plugin-transform-nullish-coalescing-operator@^7.28.6
1396 silly packumentCache full:https://registry.npmjs.org/@babel%2fplugin-transform-nullish-coalescing-operator cache-miss
1397 http fetch GET 200 https://registry.npmjs.org/@babel%2fplugin-transform-nullish-coalescing-operator 2ms (cache hit)
1398 silly packumentCache full:https://registry.npmjs.org/@babel%2fplugin-transform-nullish-coalescing-operator set size:87324 disposed:false
1399 silly fetch manifest @babel/plugin-transform-numeric-separator@^7.28.6
1400 silly packumentCache full:https://registry.npmjs.org/@babel%2fplugin-transform-numeric-separator cache-miss
1401 http fetch GET 200 https://registry.npmjs.org/@babel%2fplugin-transform-numeric-separator 1ms (cache hit)
1402 silly packumentCache full:https://registry.npmjs.org/@babel%2fplugin-transform-numeric-separator set size:84467 disposed:false
1403 silly fetch manifest @babel/plugin-transform-object-rest-spread@^7.28.6
1404 silly packumentCache full:https://registry.npmjs.org/@babel%2fplugin-transform-object-rest-spread cache-miss
1405 http fetch GET 200 https://registry.npmjs.org/@babel%2fplugin-transform-object-rest-spread 1ms (cache hit)
1406 silly packumentCache full:https://registry.npmjs.org/@babel%2fplugin-transform-object-rest-spread set size:103914 disposed:false
1407 silly fetch manifest @babel/plugin-transform-object-super@^7.27.1
1408 silly packumentCache full:https://registry.npmjs.org/@babel%2fplugin-transform-object-super cache-miss
1409 http fetch GET 200 https://registry.npmjs.org/@babel%2fplugin-transform-object-super 2ms (cache hit)
1410 silly packumentCache full:https://registry.npmjs.org/@babel%2fplugin-transform-object-super set size:198898 disposed:false
1411 silly fetch manifest @babel/plugin-transform-optional-catch-binding@^7.28.6
1412 silly packumentCache full:https://registry.npmjs.org/@babel%2fplugin-transform-optional-catch-binding cache-miss
1413 http fetch GET 200 https://registry.npmjs.org/@babel%2fplugin-transform-optional-catch-binding 3ms (cache hit)
1414 silly packumentCache full:https://registry.npmjs.org/@babel%2fplugin-transform-optional-catch-binding set size:81867 disposed:false
1415 silly fetch manifest @babel/plugin-transform-optional-chaining@^7.28.6
1416 silly packumentCache full:https://registry.npmjs.org/@babel%2fplugin-transform-optional-chaining cache-miss
1417 http fetch GET 200 https://registry.npmjs.org/@babel%2fplugin-transform-optional-chaining 2ms (cache hit)
1418 silly packumentCache full:https://registry.npmjs.org/@babel%2fplugin-transform-optional-chaining set size:104559 disposed:false
1419 silly fetch manifest @babel/plugin-transform-parameters@^7.27.7
1420 silly packumentCache full:https://registry.npmjs.org/@babel%2fplugin-transform-parameters cache-miss
1421 http fetch GET 200 https://registry.npmjs.org/@babel%2fplugin-transform-parameters 2ms (cache hit)
1422 silly packumentCache full:https://registry.npmjs.org/@babel%2fplugin-transform-parameters set size:269382 disposed:false
1423 silly fetch manifest @babel/plugin-transform-private-methods@^7.28.6
1424 silly packumentCache full:https://registry.npmjs.org/@babel%2fplugin-transform-private-methods cache-miss
1425 http fetch GET 200 https://registry.npmjs.org/@babel%2fplugin-transform-private-methods 2ms (cache hit)
1426 silly packumentCache full:https://registry.npmjs.org/@babel%2fplugin-transform-private-methods set size:78343 disposed:false
1427 silly fetch manifest @babel/plugin-transform-private-property-in-object@^7.28.6
1428 silly packumentCache full:https://registry.npmjs.org/@babel%2fplugin-transform-private-property-in-object cache-miss
1429 http fetch GET 200 https://registry.npmjs.org/@babel%2fplugin-transform-private-property-in-object 2ms (cache hit)
1430 silly packumentCache full:https://registry.npmjs.org/@babel%2fplugin-transform-private-property-in-object set size:90853 disposed:false
1431 silly fetch manifest @babel/plugin-transform-property-literals@^7.27.1
1432 silly packumentCache full:https://registry.npmjs.org/@babel%2fplugin-transform-property-literals cache-miss
1433 http fetch GET 200 https://registry.npmjs.org/@babel%2fplugin-transform-property-literals 2ms (cache hit)
1434 silly packumentCache full:https://registry.npmjs.org/@babel%2fplugin-transform-property-literals set size:193530 disposed:false
1435 silly fetch manifest @babel/plugin-transform-regenerator@^7.29.0
1436 silly packumentCache full:https://registry.npmjs.org/@babel%2fplugin-transform-regenerator cache-miss
1437 http fetch GET 200 https://registry.npmjs.org/@babel%2fplugin-transform-regenerator 2ms (cache hit)
1438 silly packumentCache full:https://registry.npmjs.org/@babel%2fplugin-transform-regenerator set size:264228 disposed:false
1439 silly fetch manifest @babel/plugin-transform-regexp-modifiers@^7.28.6
1440 silly packumentCache full:https://registry.npmjs.org/@babel%2fplugin-transform-regexp-modifiers cache-miss
1441 http fetch GET 200 https://registry.npmjs.org/@babel%2fplugin-transform-regexp-modifiers 2ms (cache hit)
1442 silly packumentCache full:https://registry.npmjs.org/@babel%2fplugin-transform-regexp-modifiers set size:35550 disposed:false
1443 silly fetch manifest @babel/plugin-transform-reserved-words@^7.27.1
1444 silly packumentCache full:https://registry.npmjs.org/@babel%2fplugin-transform-reserved-words cache-miss
1445 http fetch GET 200 https://registry.npmjs.org/@babel%2fplugin-transform-reserved-words 3ms (cache hit)
1446 silly packumentCache full:https://registry.npmjs.org/@babel%2fplugin-transform-reserved-words set size:192683 disposed:false
1447 silly fetch manifest @babel/plugin-transform-shorthand-properties@^7.27.1
1448 silly packumentCache full:https://registry.npmjs.org/@babel%2fplugin-transform-shorthand-properties cache-miss
1449 http fetch GET 200 https://registry.npmjs.org/@babel%2fplugin-transform-shorthand-properties 2ms (cache hit)
1450 silly packumentCache full:https://registry.npmjs.org/@babel%2fplugin-transform-shorthand-properties set size:193713 disposed:false
1451 silly fetch manifest @babel/plugin-transform-spread@^7.28.6
1452 silly packumentCache full:https://registry.npmjs.org/@babel%2fplugin-transform-spread cache-miss
1453 http fetch GET 200 https://registry.npmjs.org/@babel%2fplugin-transform-spread 1ms (cache hit)
1454 silly packumentCache full:https://registry.npmjs.org/@babel%2fplugin-transform-spread set size:219841 disposed:false
1455 silly fetch manifest @babel/plugin-transform-sticky-regex@^7.27.1
1456 silly packumentCache full:https://registry.npmjs.org/@babel%2fplugin-transform-sticky-regex cache-miss
1457 http fetch GET 200 https://registry.npmjs.org/@babel%2fplugin-transform-sticky-regex 2ms (cache hit)
1458 silly packumentCache full:https://registry.npmjs.org/@babel%2fplugin-transform-sticky-regex set size:194701 disposed:false
1459 silly fetch manifest @babel/plugin-transform-template-literals@^7.27.1
1460 silly packumentCache full:https://registry.npmjs.org/@babel%2fplugin-transform-template-literals cache-miss
1461 http fetch GET 200 https://registry.npmjs.org/@babel%2fplugin-transform-template-literals 3ms (cache hit)
1462 silly packumentCache full:https://registry.npmjs.org/@babel%2fplugin-transform-template-literals set size:216465 disposed:false
1463 silly fetch manifest @babel/plugin-transform-typeof-symbol@^7.27.1
1464 silly packumentCache full:https://registry.npmjs.org/@babel%2fplugin-transform-typeof-symbol cache-miss
1465 http fetch GET 200 https://registry.npmjs.org/@babel%2fplugin-transform-typeof-symbol 2ms (cache hit)
1466 silly packumentCache full:https://registry.npmjs.org/@babel%2fplugin-transform-typeof-symbol set size:222503 disposed:false
1467 silly fetch manifest @babel/plugin-transform-unicode-escapes@^7.27.1
1468 silly packumentCache full:https://registry.npmjs.org/@babel%2fplugin-transform-unicode-escapes cache-miss
1469 http fetch GET 200 https://registry.npmjs.org/@babel%2fplugin-transform-unicode-escapes 2ms (cache hit)
1470 silly packumentCache full:https://registry.npmjs.org/@babel%2fplugin-transform-unicode-escapes set size:117117 disposed:false
1471 silly fetch manifest @babel/plugin-transform-unicode-property-regex@^7.28.6
1472 silly packumentCache full:https://registry.npmjs.org/@babel%2fplugin-transform-unicode-property-regex cache-miss
1473 http fetch GET 200 https://registry.npmjs.org/@babel%2fplugin-transform-unicode-property-regex 1ms (cache hit)
1474 silly packumentCache full:https://registry.npmjs.org/@babel%2fplugin-transform-unicode-property-regex set size:83795 disposed:false
1475 silly fetch manifest @babel/plugin-transform-unicode-regex@^7.27.1
1476 silly packumentCache full:https://registry.npmjs.org/@babel%2fplugin-transform-unicode-regex cache-miss
1477 http fetch GET 200 https://registry.npmjs.org/@babel%2fplugin-transform-unicode-regex 3ms (cache hit)
1478 silly packumentCache full:https://registry.npmjs.org/@babel%2fplugin-transform-unicode-regex set size:207625 disposed:false
1479 silly fetch manifest @babel/plugin-transform-unicode-sets-regex@^7.28.6
1480 silly packumentCache full:https://registry.npmjs.org/@babel%2fplugin-transform-unicode-sets-regex cache-miss
1481 http fetch GET 200 https://registry.npmjs.org/@babel%2fplugin-transform-unicode-sets-regex 1ms (cache hit)
1482 silly packumentCache full:https://registry.npmjs.org/@babel%2fplugin-transform-unicode-sets-regex set size:86161 disposed:false
1483 silly fetch manifest @babel/preset-modules@0.1.6-no-external-plugins
1484 silly packumentCache full:https://registry.npmjs.org/@babel%2fpreset-modules cache-miss
1485 http fetch GET 200 https://registry.npmjs.org/@babel%2fpreset-modules 2ms (cache hit)
1486 silly packumentCache full:https://registry.npmjs.org/@babel%2fpreset-modules set size:44565 disposed:false
1487 silly fetch manifest babel-plugin-polyfill-corejs2@^0.4.15
1488 silly packumentCache full:https://registry.npmjs.org/babel-plugin-polyfill-corejs2 cache-hit
1489 silly fetch manifest babel-plugin-polyfill-corejs3@^0.14.0
1490 silly packumentCache full:https://registry.npmjs.org/babel-plugin-polyfill-corejs3 cache-hit
1491 silly fetch manifest babel-plugin-polyfill-regenerator@^0.6.6
1492 silly packumentCache full:https://registry.npmjs.org/babel-plugin-polyfill-regenerator cache-hit
1493 silly fetch manifest core-js-compat@^3.48.0
1494 silly packumentCache full:https://registry.npmjs.org/core-js-compat cache-miss
1495 http fetch GET 200 https://registry.npmjs.org/core-js-compat 2ms (cache hit)
1496 silly packumentCache full:https://registry.npmjs.org/core-js-compat set size:345744 disposed:false
1497 silly fetch manifest @babel/helper-plugin-utils@^7.27.1
1498 silly packumentCache full:https://registry.npmjs.org/@babel%2fhelper-plugin-utils cache-hit
1499 silly fetch manifest @babel/plugin-transform-react-jsx@^7.27.1
1500 silly packumentCache full:https://registry.npmjs.org/@babel%2fplugin-transform-react-jsx cache-miss
1501 http fetch GET 200 https://registry.npmjs.org/@babel%2fplugin-transform-react-jsx 3ms (cache hit)
1502 silly packumentCache full:https://registry.npmjs.org/@babel%2fplugin-transform-react-jsx set size:284411 disposed:false
1503 silly fetch manifest @babel/plugin-transform-react-display-name@^7.28.0
1504 silly packumentCache full:https://registry.npmjs.org/@babel%2fplugin-transform-react-display-name cache-miss
1505 http fetch GET 200 https://registry.npmjs.org/@babel%2fplugin-transform-react-display-name 2ms (cache hit)
1506 silly packumentCache full:https://registry.npmjs.org/@babel%2fplugin-transform-react-display-name set size:205760 disposed:false
1507 silly fetch manifest @babel/plugin-transform-react-jsx-development@^7.27.1
1508 silly packumentCache full:https://registry.npmjs.org/@babel%2fplugin-transform-react-jsx-development cache-miss
1509 http fetch GET 200 https://registry.npmjs.org/@babel%2fplugin-transform-react-jsx-development 2ms (cache hit)
1510 silly packumentCache full:https://registry.npmjs.org/@babel%2fplugin-transform-react-jsx-development set size:122283 disposed:false
1511 silly fetch manifest @babel/plugin-transform-react-pure-annotations@^7.27.1
1512 silly packumentCache full:https://registry.npmjs.org/@babel%2fplugin-transform-react-pure-annotations cache-miss
1513 http fetch GET 200 https://registry.npmjs.org/@babel%2fplugin-transform-react-pure-annotations 1ms (cache hit)
1514 silly packumentCache full:https://registry.npmjs.org/@babel%2fplugin-transform-react-pure-annotations set size:114282 disposed:false
1515 silly fetch manifest @babel/plugin-syntax-jsx@^7.27.1
1516 silly packumentCache full:https://registry.npmjs.org/@babel%2fplugin-syntax-jsx cache-miss
1517 http fetch GET 200 https://registry.npmjs.org/@babel%2fplugin-syntax-jsx 3ms (cache hit)
1518 silly packumentCache full:https://registry.npmjs.org/@babel%2fplugin-syntax-jsx set size:182973 disposed:false
1519 silly fetch manifest @babel/plugin-transform-typescript@^7.28.5
1520 silly packumentCache full:https://registry.npmjs.org/@babel%2fplugin-transform-typescript cache-miss
1521 http fetch GET 200 https://registry.npmjs.org/@babel%2fplugin-transform-typescript 2ms (cache hit)
1522 silly packumentCache full:https://registry.npmjs.org/@babel%2fplugin-transform-typescript set size:388299 disposed:false
1523 silly fetch manifest @babel/plugin-transform-modules-commonjs@^7.27.1
1524 silly packumentCache full:https://registry.npmjs.org/@babel%2fplugin-transform-modules-commonjs cache-hit
1525 silly fetch manifest core-js-pure@^3.48.0
1526 silly packumentCache full:https://registry.npmjs.org/core-js-pure cache-miss
1527 http fetch GET 200 https://registry.npmjs.org/core-js-pure 3ms (cache hit)
1528 silly packumentCache full:https://registry.npmjs.org/core-js-pure set size:476031 disposed:false
1529 silly fetch manifest debug@^4.3.1
1530 silly packumentCache full:https://registry.npmjs.org/debug cache-hit
1531 silly fetch manifest @babel/helper-globals@^7.28.0
1532 silly packumentCache full:https://registry.npmjs.org/@babel%2fhelper-globals cache-miss
1533 http fetch GET 200 https://registry.npmjs.org/@babel%2fhelper-globals 3ms (cache hit)
1534 silly packumentCache full:https://registry.npmjs.org/@babel%2fhelper-globals set size:15475 disposed:false
1535 silly fetch manifest object.assign@^4.1.0
1536 silly packumentCache full:https://registry.npmjs.org/object.assign cache-miss
1537 http fetch GET 200 https://registry.npmjs.org/object.assign 2ms (cache hit)
1538 silly packumentCache full:https://registry.npmjs.org/object.assign set size:85907 disposed:false
1539 silly placeDep ROOT @babel/code-frame@7.29.0 OK for: @babel/core@7.29.0 want: ^7.29.0
1540 silly placeDep ROOT @babel/helper-compilation-targets@7.28.6 OK for: @babel/core@7.29.0 want: ^7.28.6
1541 silly placeDep ROOT @babel/helper-module-transforms@7.28.6 OK for: @babel/core@7.29.0 want: ^7.28.6
1542 silly placeDep ROOT @babel/helpers@7.29.2 OK for: @babel/core@7.29.0 want: ^7.28.6
1543 silly placeDep ROOT @babel/parser@7.29.2 OK for: @babel/core@7.29.0 want: ^7.29.0
1544 silly placeDep ROOT @babel/template@7.28.6 OK for: @babel/core@7.29.0 want: ^7.28.6
1545 silly placeDep ROOT @babel/types@7.29.0 OK for: @babel/core@7.29.0 want: ^7.29.0
1546 silly placeDep ROOT @jridgewell/remapping@2.3.5 OK for: @babel/core@7.29.0 want: ^2.3.5
1547 silly placeDep ROOT convert-source-map@2.0.0 OK for: @babel/core@7.29.0 want: ^2.0.0
1548 silly placeDep ROOT debug@4.4.3 OK for: @babel/core@7.29.0 want: ^4.1.0
1549 silly placeDep ROOT gensync@1.0.0-beta.2 OK for: @babel/core@7.29.0 want: ^1.0.0-beta.2
1550 silly placeDep ROOT json5@2.2.3 OK for: @babel/core@7.29.0 want: ^2.2.3
1551 silly placeDep node_modules/@babel/core semver@6.3.1 OK for: @babel/core@7.29.0 want: ^6.3.1
1552 silly fetch manifest js-tokens@^4.0.0
1553 silly packumentCache full:https://registry.npmjs.org/js-tokens cache-miss
1554 http fetch GET 200 https://registry.npmjs.org/js-tokens 3ms (cache hit)
1555 silly packumentCache full:https://registry.npmjs.org/js-tokens set size:41947 disposed:false
1556 silly fetch manifest picocolors@^1.1.1
1557 silly packumentCache full:https://registry.npmjs.org/picocolors cache-hit
1558 silly fetch manifest @babel/helper-validator-identifier@^7.28.5
1559 silly packumentCache full:https://registry.npmjs.org/@babel%2fhelper-validator-identifier cache-miss
1560 http fetch GET 200 https://registry.npmjs.org/@babel%2fhelper-validator-identifier 3ms (cache hit)
1561 silly packumentCache full:https://registry.npmjs.org/@babel%2fhelper-validator-identifier set size:116299 disposed:false
1562 silly fetch manifest lru-cache@^5.1.1
1563 silly packumentCache full:https://registry.npmjs.org/lru-cache cache-miss
1564 http fetch GET 200 https://registry.npmjs.org/lru-cache 4ms (cache hit)
1565 silly packumentCache full:https://registry.npmjs.org/lru-cache set size:416454 disposed:false
1566 silly fetch manifest browserslist@^4.24.0
1567 silly packumentCache full:https://registry.npmjs.org/browserslist cache-hit
1568 silly fetch manifest @babel/compat-data@^7.28.6
1569 silly packumentCache full:https://registry.npmjs.org/@babel%2fcompat-data cache-hit
1570 silly fetch manifest @babel/types@^7.28.6
1571 silly packumentCache full:https://registry.npmjs.org/@babel%2ftypes cache-hit
1572 silly fetch manifest @babel/helper-string-parser@^7.27.1
1573 silly packumentCache full:https://registry.npmjs.org/@babel%2fhelper-string-parser cache-miss
1574 http fetch GET 200 https://registry.npmjs.org/@babel%2fhelper-string-parser 2ms (cache hit)
1575 silly packumentCache full:https://registry.npmjs.org/@babel%2fhelper-string-parser set size:82028 disposed:false
1576 silly fetch manifest @jridgewell/gen-mapping@^0.3.5
1577 silly packumentCache full:https://registry.npmjs.org/@jridgewell%2fgen-mapping cache-hit
1578 silly fetch manifest @jridgewell/trace-mapping@^0.3.24
1579 silly packumentCache full:https://registry.npmjs.org/@jridgewell%2ftrace-mapping cache-hit
1580 silly fetch manifest ms@^2.1.3
1581 silly packumentCache full:https://registry.npmjs.org/ms cache-miss
1582 http fetch GET 200 https://registry.npmjs.org/ms 3ms (cache hit)
1583 silly packumentCache full:https://registry.npmjs.org/ms set size:92208 disposed:false
1584 silly placeDep ROOT @babel/helper-validator-identifier@7.28.5 OK for: @babel/code-frame@7.29.0 want: ^7.28.5
1585 silly placeDep ROOT js-tokens@4.0.0 OK for: @babel/code-frame@7.29.0 want: ^4.0.0
1586 silly placeDep ROOT picocolors@1.1.1 OK for: @babel/code-frame@7.29.0 want: ^1.1.1
1587 silly placeDep ROOT @jridgewell/gen-mapping@0.3.13 OK for: @babel/generator@7.29.1 want: ^0.3.12
1588 silly placeDep ROOT @jridgewell/trace-mapping@0.3.31 OK for: @babel/generator@7.29.1 want: ^0.3.28
1589 silly placeDep ROOT jsesc@3.1.0 OK for: @babel/generator@7.29.1 want: ^3.0.2
1590 silly fetch manifest @jridgewell/sourcemap-codec@^1.5.0
1591 silly packumentCache full:https://registry.npmjs.org/@jridgewell%2fsourcemap-codec cache-miss
1592 http fetch GET 200 https://registry.npmjs.org/@jridgewell%2fsourcemap-codec 4ms (cache hit)
1593 silly packumentCache full:https://registry.npmjs.org/@jridgewell%2fsourcemap-codec set size:59275 disposed:false
1594 silly fetch manifest @jridgewell/resolve-uri@^3.1.0
1595 silly packumentCache full:https://registry.npmjs.org/@jridgewell%2fresolve-uri cache-miss
1596 http fetch GET 200 https://registry.npmjs.org/@jridgewell%2fresolve-uri 1ms (cache hit)
1597 silly packumentCache full:https://registry.npmjs.org/@jridgewell%2fresolve-uri set size:57361 disposed:false
1598 silly fetch manifest @jridgewell/sourcemap-codec@^1.4.14
1599 silly packumentCache full:https://registry.npmjs.org/@jridgewell%2fsourcemap-codec cache-hit
1600 silly placeDep ROOT @babel/compat-data@7.29.0 OK for: @babel/helper-compilation-targets@7.28.6 want: ^7.28.6
1601 silly placeDep ROOT @babel/helper-validator-option@7.27.1 OK for: @babel/helper-compilation-targets@7.28.6 want: ^7.27.1
1602 silly placeDep ROOT browserslist@4.28.1 OK for: @babel/helper-compilation-targets@7.28.6 want: ^4.24.0
1603 silly placeDep ROOT lru-cache@5.1.1 OK for: @babel/helper-compilation-targets@7.28.6 want: ^5.1.1
1604 silly placeDep node_modules/@babel/helper-compilation-targets semver@6.3.1 OK for: @babel/helper-compilation-targets@7.28.6 want: ^6.3.1
1605 silly fetch manifest baseline-browser-mapping@^2.9.0
1606 silly packumentCache full:https://registry.npmjs.org/baseline-browser-mapping cache-miss
1607 http fetch GET 200 https://registry.npmjs.org/baseline-browser-mapping 3ms (cache hit)
1608 silly packumentCache full:https://registry.npmjs.org/baseline-browser-mapping set size:409317 disposed:false
1609 silly fetch manifest caniuse-lite@^1.0.30001759
1610 silly packumentCache full:https://registry.npmjs.org/caniuse-lite cache-miss
1611 http fetch GET 200 https://registry.npmjs.org/caniuse-lite 5ms (cache hit)
1612 silly packumentCache full:https://registry.npmjs.org/caniuse-lite set size:2272954 disposed:false
1613 silly fetch manifest electron-to-chromium@^1.5.263
1614 silly packumentCache full:https://registry.npmjs.org/electron-to-chromium cache-miss
1615 http fetch GET 200 https://registry.npmjs.org/electron-to-chromium 7ms (cache hit)
1616 silly packumentCache full:https://registry.npmjs.org/electron-to-chromium set size:4730871 disposed:false
1617 silly fetch manifest node-releases@^2.0.27
1618 silly packumentCache full:https://registry.npmjs.org/node-releases cache-miss
1619 http fetch GET 200 https://registry.npmjs.org/node-releases 31ms (cache hit)
1620 silly packumentCache full:https://registry.npmjs.org/node-releases set size:270656 disposed:false
1621 silly fetch manifest update-browserslist-db@^1.2.0
1622 silly packumentCache full:https://registry.npmjs.org/update-browserslist-db cache-miss
1623 http fetch GET 200 https://registry.npmjs.org/update-browserslist-db 4ms (cache hit)
1624 silly packumentCache full:https://registry.npmjs.org/update-browserslist-db set size:62000 disposed:false
1625 silly fetch manifest yallist@^3.0.2
1626 silly packumentCache full:https://registry.npmjs.org/yallist cache-miss
1627 http fetch GET 200 https://registry.npmjs.org/yallist 2ms (cache hit)
1628 silly packumentCache full:https://registry.npmjs.org/yallist set size:34610 disposed:false
1629 silly placeDep ROOT @babel/helper-module-imports@7.28.6 OK for: @babel/helper-module-transforms@7.28.6 want: ^7.28.6
1630 silly placeDep ROOT @babel/helper-plugin-utils@7.28.6 OK for: @babel/plugin-syntax-dynamic-import@7.8.3 want: ^7.8.0
1631 silly placeDep ROOT babel-plugin-polyfill-corejs2@0.4.17 OK for: @babel/plugin-transform-runtime@7.29.0 want: ^0.4.14
1632 silly placeDep ROOT babel-plugin-polyfill-corejs3@0.13.0 OK for: @babel/plugin-transform-runtime@7.29.0 want: ^0.13.0
1633 silly placeDep ROOT babel-plugin-polyfill-regenerator@0.6.8 OK for: @babel/plugin-transform-runtime@7.29.0 want: ^0.6.5
1634 silly placeDep node_modules/@babel/plugin-transform-runtime semver@6.3.1 OK for: @babel/plugin-transform-runtime@7.29.0 want: ^6.3.1
1635 silly fetch manifest @babel/helper-define-polyfill-provider@^0.6.8
1636 silly packumentCache full:https://registry.npmjs.org/@babel%2fhelper-define-polyfill-provider cache-miss
1637 http fetch GET 200 https://registry.npmjs.org/@babel%2fhelper-define-polyfill-provider 2ms (cache hit)
1638 silly packumentCache full:https://registry.npmjs.org/@babel%2fhelper-define-polyfill-provider set size:111648 disposed:false
1639 silly fetch manifest core-js-compat@^3.43.0
1640 silly packumentCache full:https://registry.npmjs.org/core-js-compat cache-hit
1641 silly fetch manifest @babel/helper-define-polyfill-provider@^0.6.5
1642 silly packumentCache full:https://registry.npmjs.org/@babel%2fhelper-define-polyfill-provider cache-hit
1643 silly placeDep ROOT @babel/plugin-bugfix-firefox-class-in-computed-class-key@7.28.5 OK for: @babel/preset-env@7.29.2 want: ^7.28.5
1644 silly placeDep ROOT @babel/plugin-bugfix-safari-class-field-initializer-scope@7.27.1 OK for: @babel/preset-env@7.29.2 want: ^7.27.1
1645 silly placeDep ROOT @babel/plugin-bugfix-safari-id-destructuring-collision-in-function-expression@7.27.1 OK for: @babel/preset-env@7.29.2 want: ^7.27.1
1646 silly placeDep ROOT @babel/plugin-bugfix-v8-spread-parameters-in-optional-chaining@7.27.1 OK for: @babel/preset-env@7.29.2 want: ^7.27.1
1647 silly placeDep ROOT @babel/plugin-bugfix-v8-static-class-fields-redefine-readonly@7.28.6 OK for: @babel/preset-env@7.29.2 want: ^7.28.6
1648 silly placeDep ROOT @babel/plugin-proposal-private-property-in-object@7.21.0-placeholder-for-preset-env.2 OK for: @babel/preset-env@7.29.2 want: 7.21.0-placeholder-for-preset-env.2
1649 silly placeDep ROOT @babel/plugin-syntax-import-assertions@7.28.6 OK for: @babel/preset-env@7.29.2 want: ^7.28.6
1650 silly placeDep ROOT @babel/plugin-syntax-import-attributes@7.28.6 OK for: @babel/preset-env@7.29.2 want: ^7.28.6
1651 silly placeDep ROOT @babel/plugin-syntax-unicode-sets-regex@7.18.6 OK for: @babel/preset-env@7.29.2 want: ^7.18.6
1652 silly placeDep ROOT @babel/plugin-transform-arrow-functions@7.27.1 OK for: @babel/preset-env@7.29.2 want: ^7.27.1
1653 silly placeDep ROOT @babel/plugin-transform-async-generator-functions@7.29.0 OK for: @babel/preset-env@7.29.2 want: ^7.29.0
1654 silly placeDep ROOT @babel/plugin-transform-async-to-generator@7.28.6 OK for: @babel/preset-env@7.29.2 want: ^7.28.6
1655 silly placeDep ROOT @babel/plugin-transform-block-scoped-functions@7.27.1 OK for: @babel/preset-env@7.29.2 want: ^7.27.1
1656 silly placeDep ROOT @babel/plugin-transform-block-scoping@7.28.6 OK for: @babel/preset-env@7.29.2 want: ^7.28.6
1657 silly placeDep ROOT @babel/plugin-transform-class-properties@7.28.6 OK for: @babel/preset-env@7.29.2 want: ^7.28.6
1658 silly placeDep ROOT @babel/plugin-transform-class-static-block@7.28.6 OK for: @babel/preset-env@7.29.2 want: ^7.28.6
1659 silly placeDep ROOT @babel/plugin-transform-classes@7.28.6 OK for: @babel/preset-env@7.29.2 want: ^7.28.6
1660 silly placeDep ROOT @babel/plugin-transform-computed-properties@7.28.6 OK for: @babel/preset-env@7.29.2 want: ^7.28.6
1661 silly placeDep ROOT @babel/plugin-transform-destructuring@7.28.5 OK for: @babel/preset-env@7.29.2 want: ^7.28.5
1662 silly placeDep ROOT @babel/plugin-transform-dotall-regex@7.28.6 OK for: @babel/preset-env@7.29.2 want: ^7.28.6
1663 silly placeDep ROOT @babel/plugin-transform-duplicate-keys@7.27.1 OK for: @babel/preset-env@7.29.2 want: ^7.27.1
1664 silly placeDep ROOT @babel/plugin-transform-duplicate-named-capturing-groups-regex@7.29.0 OK for: @babel/preset-env@7.29.2 want: ^7.29.0
1665 silly placeDep ROOT @babel/plugin-transform-dynamic-import@7.27.1 OK for: @babel/preset-env@7.29.2 want: ^7.27.1
1666 silly placeDep ROOT @babel/plugin-transform-explicit-resource-management@7.28.6 OK for: @babel/preset-env@7.29.2 want: ^7.28.6
1667 silly placeDep ROOT @babel/plugin-transform-exponentiation-operator@7.28.6 OK for: @babel/preset-env@7.29.2 want: ^7.28.6
1668 silly placeDep ROOT @babel/plugin-transform-export-namespace-from@7.27.1 OK for: @babel/preset-env@7.29.2 want: ^7.27.1
1669 silly placeDep ROOT @babel/plugin-transform-for-of@7.27.1 OK for: @babel/preset-env@7.29.2 want: ^7.27.1
1670 silly placeDep ROOT @babel/plugin-transform-function-name@7.27.1 OK for: @babel/preset-env@7.29.2 want: ^7.27.1
1671 silly placeDep ROOT @babel/plugin-transform-json-strings@7.28.6 OK for: @babel/preset-env@7.29.2 want: ^7.28.6
1672 silly placeDep ROOT @babel/plugin-transform-literals@7.27.1 OK for: @babel/preset-env@7.29.2 want: ^7.27.1
1673 silly placeDep ROOT @babel/plugin-transform-logical-assignment-operators@7.28.6 OK for: @babel/preset-env@7.29.2 want: ^7.28.6
1674 silly placeDep ROOT @babel/plugin-transform-member-expression-literals@7.27.1 OK for: @babel/preset-env@7.29.2 want: ^7.27.1
1675 silly placeDep ROOT @babel/plugin-transform-modules-amd@7.27.1 OK for: @babel/preset-env@7.29.2 want: ^7.27.1
1676 silly placeDep ROOT @babel/plugin-transform-modules-commonjs@7.28.6 OK for: @babel/preset-env@7.29.2 want: ^7.28.6
1677 silly placeDep ROOT @babel/plugin-transform-modules-systemjs@7.29.0 OK for: @babel/preset-env@7.29.2 want: ^7.29.0
1678 silly placeDep ROOT @babel/plugin-transform-modules-umd@7.27.1 OK for: @babel/preset-env@7.29.2 want: ^7.27.1
1679 silly placeDep ROOT @babel/plugin-transform-named-capturing-groups-regex@7.29.0 OK for: @babel/preset-env@7.29.2 want: ^7.29.0
1680 silly placeDep ROOT @babel/plugin-transform-new-target@7.27.1 OK for: @babel/preset-env@7.29.2 want: ^7.27.1
1681 silly placeDep ROOT @babel/plugin-transform-nullish-coalescing-operator@7.28.6 OK for: @babel/preset-env@7.29.2 want: ^7.28.6
1682 silly placeDep ROOT @babel/plugin-transform-numeric-separator@7.28.6 OK for: @babel/preset-env@7.29.2 want: ^7.28.6
1683 silly placeDep ROOT @babel/plugin-transform-object-rest-spread@7.28.6 OK for: @babel/preset-env@7.29.2 want: ^7.28.6
1684 silly placeDep ROOT @babel/plugin-transform-object-super@7.27.1 OK for: @babel/preset-env@7.29.2 want: ^7.27.1
1685 silly placeDep ROOT @babel/plugin-transform-optional-catch-binding@7.28.6 OK for: @babel/preset-env@7.29.2 want: ^7.28.6
1686 silly placeDep ROOT @babel/plugin-transform-optional-chaining@7.28.6 OK for: @babel/preset-env@7.29.2 want: ^7.28.6
1687 silly placeDep ROOT @babel/plugin-transform-parameters@7.27.7 OK for: @babel/preset-env@7.29.2 want: ^7.27.7
1688 silly placeDep ROOT @babel/plugin-transform-private-methods@7.28.6 OK for: @babel/preset-env@7.29.2 want: ^7.28.6
1689 silly placeDep ROOT @babel/plugin-transform-private-property-in-object@7.28.6 OK for: @babel/preset-env@7.29.2 want: ^7.28.6
1690 silly placeDep ROOT @babel/plugin-transform-property-literals@7.27.1 OK for: @babel/preset-env@7.29.2 want: ^7.27.1
1691 silly placeDep ROOT @babel/plugin-transform-regenerator@7.29.0 OK for: @babel/preset-env@7.29.2 want: ^7.29.0
1692 silly placeDep ROOT @babel/plugin-transform-regexp-modifiers@7.28.6 OK for: @babel/preset-env@7.29.2 want: ^7.28.6
1693 silly placeDep ROOT @babel/plugin-transform-reserved-words@7.27.1 OK for: @babel/preset-env@7.29.2 want: ^7.27.1
1694 silly placeDep ROOT @babel/plugin-transform-shorthand-properties@7.27.1 OK for: @babel/preset-env@7.29.2 want: ^7.27.1
1695 silly placeDep ROOT @babel/plugin-transform-spread@7.28.6 OK for: @babel/preset-env@7.29.2 want: ^7.28.6
1696 silly placeDep ROOT @babel/plugin-transform-sticky-regex@7.27.1 OK for: @babel/preset-env@7.29.2 want: ^7.27.1
1697 silly placeDep ROOT @babel/plugin-transform-template-literals@7.27.1 OK for: @babel/preset-env@7.29.2 want: ^7.27.1
1698 silly placeDep ROOT @babel/plugin-transform-typeof-symbol@7.27.1 OK for: @babel/preset-env@7.29.2 want: ^7.27.1
1699 silly placeDep ROOT @babel/plugin-transform-unicode-escapes@7.27.1 OK for: @babel/preset-env@7.29.2 want: ^7.27.1
1700 silly placeDep ROOT @babel/plugin-transform-unicode-property-regex@7.28.6 OK for: @babel/preset-env@7.29.2 want: ^7.28.6
1701 silly placeDep ROOT @babel/plugin-transform-unicode-regex@7.27.1 OK for: @babel/preset-env@7.29.2 want: ^7.27.1
1702 silly placeDep ROOT @babel/plugin-transform-unicode-sets-regex@7.28.6 OK for: @babel/preset-env@7.29.2 want: ^7.28.6
1703 silly placeDep ROOT @babel/preset-modules@0.1.6-no-external-plugins OK for: @babel/preset-env@7.29.2 want: 0.1.6-no-external-plugins
1704 silly placeDep node_modules/@babel/preset-env babel-plugin-polyfill-corejs3@0.14.2 OK for: @babel/preset-env@7.29.2 want: ^0.14.0
1705 silly placeDep ROOT core-js-compat@3.49.0 OK for: @babel/preset-env@7.29.2 want: ^3.48.0
1706 silly placeDep node_modules/@babel/preset-env semver@6.3.1 OK for: @babel/preset-env@7.29.2 want: ^6.3.1
1707 silly fetch manifest @babel/plugin-transform-optional-chaining@^7.27.1
1708 silly packumentCache full:https://registry.npmjs.org/@babel%2fplugin-transform-optional-chaining cache-hit
1709 silly fetch manifest @babel/helper-skip-transparent-expression-wrappers@^7.27.1
1710 silly packumentCache full:https://registry.npmjs.org/@babel%2fhelper-skip-transparent-expression-wrappers cache-miss
1711 http fetch GET 200 https://registry.npmjs.org/@babel%2fhelper-skip-transparent-expression-wrappers 3ms (cache hit)
1712 silly packumentCache full:https://registry.npmjs.org/@babel%2fhelper-skip-transparent-expression-wrappers set size:95565 disposed:false
1713 silly fetch manifest @babel/helper-create-regexp-features-plugin@^7.18.6
1714 silly packumentCache full:https://registry.npmjs.org/@babel%2fhelper-create-regexp-features-plugin cache-miss
1715 http fetch GET 200 https://registry.npmjs.org/@babel%2fhelper-create-regexp-features-plugin 2ms (cache hit)
1716 silly packumentCache full:https://registry.npmjs.org/@babel%2fhelper-create-regexp-features-plugin set size:176119 disposed:false
1717 silly fetch manifest @babel/helper-remap-async-to-generator@^7.27.1
1718 silly packumentCache full:https://registry.npmjs.org/@babel%2fhelper-remap-async-to-generator cache-miss
1719 http fetch GET 200 https://registry.npmjs.org/@babel%2fhelper-remap-async-to-generator 1ms (cache hit)
1720 silly packumentCache full:https://registry.npmjs.org/@babel%2fhelper-remap-async-to-generator set size:217576 disposed:false
1721 silly fetch manifest @babel/helper-create-class-features-plugin@^7.28.6
1722 silly packumentCache full:https://registry.npmjs.org/@babel%2fhelper-create-class-features-plugin cache-miss
1723 http fetch GET 200 https://registry.npmjs.org/@babel%2fhelper-create-class-features-plugin 2ms (cache hit)
1724 silly packumentCache full:https://registry.npmjs.org/@babel%2fhelper-create-class-features-plugin set size:365053 disposed:false
1725 silly fetch manifest @babel/helper-replace-supers@^7.28.6
1726 silly packumentCache full:https://registry.npmjs.org/@babel%2fhelper-replace-supers cache-miss
1727 http fetch GET 200 https://registry.npmjs.org/@babel%2fhelper-replace-supers 2ms (cache hit)
1728 silly packumentCache full:https://registry.npmjs.org/@babel%2fhelper-replace-supers set size:257551 disposed:false
1729 silly fetch manifest @babel/helper-annotate-as-pure@^7.27.3
1730 silly packumentCache full:https://registry.npmjs.org/@babel%2fhelper-annotate-as-pure cache-miss
1731 http fetch GET 200 https://registry.npmjs.org/@babel%2fhelper-annotate-as-pure 2ms (cache hit)
1732 silly packumentCache full:https://registry.npmjs.org/@babel%2fhelper-annotate-as-pure set size:171595 disposed:false
1733 silly fetch manifest @babel/helper-create-regexp-features-plugin@^7.28.5
1734 silly packumentCache full:https://registry.npmjs.org/@babel%2fhelper-create-regexp-features-plugin cache-hit
1735 silly fetch manifest @babel/helper-replace-supers@^7.27.1
1736 silly packumentCache full:https://registry.npmjs.org/@babel%2fhelper-replace-supers cache-hit
1737 silly fetch manifest @babel/helper-create-regexp-features-plugin@^7.27.1
1738 silly packumentCache full:https://registry.npmjs.org/@babel%2fhelper-create-regexp-features-plugin cache-hit
1739 silly fetch manifest esutils@^2.0.2
1740 silly packumentCache full:https://registry.npmjs.org/esutils cache-miss
1741 http fetch GET 200 https://registry.npmjs.org/esutils 3ms (cache hit)
1742 silly packumentCache full:https://registry.npmjs.org/esutils set size:29522 disposed:false
1743 silly placeDep ROOT @babel/helper-skip-transparent-expression-wrappers@7.27.1 OK for: @babel/plugin-bugfix-v8-spread-parameters-in-optional-chaining@7.27.1 want: ^7.27.1
1744 silly placeDep ROOT @babel/helper-create-regexp-features-plugin@7.28.5 OK for: @babel/plugin-syntax-unicode-sets-regex@7.18.6 want: ^7.18.6
1745 silly fetch manifest regexpu-core@^6.3.1
1746 silly packumentCache full:https://registry.npmjs.org/regexpu-core cache-miss
1747 http fetch GET 200 https://registry.npmjs.org/regexpu-core 4ms (cache hit)
1748 silly packumentCache full:https://registry.npmjs.org/regexpu-core set size:156240 disposed:false
1749 silly placeDep ROOT @babel/helper-annotate-as-pure@7.27.3 OK for: @babel/helper-create-regexp-features-plugin@7.28.5 want: ^7.27.3
1750 silly placeDep ROOT regexpu-core@6.4.0 OK for: @babel/helper-create-regexp-features-plugin@7.28.5 want: ^6.3.1
1751 silly placeDep node_modules/@babel/helper-create-regexp-features-plugin semver@6.3.1 OK for: @babel/helper-create-regexp-features-plugin@7.28.5 want: ^6.3.1
1752 silly fetch manifest regenerate@^1.4.2
1753 silly packumentCache full:https://registry.npmjs.org/regenerate cache-miss
1754 http fetch GET 200 https://registry.npmjs.org/regenerate 2ms (cache hit)
1755 silly packumentCache full:https://registry.npmjs.org/regenerate set size:56872 disposed:false
1756 silly fetch manifest regenerate-unicode-properties@^10.2.2
1757 silly packumentCache full:https://registry.npmjs.org/regenerate-unicode-properties cache-miss
1758 http fetch GET 200 https://registry.npmjs.org/regenerate-unicode-properties 2ms (cache hit)
1759 silly packumentCache full:https://registry.npmjs.org/regenerate-unicode-properties set size:78166 disposed:false
1760 silly fetch manifest regjsgen@^0.8.0
1761 silly packumentCache full:https://registry.npmjs.org/regjsgen cache-miss
1762 http fetch GET 200 https://registry.npmjs.org/regjsgen 2ms (cache hit)
1763 silly packumentCache full:https://registry.npmjs.org/regjsgen set size:26409 disposed:false
1764 silly fetch manifest regjsparser@^0.13.0
1765 silly packumentCache full:https://registry.npmjs.org/regjsparser cache-miss
1766 http fetch GET 200 https://registry.npmjs.org/regjsparser 2ms (cache hit)
1767 silly packumentCache full:https://registry.npmjs.org/regjsparser set size:81745 disposed:false
1768 silly fetch manifest unicode-match-property-ecmascript@^2.0.0
1769 silly packumentCache full:https://registry.npmjs.org/unicode-match-property-ecmascript cache-miss
1770 http fetch GET 200 https://registry.npmjs.org/unicode-match-property-ecmascript 3ms (cache hit)
1771 silly packumentCache full:https://registry.npmjs.org/unicode-match-property-ecmascript set size:16934 disposed:false
1772 silly fetch manifest unicode-match-property-value-ecmascript@^2.2.1
1773 silly packumentCache full:https://registry.npmjs.org/unicode-match-property-value-ecmascript cache-miss
1774 http fetch GET 200 https://registry.npmjs.org/unicode-match-property-value-ecmascript 2ms (cache hit)
1775 silly packumentCache full:https://registry.npmjs.org/unicode-match-property-value-ecmascript set size:26439 disposed:false
1776 silly placeDep ROOT @babel/helper-remap-async-to-generator@7.27.1 OK for: @babel/plugin-transform-async-generator-functions@7.29.0 want: ^7.27.1
1777 silly fetch manifest @babel/helper-wrap-function@^7.27.1
1778 silly packumentCache full:https://registry.npmjs.org/@babel%2fhelper-wrap-function cache-miss
1779 http fetch GET 200 https://registry.npmjs.org/@babel%2fhelper-wrap-function 3ms (cache hit)
1780 silly packumentCache full:https://registry.npmjs.org/@babel%2fhelper-wrap-function set size:215044 disposed:false
1781 silly placeDep ROOT @babel/helper-wrap-function@7.28.6 OK for: @babel/helper-remap-async-to-generator@7.27.1 want: ^7.27.1
1782 silly placeDep ROOT @babel/helper-create-class-features-plugin@7.28.6 OK for: @babel/plugin-transform-class-properties@7.28.6 want: ^7.28.6
1783 silly fetch manifest @babel/helper-optimise-call-expression@^7.27.1
1784 silly packumentCache full:https://registry.npmjs.org/@babel%2fhelper-optimise-call-expression cache-miss
1785 http fetch GET 200 https://registry.npmjs.org/@babel%2fhelper-optimise-call-expression 3ms (cache hit)
1786 silly packumentCache full:https://registry.npmjs.org/@babel%2fhelper-optimise-call-expression set size:182706 disposed:false
1787 silly fetch manifest @babel/helper-member-expression-to-functions@^7.28.5
1788 silly packumentCache full:https://registry.npmjs.org/@babel%2fhelper-member-expression-to-functions cache-miss
1789 http fetch GET 200 https://registry.npmjs.org/@babel%2fhelper-member-expression-to-functions 2ms (cache hit)
1790 silly packumentCache full:https://registry.npmjs.org/@babel%2fhelper-member-expression-to-functions set size:218792 disposed:false
1791 silly placeDep ROOT @babel/helper-member-expression-to-functions@7.28.5 OK for: @babel/helper-create-class-features-plugin@7.28.6 want: ^7.28.5
1792 silly placeDep ROOT @babel/helper-optimise-call-expression@7.27.1 OK for: @babel/helper-create-class-features-plugin@7.28.6 want: ^7.27.1
1793 silly placeDep ROOT @babel/helper-replace-supers@7.28.6 OK for: @babel/helper-create-class-features-plugin@7.28.6 want: ^7.28.6
1794 silly placeDep node_modules/@babel/helper-create-class-features-plugin semver@6.3.1 OK for: @babel/helper-create-class-features-plugin@7.28.6 want: ^6.3.1
1795 silly placeDep ROOT @babel/helper-globals@7.28.0 OK for: @babel/plugin-transform-classes@7.28.6 want: ^7.28.0
1796 silly placeDep ROOT esutils@2.0.3 OK for: @babel/preset-modules@0.1.6-no-external-plugins want: ^2.0.2
1797 silly placeDep ROOT @babel/plugin-transform-react-display-name@7.28.0 OK for: @babel/preset-react@7.28.5 want: ^7.28.0
1798 silly placeDep ROOT @babel/plugin-transform-react-jsx@7.28.6 OK for: @babel/preset-react@7.28.5 want: ^7.27.1
1799 silly placeDep ROOT @babel/plugin-transform-react-jsx-development@7.27.1 OK for: @babel/preset-react@7.28.5 want: ^7.27.1
1800 silly placeDep ROOT @babel/plugin-transform-react-pure-annotations@7.27.1 OK for: @babel/preset-react@7.28.5 want: ^7.27.1
1801 silly fetch manifest @babel/plugin-syntax-jsx@^7.28.6
1802 silly packumentCache full:https://registry.npmjs.org/@babel%2fplugin-syntax-jsx cache-hit
1803 silly placeDep ROOT @babel/plugin-syntax-jsx@7.28.6 OK for: @babel/plugin-transform-react-jsx@7.28.6 want: ^7.28.6
1804 silly placeDep ROOT @babel/plugin-transform-typescript@7.28.6 OK for: @babel/preset-typescript@7.28.5 want: ^7.28.5
1805 silly fetch manifest @babel/plugin-syntax-typescript@^7.28.6
1806 silly packumentCache full:https://registry.npmjs.org/@babel%2fplugin-syntax-typescript cache-miss
1807 http fetch GET 200 https://registry.npmjs.org/@babel%2fplugin-syntax-typescript 2ms (cache hit)
1808 silly packumentCache full:https://registry.npmjs.org/@babel%2fplugin-syntax-typescript set size:206321 disposed:false
1809 silly placeDep ROOT @babel/plugin-syntax-typescript@7.28.6 OK for: @babel/plugin-transform-typescript@7.28.6 want: ^7.28.6
1810 silly placeDep ROOT core-js-pure@3.49.0 OK for: @babel/runtime-corejs3@7.29.2 want: ^3.48.0
1811 silly placeDep ROOT @babel/helper-string-parser@7.27.1 OK for: @babel/types@7.29.0 want: ^7.27.1
1812 silly placeDep ROOT @docusaurus/cssnano-preset@3.9.2 OK for: @docusaurus/bundler@3.9.2 want: 3.9.2
1813 silly placeDep ROOT babel-loader@9.2.1 OK for: @docusaurus/bundler@3.9.2 want: ^9.2.1
1814 silly placeDep ROOT clean-css@5.3.3 OK for: @docusaurus/bundler@3.9.2 want: ^5.3.3
1815 silly placeDep ROOT copy-webpack-plugin@11.0.0 OK for: @docusaurus/bundler@3.9.2 want: ^11.0.0
1816 silly placeDep ROOT css-loader@6.11.0 OK for: @docusaurus/bundler@3.9.2 want: ^6.11.0
1817 silly placeDep ROOT css-minimizer-webpack-plugin@5.0.1 OK for: @docusaurus/bundler@3.9.2 want: ^5.0.1
1818 silly placeDep ROOT cssnano@6.1.2 OK for: @docusaurus/bundler@3.9.2 want: ^6.1.2
1819 silly placeDep ROOT file-loader@6.2.0 OK for: @docusaurus/bundler@3.9.2 want: ^6.2.0
1820 silly placeDep ROOT html-minifier-terser@7.2.0 OK for: @docusaurus/bundler@3.9.2 want: ^7.2.0
1821 silly placeDep ROOT mini-css-extract-plugin@2.10.1 OK for: @docusaurus/bundler@3.9.2 want: ^2.9.2
1822 silly placeDep ROOT null-loader@4.0.1 OK for: @docusaurus/bundler@3.9.2 want: ^4.0.1
1823 silly placeDep ROOT postcss@8.5.8 OK for: @docusaurus/bundler@3.9.2 want: ^8.5.4
1824 silly placeDep ROOT postcss-loader@7.3.4 OK for: @docusaurus/bundler@3.9.2 want: ^7.3.4
1825 silly placeDep ROOT postcss-preset-env@10.6.1 OK for: @docusaurus/bundler@3.9.2 want: ^10.2.1
1826 silly placeDep ROOT terser-webpack-plugin@5.4.0 OK for: @docusaurus/bundler@3.9.2 want: ^5.3.9
1827 silly placeDep ROOT url-loader@4.1.1 OK for: @docusaurus/bundler@3.9.2 want: ^4.1.1
1828 silly placeDep ROOT webpackbar@6.0.1 OK for: @docusaurus/bundler@3.9.2 want: ^6.0.1
1829 silly fetch manifest cssnano-preset-advanced@^6.1.2
1830 silly packumentCache full:https://registry.npmjs.org/cssnano-preset-advanced cache-miss
1831 http fetch GET 200 https://registry.npmjs.org/cssnano-preset-advanced 4ms (cache hit)
1832 silly packumentCache full:https://registry.npmjs.org/cssnano-preset-advanced set size:257003 disposed:false
1833 silly fetch manifest postcss-sort-media-queries@^5.2.0
1834 silly packumentCache full:https://registry.npmjs.org/postcss-sort-media-queries cache-miss
1835 http fetch GET 200 https://registry.npmjs.org/postcss-sort-media-queries 2ms (cache hit)
1836 silly packumentCache full:https://registry.npmjs.org/postcss-sort-media-queries set size:207846 disposed:false
1837 silly fetch manifest schema-utils@^4.0.0
1838 silly packumentCache full:https://registry.npmjs.org/schema-utils cache-hit
1839 silly fetch manifest find-cache-dir@^4.0.0
1840 silly packumentCache full:https://registry.npmjs.org/find-cache-dir cache-miss
1841 http fetch GET 200 https://registry.npmjs.org/find-cache-dir 3ms (cache hit)
1842 silly packumentCache full:https://registry.npmjs.org/find-cache-dir set size:35762 disposed:false
1843 silly fetch manifest source-map@~0.6.0
1844 silly packumentCache full:https://registry.npmjs.org/source-map cache-miss
1845 http fetch GET 200 https://registry.npmjs.org/source-map 2ms (cache hit)
1846 silly packumentCache full:https://registry.npmjs.org/source-map set size:226141 disposed:false
1847 silly fetch manifest globby@^13.1.1
1848 silly packumentCache full:https://registry.npmjs.org/globby cache-hit
1849 silly fetch manifest fast-glob@^3.2.11
1850 silly packumentCache full:https://registry.npmjs.org/fast-glob cache-miss
1851 http fetch GET 200 https://registry.npmjs.org/fast-glob 3ms (cache hit)
1852 silly packumentCache full:https://registry.npmjs.org/fast-glob set size:220556 disposed:false
1853 silly fetch manifest glob-parent@^6.0.1
1854 silly packumentCache full:https://registry.npmjs.org/glob-parent cache-hit
1855 silly fetch manifest normalize-path@^3.0.0
1856 silly packumentCache full:https://registry.npmjs.org/normalize-path cache-hit
1857 silly fetch manifest serialize-javascript@^6.0.0
1858 silly packumentCache full:https://registry.npmjs.org/serialize-javascript cache-miss
1859 http fetch GET 200 https://registry.npmjs.org/serialize-javascript 6ms (cache hit)
1860 silly packumentCache full:https://registry.npmjs.org/serialize-javascript set size:80012 disposed:false
1861 silly fetch manifest postcss@^8.4.33
1862 silly packumentCache full:https://registry.npmjs.org/postcss cache-hit
1863 silly fetch manifest icss-utils@^5.1.0
1864 silly packumentCache full:https://registry.npmjs.org/icss-utils cache-miss
1865 http fetch GET 200 https://registry.npmjs.org/icss-utils 2ms (cache hit)
1866 silly packumentCache full:https://registry.npmjs.org/icss-utils set size:31661 disposed:false
1867 silly fetch manifest postcss-value-parser@^4.2.0
1868 silly packumentCache full:https://registry.npmjs.org/postcss-value-parser cache-miss
1869 http fetch GET 200 https://registry.npmjs.org/postcss-value-parser 1ms (cache hit)
1870 silly packumentCache full:https://registry.npmjs.org/postcss-value-parser set size:73484 disposed:false
1871 silly fetch manifest postcss-modules-scope@^3.2.0
1872 silly packumentCache full:https://registry.npmjs.org/postcss-modules-scope cache-miss
1873 http fetch GET 200 https://registry.npmjs.org/postcss-modules-scope 3ms (cache hit)
1874 silly packumentCache full:https://registry.npmjs.org/postcss-modules-scope set size:72581 disposed:false
1875 silly fetch manifest postcss-modules-values@^4.0.0
1876 silly packumentCache full:https://registry.npmjs.org/postcss-modules-values cache-miss
1877 http fetch GET 200 https://registry.npmjs.org/postcss-modules-values 2ms (cache hit)
1878 silly packumentCache full:https://registry.npmjs.org/postcss-modules-values set size:56722 disposed:false
1879 silly fetch manifest postcss-modules-extract-imports@^3.1.0
1880 silly packumentCache full:https://registry.npmjs.org/postcss-modules-extract-imports cache-miss
1881 http fetch GET 200 https://registry.npmjs.org/postcss-modules-extract-imports 2ms (cache hit)
1882 silly packumentCache full:https://registry.npmjs.org/postcss-modules-extract-imports set size:57788 disposed:false
1883 silly fetch manifest postcss-modules-local-by-default@^4.0.5
1884 silly packumentCache full:https://registry.npmjs.org/postcss-modules-local-by-default cache-miss
1885 http fetch GET 200 https://registry.npmjs.org/postcss-modules-local-by-default 2ms (cache hit)
1886 silly packumentCache full:https://registry.npmjs.org/postcss-modules-local-by-default set size:107445 disposed:false
1887 silly fetch manifest cssnano@^6.0.1
1888 silly packumentCache full:https://registry.npmjs.org/cssnano cache-hit
1889 silly fetch manifest postcss@^8.4.24
1890 silly packumentCache full:https://registry.npmjs.org/postcss cache-hit
1891 silly fetch manifest jest-worker@^29.4.3
1892 silly packumentCache full:https://registry.npmjs.org/jest-worker cache-miss
1893 http fetch GET 200 https://registry.npmjs.org/jest-worker 4ms (cache hit)
1894 silly packumentCache full:https://registry.npmjs.org/jest-worker set size:462624 disposed:false
1895 silly fetch manifest schema-utils@^4.0.1
1896 silly packumentCache full:https://registry.npmjs.org/schema-utils cache-hit
1897 silly fetch manifest serialize-javascript@^6.0.1
1898 silly packumentCache full:https://registry.npmjs.org/serialize-javascript cache-hit
1899 silly fetch manifest lilconfig@^3.1.1
1900 silly packumentCache full:https://registry.npmjs.org/lilconfig cache-miss
1901 http fetch GET 200 https://registry.npmjs.org/lilconfig 2ms (cache hit)
1902 silly packumentCache full:https://registry.npmjs.org/lilconfig set size:45636 disposed:false
1903 silly fetch manifest cssnano-preset-default@^6.1.2
1904 silly packumentCache full:https://registry.npmjs.org/cssnano-preset-default cache-miss
1905 http fetch GET 200 https://registry.npmjs.org/cssnano-preset-default 2ms (cache hit)
1906 silly packumentCache full:https://registry.npmjs.org/cssnano-preset-default set size:319436 disposed:false
1907 silly fetch manifest loader-utils@^2.0.0
1908 silly packumentCache full:https://registry.npmjs.org/loader-utils cache-miss
1909 http fetch GET 200 https://registry.npmjs.org/loader-utils 2ms (cache hit)
1910 silly packumentCache full:https://registry.npmjs.org/loader-utils set size:168663 disposed:false
1911 silly fetch manifest schema-utils@^3.0.0
1912 silly packumentCache full:https://registry.npmjs.org/schema-utils cache-hit
1913 silly fetch manifest camel-case@^4.1.2
1914 silly packumentCache full:https://registry.npmjs.org/camel-case cache-miss
1915 http fetch GET 200 https://registry.npmjs.org/camel-case 3ms (cache hit)
1916 silly packumentCache full:https://registry.npmjs.org/camel-case set size:44673 disposed:false
1917 silly fetch manifest commander@^10.0.0
1918 silly packumentCache full:https://registry.npmjs.org/commander cache-hit
1919 silly fetch manifest entities@^4.4.0
1920 silly packumentCache full:https://registry.npmjs.org/entities cache-miss
1921 http fetch GET 200 https://registry.npmjs.org/entities 2ms (cache hit)
1922 silly packumentCache full:https://registry.npmjs.org/entities set size:101550 disposed:false
1923 silly fetch manifest param-case@^3.0.4
1924 silly packumentCache full:https://registry.npmjs.org/param-case cache-miss
1925 http fetch GET 200 https://registry.npmjs.org/param-case 2ms (cache hit)
1926 silly packumentCache full:https://registry.npmjs.org/param-case set size:37003 disposed:false
1927 silly fetch manifest relateurl@^0.2.7
1928 silly packumentCache full:https://registry.npmjs.org/relateurl cache-miss
1929 http fetch GET 200 https://registry.npmjs.org/relateurl 2ms (cache hit)
1930 silly packumentCache full:https://registry.npmjs.org/relateurl set size:21687 disposed:false
1931 silly fetch manifest terser@^5.15.1
1932 silly packumentCache full:https://registry.npmjs.org/terser cache-miss
1933 http fetch GET 200 https://registry.npmjs.org/terser 2ms (cache hit)
1934 silly packumentCache full:https://registry.npmjs.org/terser set size:789927 disposed:false
1935 silly fetch manifest tapable@^2.2.1
1936 silly packumentCache full:https://registry.npmjs.org/tapable cache-hit
1937 silly fetch manifest nanoid@^3.3.11
1938 silly packumentCache full:https://registry.npmjs.org/nanoid cache-miss
1939 http fetch GET 200 https://registry.npmjs.org/nanoid 2ms (cache hit)
1940 silly packumentCache full:https://registry.npmjs.org/nanoid set size:300313 disposed:false
1941 silly fetch manifest source-map-js@^1.2.1
1942 silly packumentCache full:https://registry.npmjs.org/source-map-js cache-miss
1943 http fetch GET 200 https://registry.npmjs.org/source-map-js 1ms (cache hit)
1944 silly packumentCache full:https://registry.npmjs.org/source-map-js set size:62640 disposed:false
1945 silly fetch manifest cosmiconfig@^8.3.5
1946 silly packumentCache full:https://registry.npmjs.org/cosmiconfig cache-miss
1947 http fetch GET 200 https://registry.npmjs.org/cosmiconfig 3ms (cache hit)
1948 silly packumentCache full:https://registry.npmjs.org/cosmiconfig set size:222324 disposed:false
1949 silly fetch manifest cssdb@^8.6.0
1950 silly packumentCache full:https://registry.npmjs.org/cssdb cache-miss
1951 http fetch GET 200 https://registry.npmjs.org/cssdb 2ms (cache hit)
1952 silly packumentCache full:https://registry.npmjs.org/cssdb set size:281133 disposed:false
1953 silly fetch manifest autoprefixer@^10.4.23
1954 silly packumentCache full:https://registry.npmjs.org/autoprefixer cache-miss
1955 http fetch GET 200 https://registry.npmjs.org/autoprefixer 3ms (cache hit)
1956 silly packumentCache full:https://registry.npmjs.org/autoprefixer set size:1307925 disposed:false
1957 silly fetch manifest postcss-clamp@^4.1.0
1958 silly packumentCache full:https://registry.npmjs.org/postcss-clamp cache-miss
1959 http fetch GET 200 https://registry.npmjs.org/postcss-clamp 3ms (cache hit)
1960 silly packumentCache full:https://registry.npmjs.org/postcss-clamp set size:22705 disposed:false
1961 silly fetch manifest postcss-place@^10.0.0
1962 silly packumentCache full:https://registry.npmjs.org/postcss-place cache-miss
1963 http fetch GET 200 https://registry.npmjs.org/postcss-place 3ms (cache hit)
1964 silly packumentCache full:https://registry.npmjs.org/postcss-place set size:65066 disposed:false
1965 silly fetch manifest css-has-pseudo@^7.0.3
1966 silly packumentCache full:https://registry.npmjs.org/css-has-pseudo cache-miss
1967 http fetch GET 200 https://registry.npmjs.org/css-has-pseudo 3ms (cache hit)
1968 silly packumentCache full:https://registry.npmjs.org/css-has-pseudo set size:129001 disposed:false
1969 silly fetch manifest postcss-logical@^8.1.0
1970 silly packumentCache full:https://registry.npmjs.org/postcss-logical cache-miss
1971 http fetch GET 200 https://registry.npmjs.org/postcss-logical 2ms (cache hit)
1972 silly packumentCache full:https://registry.npmjs.org/postcss-logical set size:75922 disposed:false
1973 silly fetch manifest postcss-nesting@^13.0.2
1974 silly packumentCache full:https://registry.npmjs.org/postcss-nesting cache-miss
1975 http fetch GET 200 https://registry.npmjs.org/postcss-nesting 2ms (cache hit)
1976 silly packumentCache full:https://registry.npmjs.org/postcss-nesting set size:192460 disposed:false
1977 silly fetch manifest css-blank-pseudo@^7.0.1
1978 silly packumentCache full:https://registry.npmjs.org/css-blank-pseudo cache-miss
1979 http fetch GET 200 https://registry.npmjs.org/css-blank-pseudo 3ms (cache hit)
1980 silly packumentCache full:https://registry.npmjs.org/css-blank-pseudo set size:93102 disposed:false
1981 silly fetch manifest postcss-page-break@^3.0.4
1982 silly packumentCache full:https://registry.npmjs.org/postcss-page-break cache-miss
1983 http fetch GET 200 https://registry.npmjs.org/postcss-page-break 1ms (cache hit)
1984 silly packumentCache full:https://registry.npmjs.org/postcss-page-break set size:22100 disposed:false
1985 silly fetch manifest postcss-custom-media@^11.0.6
1986 silly packumentCache full:https://registry.npmjs.org/postcss-custom-media cache-miss
1987 http fetch GET 200 https://registry.npmjs.org/postcss-custom-media 1ms (cache hit)
1988 silly packumentCache full:https://registry.npmjs.org/postcss-custom-media set size:148984 disposed:false
1989 silly fetch manifest postcss-focus-within@^9.0.1
1990 silly packumentCache full:https://registry.npmjs.org/postcss-focus-within cache-miss
1991 http fetch GET 200 https://registry.npmjs.org/postcss-focus-within 2ms (cache hit)
1992 silly packumentCache full:https://registry.npmjs.org/postcss-focus-within set size:73158 disposed:false
1993 silly fetch manifest postcss-font-variant@^5.0.0
1994 silly packumentCache full:https://registry.npmjs.org/postcss-font-variant cache-miss
1995 http fetch GET 200 https://registry.npmjs.org/postcss-font-variant 4ms (cache hit)
1996 silly packumentCache full:https://registry.npmjs.org/postcss-font-variant set size:24538 disposed:false
1997 silly fetch manifest postcss-lab-function@^7.0.12
1998 silly packumentCache full:https://registry.npmjs.org/postcss-lab-function cache-miss
1999 http fetch GET 200 https://registry.npmjs.org/postcss-lab-function 1ms (cache hit)
2000 silly packumentCache full:https://registry.npmjs.org/postcss-lab-function set size:189162 disposed:false
2001 silly fetch manifest postcss-selector-not@^8.0.1
2002 silly packumentCache full:https://registry.npmjs.org/postcss-selector-not cache-miss
2003 http fetch GET 200 https://registry.npmjs.org/postcss-selector-not 2ms (cache hit)
2004 silly packumentCache full:https://registry.npmjs.org/postcss-selector-not set size:54015 disposed:false
2005 silly fetch manifest postcss-focus-visible@^10.0.1
2006 silly packumentCache full:https://registry.npmjs.org/postcss-focus-visible cache-miss
2007 http fetch GET 200 https://registry.npmjs.org/postcss-focus-visible 1ms (cache hit)
2008 silly packumentCache full:https://registry.npmjs.org/postcss-focus-visible set size:67015 disposed:false
2009 silly fetch manifest postcss-gap-properties@^6.0.0
2010 silly packumentCache full:https://registry.npmjs.org/postcss-gap-properties cache-miss
2011 http fetch GET 200 https://registry.npmjs.org/postcss-gap-properties 2ms (cache hit)
2012 silly packumentCache full:https://registry.npmjs.org/postcss-gap-properties set size:47202 disposed:false
2013 silly fetch manifest postcss-color-hex-alpha@^10.0.0
2014 silly packumentCache full:https://registry.npmjs.org/postcss-color-hex-alpha cache-miss
2015 http fetch GET 200 https://registry.npmjs.org/postcss-color-hex-alpha 3ms (cache hit)
2016 silly packumentCache full:https://registry.npmjs.org/postcss-color-hex-alpha set size:77476 disposed:false
2017 silly fetch manifest css-prefers-color-scheme@^10.0.0
2018 silly packumentCache full:https://registry.npmjs.org/css-prefers-color-scheme cache-miss
2019 http fetch GET 200 https://registry.npmjs.org/css-prefers-color-scheme 2ms (cache hit)
2020 silly packumentCache full:https://registry.npmjs.org/css-prefers-color-scheme set size:83953 disposed:false
2021 silly fetch manifest postcss-custom-selectors@^8.0.5
2022 silly packumentCache full:https://registry.npmjs.org/postcss-custom-selectors cache-miss
2023 http fetch GET 200 https://registry.npmjs.org/postcss-custom-selectors 2ms (cache hit)
2024 silly packumentCache full:https://registry.npmjs.org/postcss-custom-selectors set size:124740 disposed:false
2025 silly fetch manifest postcss-dir-pseudo-class@^9.0.1
2026 silly packumentCache full:https://registry.npmjs.org/postcss-dir-pseudo-class cache-miss
2027 http fetch GET 200 https://registry.npmjs.org/postcss-dir-pseudo-class 2ms (cache hit)
2028 silly packumentCache full:https://registry.npmjs.org/postcss-dir-pseudo-class set size:67672 disposed:false
2029 silly fetch manifest @csstools/postcss-ic-unit@^4.0.4
2030 silly packumentCache full:https://registry.npmjs.org/@csstools%2fpostcss-ic-unit cache-miss
2031 http fetch GET 200 https://registry.npmjs.org/@csstools%2fpostcss-ic-unit 2ms (cache hit)
2032 silly packumentCache full:https://registry.npmjs.org/@csstools%2fpostcss-ic-unit set size:60691 disposed:false
2033 silly fetch manifest @csstools/postcss-initial@^2.0.1
2034 silly packumentCache full:https://registry.npmjs.org/@csstools%2fpostcss-initial cache-miss
2035 http fetch GET 200 https://registry.npmjs.org/@csstools%2fpostcss-initial 1ms (cache hit)
2036 silly packumentCache full:https://registry.npmjs.org/@csstools%2fpostcss-initial set size:14203 disposed:false
2037 silly fetch manifest postcss-custom-properties@^14.0.6
2038 silly packumentCache full:https://registry.npmjs.org/postcss-custom-properties cache-miss
2039 http fetch GET 200 https://registry.npmjs.org/postcss-custom-properties 2ms (cache hit)
2040 silly packumentCache full:https://registry.npmjs.org/postcss-custom-properties set size:279721 disposed:false
2041 silly fetch manifest postcss-image-set-function@^7.0.0
2042 silly packumentCache full:https://registry.npmjs.org/postcss-image-set-function cache-miss
2043 http fetch GET 200 https://registry.npmjs.org/postcss-image-set-function 2ms (cache hit)
2044 silly packumentCache full:https://registry.npmjs.org/postcss-image-set-function set size:72010 disposed:false
2045 silly fetch manifest postcss-opacity-percentage@^3.0.0
2046 silly packumentCache full:https://registry.npmjs.org/postcss-opacity-percentage cache-miss
2047 http fetch GET 200 https://registry.npmjs.org/postcss-opacity-percentage 2ms (cache hit)
2048 silly packumentCache full:https://registry.npmjs.org/postcss-opacity-percentage set size:28101 disposed:false
2049 silly fetch manifest postcss-overflow-shorthand@^6.0.0
2050 silly packumentCache full:https://registry.npmjs.org/postcss-overflow-shorthand cache-miss
2051 http fetch GET 200 https://registry.npmjs.org/postcss-overflow-shorthand 53ms (cache hit)
2052 silly packumentCache full:https://registry.npmjs.org/postcss-overflow-shorthand set size:46723 disposed:false
2053 silly fetch manifest postcss-color-rebeccapurple@^10.0.0
2054 silly packumentCache full:https://registry.npmjs.org/postcss-color-rebeccapurple cache-miss
2055 http fetch GET 200 https://registry.npmjs.org/postcss-color-rebeccapurple 2ms (cache hit)
2056 silly packumentCache full:https://registry.npmjs.org/postcss-color-rebeccapurple set size:76868 disposed:false
2057 silly fetch manifest @csstools/postcss-nested-calc@^4.0.0
2058 silly packumentCache full:https://registry.npmjs.org/@csstools%2fpostcss-nested-calc cache-miss
2059 http fetch GET 200 https://registry.npmjs.org/@csstools%2fpostcss-nested-calc 2ms (cache hit)
2060 silly packumentCache full:https://registry.npmjs.org/@csstools%2fpostcss-nested-calc set size:30720 disposed:false
2061 silly fetch manifest @csstools/postcss-unset-value@^4.0.0
2062 silly packumentCache full:https://registry.npmjs.org/@csstools%2fpostcss-unset-value cache-miss
2063 http fetch GET 200 https://registry.npmjs.org/@csstools%2fpostcss-unset-value 4ms (cache hit)
2064 silly packumentCache full:https://registry.npmjs.org/@csstools%2fpostcss-unset-value set size:32157 disposed:false
2065 silly fetch manifest postcss-pseudo-class-any-link@^10.0.1
2066 silly packumentCache full:https://registry.npmjs.org/postcss-pseudo-class-any-link cache-miss
2067 http fetch GET 200 https://registry.npmjs.org/postcss-pseudo-class-any-link 2ms (cache hit)
2068 silly packumentCache full:https://registry.npmjs.org/postcss-pseudo-class-any-link set size:87436 disposed:false
2069 silly fetch manifest postcss-replace-overflow-wrap@^4.0.0
2070 silly packumentCache full:https://registry.npmjs.org/postcss-replace-overflow-wrap cache-miss
2071 http fetch GET 200 https://registry.npmjs.org/postcss-replace-overflow-wrap 2ms (cache hit)
2072 silly packumentCache full:https://registry.npmjs.org/postcss-replace-overflow-wrap set size:12387 disposed:false
2073 silly fetch manifest @csstools/postcss-hwb-function@^4.0.12
2074 silly packumentCache full:https://registry.npmjs.org/@csstools%2fpostcss-hwb-function cache-miss
2075 http fetch GET 200 https://registry.npmjs.org/@csstools%2fpostcss-hwb-function 3ms (cache hit)
2076 silly packumentCache full:https://registry.npmjs.org/@csstools%2fpostcss-hwb-function set size:128151 disposed:false
2077 silly fetch manifest @csstools/postcss-media-minmax@^2.0.9
2078 silly packumentCache full:https://registry.npmjs.org/@csstools%2fpostcss-media-minmax cache-miss
2079 http fetch GET 200 https://registry.npmjs.org/@csstools%2fpostcss-media-minmax 2ms (cache hit)
2080 silly packumentCache full:https://registry.npmjs.org/@csstools%2fpostcss-media-minmax set size:80684 disposed:false
2081 silly fetch manifest @csstools/postcss-gamut-mapping@^2.0.11
2082 silly packumentCache full:https://registry.npmjs.org/@csstools%2fpostcss-gamut-mapping cache-miss
2083 http fetch GET 200 https://registry.npmjs.org/@csstools%2fpostcss-gamut-mapping 2ms (cache hit)
2084 silly packumentCache full:https://registry.npmjs.org/@csstools%2fpostcss-gamut-mapping set size:68951 disposed:false
2085 silly fetch manifest @csstools/postcss-alpha-function@^1.0.1
2086 silly packumentCache full:https://registry.npmjs.org/@csstools%2fpostcss-alpha-function cache-miss
2087 http fetch GET 200 https://registry.npmjs.org/@csstools%2fpostcss-alpha-function 2ms (cache hit)
2088 silly packumentCache full:https://registry.npmjs.org/@csstools%2fpostcss-alpha-function set size:18362 disposed:false
2089 silly fetch manifest @csstools/postcss-cascade-layers@^5.0.2
2090 silly packumentCache full:https://registry.npmjs.org/@csstools%2fpostcss-cascade-layers cache-miss
2091 http fetch GET 200 https://registry.npmjs.org/@csstools%2fpostcss-cascade-layers 3ms (cache hit)
2092 silly packumentCache full:https://registry.npmjs.org/@csstools%2fpostcss-cascade-layers set size:86869 disposed:false
2093 silly fetch manifest @csstools/postcss-color-function@^4.0.12
2094 silly packumentCache full:https://registry.npmjs.org/@csstools%2fpostcss-color-function cache-miss
2095 http fetch GET 200 https://registry.npmjs.org/@csstools%2fpostcss-color-function 2ms (cache hit)
2096 silly packumentCache full:https://registry.npmjs.org/@csstools%2fpostcss-color-function set size:147052 disposed:false
2097 silly fetch manifest @csstools/postcss-logical-resize@^3.0.0
2098 silly packumentCache full:https://registry.npmjs.org/@csstools%2fpostcss-logical-resize cache-miss
2099 http fetch GET 200 https://registry.npmjs.org/@csstools%2fpostcss-logical-resize 2ms (cache hit)
2100 silly packumentCache full:https://registry.npmjs.org/@csstools%2fpostcss-logical-resize set size:21464 disposed:false
2101 silly fetch manifest @csstools/postcss-oklab-function@^4.0.12
2102 silly packumentCache full:https://registry.npmjs.org/@csstools%2fpostcss-oklab-function cache-miss
2103 http fetch GET 200 https://registry.npmjs.org/@csstools%2fpostcss-oklab-function 2ms (cache hit)
2104 silly packumentCache full:https://registry.npmjs.org/@csstools%2fpostcss-oklab-function set size:139980 disposed:false
2105 silly fetch manifest @csstools/postcss-sign-functions@^1.1.4
2106 silly packumentCache full:https://registry.npmjs.org/@csstools%2fpostcss-sign-functions cache-miss
2107 http fetch GET 200 https://registry.npmjs.org/@csstools%2fpostcss-sign-functions 2ms (cache hit)
2108 silly packumentCache full:https://registry.npmjs.org/@csstools%2fpostcss-sign-functions set size:22733 disposed:false
2109 silly fetch manifest @csstools/postcss-is-pseudo-class@^5.0.3
2110 silly packumentCache full:https://registry.npmjs.org/@csstools%2fpostcss-is-pseudo-class cache-miss
2111 http fetch GET 200 https://registry.npmjs.org/@csstools%2fpostcss-is-pseudo-class 5ms (cache hit)
2112 silly packumentCache full:https://registry.npmjs.org/@csstools%2fpostcss-is-pseudo-class set size:102055 disposed:false
2113 silly fetch manifest @csstools/postcss-random-function@^2.0.1
2114 silly packumentCache full:https://registry.npmjs.org/@csstools%2fpostcss-random-function cache-miss
2115 http fetch GET 200 https://registry.npmjs.org/@csstools%2fpostcss-random-function 2ms (cache hit)
2116 silly packumentCache full:https://registry.npmjs.org/@csstools%2fpostcss-random-function set size:22668 disposed:false
2117 silly fetch manifest postcss-color-functional-notation@^7.0.12
2118 silly packumentCache full:https://registry.npmjs.org/postcss-color-functional-notation cache-miss
2119 http fetch GET 200 https://registry.npmjs.org/postcss-color-functional-notation 2ms (cache hit)
2120 silly packumentCache full:https://registry.npmjs.org/postcss-color-functional-notation set size:157381 disposed:false
2121 silly fetch manifest postcss-double-position-gradients@^6.0.4
2122 silly packumentCache full:https://registry.npmjs.org/postcss-double-position-gradients cache-miss
2123 http fetch GET 200 https://registry.npmjs.org/postcss-double-position-gradients 2ms (cache hit)
2124 silly packumentCache full:https://registry.npmjs.org/postcss-double-position-gradients set size:95564 disposed:false
2125 silly fetch manifest @csstools/postcss-content-alt-text@^2.0.8
2126 silly packumentCache full:https://registry.npmjs.org/@csstools%2fpostcss-content-alt-text cache-miss
2127 http fetch GET 200 https://registry.npmjs.org/@csstools%2fpostcss-content-alt-text 2ms (cache hit)
2128 silly packumentCache full:https://registry.npmjs.org/@csstools%2fpostcss-content-alt-text set size:31008 disposed:false
2129 silly fetch manifest @csstools/postcss-logical-overflow@^2.0.0
2130 silly packumentCache full:https://registry.npmjs.org/@csstools%2fpostcss-logical-overflow cache-miss
2131 http fetch GET 200 https://registry.npmjs.org/@csstools%2fpostcss-logical-overflow 2ms (cache hit)
2132 silly packumentCache full:https://registry.npmjs.org/@csstools%2fpostcss-logical-overflow set size:12824 disposed:false
2133 silly fetch manifest postcss-attribute-case-insensitive@^7.0.1
2134 silly packumentCache full:https://registry.npmjs.org/postcss-attribute-case-insensitive cache-miss
2135 http fetch GET 200 https://registry.npmjs.org/postcss-attribute-case-insensitive 2ms (cache hit)
2136 silly packumentCache full:https://registry.npmjs.org/postcss-attribute-case-insensitive set size:60603 disposed:false
2137 silly fetch manifest @csstools/postcss-color-mix-function@^3.0.12
2138 silly packumentCache full:https://registry.npmjs.org/@csstools%2fpostcss-color-mix-function cache-miss
2139 http fetch GET 200 https://registry.npmjs.org/@csstools%2fpostcss-color-mix-function 1ms (cache hit)
2140 silly packumentCache full:https://registry.npmjs.org/@csstools%2fpostcss-color-mix-function set size:113941 disposed:false
2141 silly fetch manifest @csstools/postcss-scope-pseudo-class@^4.0.1
2142 silly packumentCache full:https://registry.npmjs.org/@csstools%2fpostcss-scope-pseudo-class cache-miss
2143 http fetch GET 200 https://registry.npmjs.org/@csstools%2fpostcss-scope-pseudo-class 2ms (cache hit)
2144 silly packumentCache full:https://registry.npmjs.org/@csstools%2fpostcss-scope-pseudo-class set size:31191 disposed:false
2145 silly fetch manifest @csstools/postcss-light-dark-function@^2.0.11
2146 silly packumentCache full:https://registry.npmjs.org/@csstools%2fpostcss-light-dark-function cache-miss
2147 http fetch GET 200 https://registry.npmjs.org/@csstools%2fpostcss-light-dark-function 2ms (cache hit)
2148 silly packumentCache full:https://registry.npmjs.org/@csstools%2fpostcss-light-dark-function set size:58837 disposed:false
2149 silly fetch manifest @csstools/postcss-font-format-keywords@^4.0.0
2150 silly packumentCache full:https://registry.npmjs.org/@csstools%2fpostcss-font-format-keywords cache-miss
2151 http fetch GET 200 https://registry.npmjs.org/@csstools%2fpostcss-font-format-keywords 2ms (cache hit)
2152 silly packumentCache full:https://registry.npmjs.org/@csstools%2fpostcss-font-format-keywords set size:35694 disposed:false
2153 silly fetch manifest @csstools/postcss-exponential-functions@^2.0.9
2154 silly packumentCache full:https://registry.npmjs.org/@csstools%2fpostcss-exponential-functions cache-miss
2155 http fetch GET 200 https://registry.npmjs.org/@csstools%2fpostcss-exponential-functions 2ms (cache hit)
2156 silly packumentCache full:https://registry.npmjs.org/@csstools%2fpostcss-exponential-functions set size:58255 disposed:false
2157 silly fetch manifest @csstools/postcss-relative-color-syntax@^3.0.12
2158 silly packumentCache full:https://registry.npmjs.org/@csstools%2fpostcss-relative-color-syntax cache-miss
2159 http fetch GET 200 https://registry.npmjs.org/@csstools%2fpostcss-relative-color-syntax 2ms (cache hit)
2160 silly packumentCache full:https://registry.npmjs.org/@csstools%2fpostcss-relative-color-syntax set size:107196 disposed:false
2161 silly fetch manifest @csstools/postcss-system-ui-font-family@^1.0.0
2162 silly packumentCache full:https://registry.npmjs.org/@csstools%2fpostcss-system-ui-font-family cache-miss
2163 http fetch GET 200 https://registry.npmjs.org/@csstools%2fpostcss-system-ui-font-family 2ms (cache hit)
2164 silly packumentCache full:https://registry.npmjs.org/@csstools%2fpostcss-system-ui-font-family set size:7908 disposed:false
2165 silly fetch manifest @csstools/postcss-logical-viewport-units@^3.0.4
2166 silly packumentCache full:https://registry.npmjs.org/@csstools%2fpostcss-logical-viewport-units cache-miss
2167 http fetch GET 200 https://registry.npmjs.org/@csstools%2fpostcss-logical-viewport-units 2ms (cache hit)
2168 silly packumentCache full:https://registry.npmjs.org/@csstools%2fpostcss-logical-viewport-units set size:65596 disposed:false
2169 silly fetch manifest @csstools/postcss-position-area-property@^1.0.0
2170 silly packumentCache full:https://registry.npmjs.org/@csstools%2fpostcss-position-area-property cache-miss
2171 http fetch GET 200 https://registry.npmjs.org/@csstools%2fpostcss-position-area-property 1ms (cache hit)
2172 silly packumentCache full:https://registry.npmjs.org/@csstools%2fpostcss-position-area-property set size:7040 disposed:false
2173 silly fetch manifest @csstools/postcss-contrast-color-function@^2.0.12
2174 silly packumentCache full:https://registry.npmjs.org/@csstools%2fpostcss-contrast-color-function cache-miss
2175 http fetch GET 200 https://registry.npmjs.org/@csstools%2fpostcss-contrast-color-function 2ms (cache hit)
2176 silly packumentCache full:https://registry.npmjs.org/@csstools%2fpostcss-contrast-color-function set size:61570 disposed:false
2177 silly fetch manifest @csstools/postcss-logical-float-and-clear@^3.0.0
2178 silly packumentCache full:https://registry.npmjs.org/@csstools%2fpostcss-logical-float-and-clear cache-miss
2179 http fetch GET 200 https://registry.npmjs.org/@csstools%2fpostcss-logical-float-and-clear 3ms (cache hit)
2180 silly packumentCache full:https://registry.npmjs.org/@csstools%2fpostcss-logical-float-and-clear set size:21780 disposed:false
2181 silly fetch manifest @csstools/postcss-stepped-value-functions@^4.0.9
2182 silly packumentCache full:https://registry.npmjs.org/@csstools%2fpostcss-stepped-value-functions cache-miss
2183 http fetch GET 200 https://registry.npmjs.org/@csstools%2fpostcss-stepped-value-functions 3ms (cache hit)
2184 silly packumentCache full:https://registry.npmjs.org/@csstools%2fpostcss-stepped-value-functions set size:86634 disposed:false
2185 silly fetch manifest @csstools/postcss-trigonometric-functions@^4.0.9
2186 silly packumentCache full:https://registry.npmjs.org/@csstools%2fpostcss-trigonometric-functions cache-miss
2187 http fetch GET 200 https://registry.npmjs.org/@csstools%2fpostcss-trigonometric-functions 2ms (cache hit)
2188 silly packumentCache full:https://registry.npmjs.org/@csstools%2fpostcss-trigonometric-functions set size:94806 disposed:false
2189 silly fetch manifest @csstools/postcss-normalize-display-values@^4.0.1
2190 silly packumentCache full:https://registry.npmjs.org/@csstools%2fpostcss-normalize-display-values cache-miss
2191 http fetch GET 200 https://registry.npmjs.org/@csstools%2fpostcss-normalize-display-values 2ms (cache hit)
2192 silly packumentCache full:https://registry.npmjs.org/@csstools%2fpostcss-normalize-display-values set size:37866 disposed:false
2193 silly fetch manifest @csstools/postcss-text-decoration-shorthand@^4.0.3
2194 silly packumentCache full:https://registry.npmjs.org/@csstools%2fpostcss-text-decoration-shorthand cache-miss
2195 http fetch GET 200 https://registry.npmjs.org/@csstools%2fpostcss-text-decoration-shorthand 1ms (cache hit)
2196 silly packumentCache full:https://registry.npmjs.org/@csstools%2fpostcss-text-decoration-shorthand set size:81502 disposed:false
2197 silly fetch manifest @csstools/postcss-property-rule-prelude-list@^1.0.0
2198 silly packumentCache full:https://registry.npmjs.org/@csstools%2fpostcss-property-rule-prelude-list cache-miss
2199 http fetch GET 200 https://registry.npmjs.org/@csstools%2fpostcss-property-rule-prelude-list 2ms (cache hit)
2200 silly packumentCache full:https://registry.npmjs.org/@csstools%2fpostcss-property-rule-prelude-list set size:7579 disposed:false
2201 silly fetch manifest @csstools/postcss-logical-overscroll-behavior@^2.0.0
2202 silly packumentCache full:https://registry.npmjs.org/@csstools%2fpostcss-logical-overscroll-behavior cache-miss
2203 http fetch GET 200 https://registry.npmjs.org/@csstools%2fpostcss-logical-overscroll-behavior 2ms (cache hit)
2204 silly packumentCache full:https://registry.npmjs.org/@csstools%2fpostcss-logical-overscroll-behavior set size:13622 disposed:false
2205 silly fetch manifest @csstools/postcss-progressive-custom-properties@^4.2.1
2206 silly packumentCache full:https://registry.npmjs.org/@csstools%2fpostcss-progressive-custom-properties cache-miss
2207 http fetch GET 200 https://registry.npmjs.org/@csstools%2fpostcss-progressive-custom-properties 2ms (cache hit)
2208 silly packumentCache full:https://registry.npmjs.org/@csstools%2fpostcss-progressive-custom-properties set size:75625 disposed:false
2209 silly fetch manifest @csstools/postcss-gradients-interpolation-method@^5.0.12
2210 silly packumentCache full:https://registry.npmjs.org/@csstools%2fpostcss-gradients-interpolation-method cache-miss
2211 http fetch GET 200 https://registry.npmjs.org/@csstools%2fpostcss-gradients-interpolation-method 3ms (cache hit)
2212 silly packumentCache full:https://registry.npmjs.org/@csstools%2fpostcss-gradients-interpolation-method set size:152483 disposed:false
2213 silly fetch manifest @csstools/postcss-color-function-display-p3-linear@^1.0.1
2214 silly packumentCache full:https://registry.npmjs.org/@csstools%2fpostcss-color-function-display-p3-linear cache-miss
2215 http fetch GET 200 https://registry.npmjs.org/@csstools%2fpostcss-color-function-display-p3-linear 2ms (cache hit)
2216 silly packumentCache full:https://registry.npmjs.org/@csstools%2fpostcss-color-function-display-p3-linear set size:17354 disposed:false
2217 silly fetch manifest @csstools/postcss-syntax-descriptor-syntax-production@^1.0.1
2218 silly packumentCache full:https://registry.npmjs.org/@csstools%2fpostcss-syntax-descriptor-syntax-production cache-miss
2219 http fetch GET 200 https://registry.npmjs.org/@csstools%2fpostcss-syntax-descriptor-syntax-production 1ms (cache hit)
2220 silly packumentCache full:https://registry.npmjs.org/@csstools%2fpostcss-syntax-descriptor-syntax-production set size:10457 disposed:false
2221 silly fetch manifest @csstools/postcss-color-mix-variadic-function-arguments@^1.0.2
2222 silly packumentCache full:https://registry.npmjs.org/@csstools%2fpostcss-color-mix-variadic-function-arguments cache-miss
2223 http fetch GET 200 https://registry.npmjs.org/@csstools%2fpostcss-color-mix-variadic-function-arguments 2ms (cache hit)
2224 silly packumentCache full:https://registry.npmjs.org/@csstools%2fpostcss-color-mix-variadic-function-arguments set size:19236 disposed:false
2225 silly fetch manifest @csstools/postcss-media-queries-aspect-ratio-number-values@^3.0.5
2226 silly packumentCache full:https://registry.npmjs.org/@csstools%2fpostcss-media-queries-aspect-ratio-number-values cache-miss
2227 http fetch GET 200 https://registry.npmjs.org/@csstools%2fpostcss-media-queries-aspect-ratio-number-values 2ms (cache hit)
2228 silly packumentCache full:https://registry.npmjs.org/@csstools%2fpostcss-media-queries-aspect-ratio-number-values set size:73898 disposed:false
2229 silly fetch manifest terser@^5.31.1
2230 silly packumentCache full:https://registry.npmjs.org/terser cache-hit
2231 silly fetch manifest jest-worker@^27.4.5
2232 silly packumentCache full:https://registry.npmjs.org/jest-worker cache-hit
2233 silly fetch manifest schema-utils@^4.3.0
2234 silly packumentCache full:https://registry.npmjs.org/schema-utils cache-hit
2235 silly fetch manifest consola@^3.2.3
2236 silly packumentCache full:https://registry.npmjs.org/consola cache-miss
2237 http fetch GET 200 https://registry.npmjs.org/consola 2ms (cache hit)
2238 silly packumentCache full:https://registry.npmjs.org/consola set size:324648 disposed:false
2239 silly fetch manifest figures@^3.2.0
2240 silly packumentCache full:https://registry.npmjs.org/figures cache-miss
2241 http fetch GET 200 https://registry.npmjs.org/figures 1ms (cache hit)
2242 silly packumentCache full:https://registry.npmjs.org/figures set size:64597 disposed:false
2243 silly fetch manifest std-env@^3.7.0
2244 silly packumentCache full:https://registry.npmjs.org/std-env cache-miss
2245 http fetch GET 200 https://registry.npmjs.org/std-env 6ms (cache hit)
2246 silly packumentCache full:https://registry.npmjs.org/std-env set size:86605 disposed:false
2247 silly fetch manifest wrap-ansi@^7.0.0
2248 silly packumentCache full:https://registry.npmjs.org/wrap-ansi cache-hit
2249 silly fetch manifest pretty-time@^1.1.0
2250 silly packumentCache full:https://registry.npmjs.org/pretty-time cache-miss
2251 http fetch GET 200 https://registry.npmjs.org/pretty-time 2ms (cache hit)
2252 silly packumentCache full:https://registry.npmjs.org/pretty-time set size:19261 disposed:false
2253 silly fetch manifest ansi-escapes@^4.3.2
2254 silly packumentCache full:https://registry.npmjs.org/ansi-escapes cache-miss
2255 http fetch GET 200 https://registry.npmjs.org/ansi-escapes 2ms (cache hit)
2256 silly packumentCache full:https://registry.npmjs.org/ansi-escapes set size:70915 disposed:false
2257 silly fetch manifest markdown-table@^2.0.0
2258 silly packumentCache full:https://registry.npmjs.org/markdown-table cache-miss
2259 http fetch GET 200 https://registry.npmjs.org/markdown-table 2ms (cache hit)
2260 silly packumentCache full:https://registry.npmjs.org/markdown-table set size:56516 disposed:false
2261 silly placeDep ROOT cssnano-preset-advanced@6.1.2 OK for: @docusaurus/cssnano-preset@3.9.2 want: ^6.1.2
2262 silly placeDep ROOT postcss-sort-media-queries@5.2.0 OK for: @docusaurus/cssnano-preset@3.9.2 want: ^5.2.0
2263 silly fetch manifest autoprefixer@^10.4.19
2264 silly packumentCache full:https://registry.npmjs.org/autoprefixer cache-miss
2265 http fetch GET 200 https://registry.npmjs.org/autoprefixer 3ms (cache hit)
2266 silly packumentCache full:https://registry.npmjs.org/autoprefixer set size:1307925 disposed:false
2267 silly fetch manifest postcss-zindex@^6.0.2
2268 silly packumentCache full:https://registry.npmjs.org/postcss-zindex cache-miss
2269 http fetch GET 200 https://registry.npmjs.org/postcss-zindex 2ms (cache hit)
2270 silly packumentCache full:https://registry.npmjs.org/postcss-zindex set size:111915 disposed:false
2271 silly fetch manifest postcss-merge-idents@^6.0.3
2272 silly packumentCache full:https://registry.npmjs.org/postcss-merge-idents cache-miss
2273 http fetch GET 200 https://registry.npmjs.org/postcss-merge-idents 3ms (cache hit)
2274 silly packumentCache full:https://registry.npmjs.org/postcss-merge-idents set size:125188 disposed:false
2275 silly fetch manifest postcss-reduce-idents@^6.0.3
2276 silly packumentCache full:https://registry.npmjs.org/postcss-reduce-idents cache-miss
2277 http fetch GET 200 https://registry.npmjs.org/postcss-reduce-idents 2ms (cache hit)
2278 silly packumentCache full:https://registry.npmjs.org/postcss-reduce-idents set size:129804 disposed:false
2279 silly fetch manifest postcss-discard-unused@^6.0.5
2280 silly packumentCache full:https://registry.npmjs.org/postcss-discard-unused cache-miss
2281 http fetch GET 200 https://registry.npmjs.org/postcss-discard-unused 3ms (cache hit)
2282 silly packumentCache full:https://registry.npmjs.org/postcss-discard-unused set size:135959 disposed:false
2283 silly fetch manifest sort-css-media-queries@2.2.0
2284 silly packumentCache full:https://registry.npmjs.org/sort-css-media-queries cache-miss
2285 http fetch GET 200 https://registry.npmjs.org/sort-css-media-queries 2ms (cache hit)
2286 silly packumentCache full:https://registry.npmjs.org/sort-css-media-queries set size:90204 disposed:false
2287 silly placeDep ROOT @mdx-js/mdx@3.1.1 OK for: @docusaurus/mdx-loader@3.9.2 want: ^3.0.0
2288 silly placeDep ROOT @slorber/remark-comment@1.0.0 OK for: @docusaurus/mdx-loader@3.9.2 want: ^1.0.0
2289 silly placeDep ROOT estree-util-value-to-estree@3.5.0 OK for: @docusaurus/mdx-loader@3.9.2 want: ^3.0.1
2290 silly placeDep ROOT image-size@2.0.2 OK for: @docusaurus/mdx-loader@3.9.2 want: ^2.0.2
2291 silly placeDep ROOT mdast-util-mdx@3.0.0 OK for: @docusaurus/mdx-loader@3.9.2 want: ^3.0.0
2292 silly placeDep ROOT mdast-util-to-string@4.0.0 OK for: @docusaurus/mdx-loader@3.9.2 want: ^4.0.0
2293 silly placeDep ROOT rehype-raw@7.0.0 OK for: @docusaurus/mdx-loader@3.9.2 want: ^7.0.0
2294 silly placeDep ROOT remark-directive@3.0.1 OK for: @docusaurus/mdx-loader@3.9.2 want: ^3.0.0
2295 silly placeDep ROOT remark-emoji@4.0.1 OK for: @docusaurus/mdx-loader@3.9.2 want: ^4.0.0
2296 silly placeDep ROOT remark-frontmatter@5.0.0 OK for: @docusaurus/mdx-loader@3.9.2 want: ^5.0.0
2297 silly placeDep ROOT remark-gfm@4.0.1 OK for: @docusaurus/mdx-loader@3.9.2 want: ^4.0.0
2298 silly placeDep ROOT stringify-object@3.3.0 OK for: @docusaurus/mdx-loader@3.9.2 want: ^3.3.0
2299 silly placeDep ROOT unified@11.0.5 OK for: @docusaurus/mdx-loader@3.9.2 want: ^11.0.3
2300 silly placeDep ROOT unist-util-visit@5.1.0 OK for: @docusaurus/mdx-loader@3.9.2 want: ^5.0.0
2301 silly placeDep ROOT vfile@6.0.3 OK for: @docusaurus/mdx-loader@3.9.2 want: ^6.0.1
2302 silly fetch manifest @types/estree@^1.0.0
2303 silly packumentCache full:https://registry.npmjs.org/@types%2festree cache-hit
2304 silly fetch manifest @types/estree-jsx@^1.0.0
2305 silly packumentCache full:https://registry.npmjs.org/@types%2festree-jsx cache-miss
2306 http fetch GET 200 https://registry.npmjs.org/@types%2festree-jsx 3ms (cache hit)
2307 silly packumentCache full:https://registry.npmjs.org/@types%2festree-jsx set size:18387 disposed:false
2308 silly fetch manifest @types/hast@^3.0.0
2309 silly packumentCache full:https://registry.npmjs.org/@types%2fhast cache-miss
2310 http fetch GET 200 https://registry.npmjs.org/@types%2fhast 2ms (cache hit)
2311 silly packumentCache full:https://registry.npmjs.org/@types%2fhast set size:32563 disposed:false
2312 silly fetch manifest acorn@^8.0.0
2313 silly packumentCache full:https://registry.npmjs.org/acorn cache-hit
2314 silly fetch manifest collapse-white-space@^2.0.0
2315 silly packumentCache full:https://registry.npmjs.org/collapse-white-space cache-miss
2316 http fetch GET 200 https://registry.npmjs.org/collapse-white-space 1ms (cache hit)
2317 silly packumentCache full:https://registry.npmjs.org/collapse-white-space set size:32529 disposed:false
2318 silly fetch manifest devlop@^1.0.0
2319 silly packumentCache full:https://registry.npmjs.org/devlop cache-miss
2320 http fetch GET 200 https://registry.npmjs.org/devlop 2ms (cache hit)
2321 silly packumentCache full:https://registry.npmjs.org/devlop set size:16868 disposed:false
2322 silly fetch manifest estree-util-is-identifier-name@^3.0.0
2323 silly packumentCache full:https://registry.npmjs.org/estree-util-is-identifier-name cache-miss
2324 http fetch GET 200 https://registry.npmjs.org/estree-util-is-identifier-name 1ms (cache hit)
2325 silly packumentCache full:https://registry.npmjs.org/estree-util-is-identifier-name set size:28916 disposed:false
2326 silly fetch manifest estree-util-scope@^1.0.0
2327 silly packumentCache full:https://registry.npmjs.org/estree-util-scope cache-miss
2328 http fetch GET 200 https://registry.npmjs.org/estree-util-scope 2ms (cache hit)
2329 silly packumentCache full:https://registry.npmjs.org/estree-util-scope set size:10481 disposed:false
2330 silly fetch manifest estree-walker@^3.0.0
2331 silly packumentCache full:https://registry.npmjs.org/estree-walker cache-miss
2332 http fetch GET 200 https://registry.npmjs.org/estree-walker 1ms (cache hit)
2333 silly packumentCache full:https://registry.npmjs.org/estree-walker set size:60887 disposed:false
2334 silly fetch manifest hast-util-to-jsx-runtime@^2.0.0
2335 silly packumentCache full:https://registry.npmjs.org/hast-util-to-jsx-runtime cache-miss
2336 http fetch GET 200 https://registry.npmjs.org/hast-util-to-jsx-runtime 2ms (cache hit)
2337 silly packumentCache full:https://registry.npmjs.org/hast-util-to-jsx-runtime set size:81372 disposed:false
2338 silly fetch manifest markdown-extensions@^2.0.0
2339 silly packumentCache full:https://registry.npmjs.org/markdown-extensions cache-miss
2340 http fetch GET 200 https://registry.npmjs.org/markdown-extensions 3ms (cache hit)
2341 silly packumentCache full:https://registry.npmjs.org/markdown-extensions set size:7626 disposed:false
2342 silly fetch manifest recma-build-jsx@^1.0.0
2343 silly packumentCache full:https://registry.npmjs.org/recma-build-jsx cache-miss
2344 http fetch GET 200 https://registry.npmjs.org/recma-build-jsx 2ms (cache hit)
2345 silly packumentCache full:https://registry.npmjs.org/recma-build-jsx set size:8946 disposed:false
2346 silly fetch manifest recma-jsx@^1.0.0
2347 silly packumentCache full:https://registry.npmjs.org/recma-jsx cache-miss
2348 http fetch GET 200 https://registry.npmjs.org/recma-jsx 2ms (cache hit)
2349 silly packumentCache full:https://registry.npmjs.org/recma-jsx set size:10848 disposed:false
2350 silly fetch manifest recma-stringify@^1.0.0
2351 silly packumentCache full:https://registry.npmjs.org/recma-stringify cache-miss
2352 http fetch GET 200 https://registry.npmjs.org/recma-stringify 2ms (cache hit)
2353 silly packumentCache full:https://registry.npmjs.org/recma-stringify set size:10034 disposed:false
2354 silly fetch manifest rehype-recma@^1.0.0
2355 silly packumentCache full:https://registry.npmjs.org/rehype-recma cache-miss
2356 http fetch GET 200 https://registry.npmjs.org/rehype-recma 1ms (cache hit)
2357 silly packumentCache full:https://registry.npmjs.org/rehype-recma set size:8685 disposed:false
2358 silly fetch manifest remark-mdx@^3.0.0
2359 silly packumentCache full:https://registry.npmjs.org/remark-mdx cache-miss
2360 http fetch GET 200 https://registry.npmjs.org/remark-mdx 2ms (cache hit)
2361 silly packumentCache full:https://registry.npmjs.org/remark-mdx set size:425928 disposed:false
2362 silly fetch manifest remark-parse@^11.0.0
2363 silly packumentCache full:https://registry.npmjs.org/remark-parse cache-miss
2364 http fetch GET 200 https://registry.npmjs.org/remark-parse 1ms (cache hit)
2365 silly packumentCache full:https://registry.npmjs.org/remark-parse set size:109831 disposed:false
2366 silly fetch manifest remark-rehype@^11.0.0
2367 silly packumentCache full:https://registry.npmjs.org/remark-rehype cache-miss
2368 http fetch GET 200 https://registry.npmjs.org/remark-rehype 3ms (cache hit)
2369 silly packumentCache full:https://registry.npmjs.org/remark-rehype set size:110976 disposed:false
2370 silly fetch manifest source-map@^0.7.0
2371 silly packumentCache full:https://registry.npmjs.org/source-map cache-hit
2372 silly fetch manifest unified@^11.0.0
2373 silly packumentCache full:https://registry.npmjs.org/unified cache-hit
2374 silly fetch manifest unist-util-position-from-estree@^2.0.0
2375 silly packumentCache full:https://registry.npmjs.org/unist-util-position-from-estree cache-miss
2376 http fetch GET 200 https://registry.npmjs.org/unist-util-position-from-estree 2ms (cache hit)
2377 silly packumentCache full:https://registry.npmjs.org/unist-util-position-from-estree set size:24274 disposed:false
2378 silly fetch manifest unist-util-stringify-position@^4.0.0
2379 silly packumentCache full:https://registry.npmjs.org/unist-util-stringify-position cache-miss
2380 http fetch GET 200 https://registry.npmjs.org/unist-util-stringify-position 2ms (cache hit)
2381 silly packumentCache full:https://registry.npmjs.org/unist-util-stringify-position set size:52357 disposed:false
2382 silly fetch manifest vfile@^6.0.0
2383 silly packumentCache full:https://registry.npmjs.org/vfile cache-hit
2384 silly fetch manifest micromark-factory-space@^1.0.0
2385 silly packumentCache full:https://registry.npmjs.org/micromark-factory-space cache-miss
2386 http fetch GET 200 https://registry.npmjs.org/micromark-factory-space 2ms (cache hit)
2387 silly packumentCache full:https://registry.npmjs.org/micromark-factory-space set size:28447 disposed:false
2388 silly fetch manifest micromark-util-character@^1.1.0
2389 silly packumentCache full:https://registry.npmjs.org/micromark-util-character cache-miss
2390 http fetch GET 200 https://registry.npmjs.org/micromark-util-character 2ms (cache hit)
2391 silly packumentCache full:https://registry.npmjs.org/micromark-util-character set size:41720 disposed:false
2392 silly fetch manifest micromark-util-symbol@^1.0.1
2393 silly packumentCache full:https://registry.npmjs.org/micromark-util-symbol cache-miss
2394 http fetch GET 200 https://registry.npmjs.org/micromark-util-symbol 3ms (cache hit)
2395 silly packumentCache full:https://registry.npmjs.org/micromark-util-symbol set size:29566 disposed:false
2396 silly fetch manifest mdast-util-from-markdown@^2.0.0
2397 silly packumentCache full:https://registry.npmjs.org/mdast-util-from-markdown cache-miss
2398 http fetch GET 200 https://registry.npmjs.org/mdast-util-from-markdown 2ms (cache hit)
2399 silly packumentCache full:https://registry.npmjs.org/mdast-util-from-markdown set size:149296 disposed:false
2400 silly fetch manifest mdast-util-mdx-expression@^2.0.0
2401 silly packumentCache full:https://registry.npmjs.org/mdast-util-mdx-expression cache-miss
2402 http fetch GET 200 https://registry.npmjs.org/mdast-util-mdx-expression 3ms (cache hit)
2403 silly packumentCache full:https://registry.npmjs.org/mdast-util-mdx-expression set size:61177 disposed:false
2404 silly fetch manifest mdast-util-mdx-jsx@^3.0.0
2405 silly packumentCache full:https://registry.npmjs.org/mdast-util-mdx-jsx cache-miss
2406 http fetch GET 200 https://registry.npmjs.org/mdast-util-mdx-jsx 1ms (cache hit)
2407 silly packumentCache full:https://registry.npmjs.org/mdast-util-mdx-jsx set size:112782 disposed:false
2408 silly fetch manifest mdast-util-mdxjs-esm@^2.0.0
2409 silly packumentCache full:https://registry.npmjs.org/mdast-util-mdxjs-esm cache-miss
2410 http fetch GET 200 https://registry.npmjs.org/mdast-util-mdxjs-esm 4ms (cache hit)
2411 silly packumentCache full:https://registry.npmjs.org/mdast-util-mdxjs-esm set size:54380 disposed:false
2412 silly fetch manifest mdast-util-to-markdown@^2.0.0
2413 silly packumentCache full:https://registry.npmjs.org/mdast-util-to-markdown cache-miss
2414 http fetch GET 200 https://registry.npmjs.org/mdast-util-to-markdown 3ms (cache hit)
2415 silly packumentCache full:https://registry.npmjs.org/mdast-util-to-markdown set size:179199 disposed:false
2416 silly fetch manifest @types/mdast@^4.0.0
2417 silly packumentCache full:https://registry.npmjs.org/@types%2fmdast cache-hit
2418 silly fetch manifest hast-util-raw@^9.0.0
2419 silly packumentCache full:https://registry.npmjs.org/hast-util-raw cache-miss
2420 http fetch GET 200 https://registry.npmjs.org/hast-util-raw 2ms (cache hit)
2421 silly packumentCache full:https://registry.npmjs.org/hast-util-raw set size:112975 disposed:false
2422 silly fetch manifest mdast-util-directive@^3.0.0
2423 silly packumentCache full:https://registry.npmjs.org/mdast-util-directive cache-miss
2424 http fetch GET 200 https://registry.npmjs.org/mdast-util-directive 1ms (cache hit)
2425 silly packumentCache full:https://registry.npmjs.org/mdast-util-directive set size:67183 disposed:false
2426 silly fetch manifest micromark-extension-directive@^3.0.0
2427 silly packumentCache full:https://registry.npmjs.org/micromark-extension-directive cache-miss
2428 http fetch GET 200 https://registry.npmjs.org/micromark-extension-directive 1ms (cache hit)
2429 silly packumentCache full:https://registry.npmjs.org/micromark-extension-directive set size:87276 disposed:false
2430 silly fetch manifest unified@^11.0.4
2431 silly packumentCache full:https://registry.npmjs.org/unified cache-hit
2432 silly fetch manifest emoticon@^4.0.1
2433 silly packumentCache full:https://registry.npmjs.org/emoticon cache-miss
2434 http fetch GET 200 https://registry.npmjs.org/emoticon 3ms (cache hit)
2435 silly packumentCache full:https://registry.npmjs.org/emoticon set size:39785 disposed:false
2436 silly fetch manifest node-emoji@^2.1.0
2437 silly packumentCache full:https://registry.npmjs.org/node-emoji cache-miss
2438 http fetch GET 200 https://registry.npmjs.org/node-emoji 2ms (cache hit)
2439 silly packumentCache full:https://registry.npmjs.org/node-emoji set size:88366 disposed:false
2440 silly fetch manifest mdast-util-find-and-replace@^3.0.1
2441 silly packumentCache full:https://registry.npmjs.org/mdast-util-find-and-replace cache-miss
2442 http fetch GET 200 https://registry.npmjs.org/mdast-util-find-and-replace 1ms (cache hit)
2443 silly packumentCache full:https://registry.npmjs.org/mdast-util-find-and-replace set size:53070 disposed:false
2444 silly fetch manifest mdast-util-frontmatter@^2.0.0
2445 silly packumentCache full:https://registry.npmjs.org/mdast-util-frontmatter cache-miss
2446 http fetch GET 200 https://registry.npmjs.org/mdast-util-frontmatter 1ms (cache hit)
2447 silly packumentCache full:https://registry.npmjs.org/mdast-util-frontmatter set size:33412 disposed:false
2448 silly fetch manifest micromark-extension-frontmatter@^2.0.0
2449 silly packumentCache full:https://registry.npmjs.org/micromark-extension-frontmatter cache-miss
2450 http fetch GET 200 https://registry.npmjs.org/micromark-extension-frontmatter 1ms (cache hit)
2451 silly packumentCache full:https://registry.npmjs.org/micromark-extension-frontmatter set size:45547 disposed:false
2452 silly fetch manifest mdast-util-gfm@^3.0.0
2453 silly packumentCache full:https://registry.npmjs.org/mdast-util-gfm cache-miss
2454 http fetch GET 200 https://registry.npmjs.org/mdast-util-gfm 2ms (cache hit)
2455 silly packumentCache full:https://registry.npmjs.org/mdast-util-gfm set size:50589 disposed:false
2456 silly fetch manifest micromark-extension-gfm@^3.0.0
2457 silly packumentCache full:https://registry.npmjs.org/micromark-extension-gfm cache-miss
2458 http fetch GET 200 https://registry.npmjs.org/micromark-extension-gfm 1ms (cache hit)
2459 silly packumentCache full:https://registry.npmjs.org/micromark-extension-gfm set size:59806 disposed:false
2460 silly fetch manifest remark-stringify@^11.0.0
2461 silly packumentCache full:https://registry.npmjs.org/remark-stringify cache-miss
2462 http fetch GET 200 https://registry.npmjs.org/remark-stringify 1ms (cache hit)
2463 silly packumentCache full:https://registry.npmjs.org/remark-stringify set size:118222 disposed:false
2464 silly fetch manifest is-obj@^1.0.1
2465 silly packumentCache full:https://registry.npmjs.org/is-obj cache-miss
2466 http fetch GET 200 https://registry.npmjs.org/is-obj 4ms (cache hit)
2467 silly packumentCache full:https://registry.npmjs.org/is-obj set size:9560 disposed:false
2468 silly fetch manifest is-regexp@^1.0.0
2469 silly packumentCache full:https://registry.npmjs.org/is-regexp cache-miss
2470 http fetch GET 200 https://registry.npmjs.org/is-regexp 1ms (cache hit)
2471 silly packumentCache full:https://registry.npmjs.org/is-regexp set size:12459 disposed:false
2472 silly fetch manifest get-own-enumerable-property-symbols@^3.0.0
2473 silly packumentCache full:https://registry.npmjs.org/get-own-enumerable-property-symbols cache-miss
2474 http fetch GET 200 https://registry.npmjs.org/get-own-enumerable-property-symbols 2ms (cache hit)
2475 silly packumentCache full:https://registry.npmjs.org/get-own-enumerable-property-symbols set size:19236 disposed:false
2476 silly fetch manifest @types/unist@^3.0.0
2477 silly packumentCache full:https://registry.npmjs.org/@types%2funist cache-miss
2478 http fetch GET 200 https://registry.npmjs.org/@types%2funist 1ms (cache hit)
2479 silly packumentCache full:https://registry.npmjs.org/@types%2funist set size:39215 disposed:false
2480 silly fetch manifest bail@^2.0.0
2481 silly packumentCache full:https://registry.npmjs.org/bail cache-miss
2482 http fetch GET 200 https://registry.npmjs.org/bail 1ms (cache hit)
2483 silly packumentCache full:https://registry.npmjs.org/bail set size:30511 disposed:false
2484 silly fetch manifest extend@^3.0.0
2485 silly packumentCache full:https://registry.npmjs.org/extend cache-miss
2486 http fetch GET 200 https://registry.npmjs.org/extend 1ms (cache hit)
2487 silly packumentCache full:https://registry.npmjs.org/extend set size:25974 disposed:false
2488 silly fetch manifest is-plain-obj@^4.0.0
2489 silly packumentCache full:https://registry.npmjs.org/is-plain-obj cache-miss
2490 http fetch GET 200 https://registry.npmjs.org/is-plain-obj 2ms (cache hit)
2491 silly packumentCache full:https://registry.npmjs.org/is-plain-obj set size:17899 disposed:false
2492 silly fetch manifest trough@^2.0.0
2493 silly packumentCache full:https://registry.npmjs.org/trough cache-miss
2494 http fetch GET 200 https://registry.npmjs.org/trough 3ms (cache hit)
2495 silly packumentCache full:https://registry.npmjs.org/trough set size:46749 disposed:false
2496 silly fetch manifest unist-util-is@^6.0.0
2497 silly packumentCache full:https://registry.npmjs.org/unist-util-is cache-miss
2498 http fetch GET 200 https://registry.npmjs.org/unist-util-is 2ms (cache hit)
2499 silly packumentCache full:https://registry.npmjs.org/unist-util-is set size:79350 disposed:false
2500 silly fetch manifest unist-util-visit-parents@^6.0.0
2501 silly packumentCache full:https://registry.npmjs.org/unist-util-visit-parents cache-miss
2502 http fetch GET 200 https://registry.npmjs.org/unist-util-visit-parents 1ms (cache hit)
2503 silly packumentCache full:https://registry.npmjs.org/unist-util-visit-parents set size:103476 disposed:false
2504 silly fetch manifest vfile-message@^4.0.0
2505 silly packumentCache full:https://registry.npmjs.org/vfile-message cache-miss
2506 http fetch GET 200 https://registry.npmjs.org/vfile-message 2ms (cache hit)
2507 silly packumentCache full:https://registry.npmjs.org/vfile-message set size:81663 disposed:false
2508 silly placeDep ROOT @types/history@4.7.11 OK for: @docusaurus/module-type-aliases@3.9.2 want: ^4.7.11
2509 silly placeDep ROOT @types/react@19.2.14 OK for: @docusaurus/module-type-aliases@3.9.2 want: *
2510 silly placeDep ROOT @types/react-router-config@5.0.11 OK for: @docusaurus/module-type-aliases@3.9.2 want: *
2511 silly placeDep ROOT @types/react-router-dom@5.3.3 OK for: @docusaurus/module-type-aliases@3.9.2 want: *
2512 silly fetch manifest csstype@^3.2.2
2513 silly packumentCache full:https://registry.npmjs.org/csstype cache-miss
2514 http fetch GET 200 https://registry.npmjs.org/csstype 32ms (cache revalidated)
2515 silly packumentCache full:https://registry.npmjs.org/csstype set size:274189 disposed:false
2516 silly fetch manifest @types/react-router@^5.1.0
2517 silly packumentCache full:https://registry.npmjs.org/@types%2freact-router cache-miss
2518 http fetch GET 200 https://registry.npmjs.org/@types%2freact-router 2ms (cache hit)
2519 silly packumentCache full:https://registry.npmjs.org/@types%2freact-router set size:372282 disposed:false
2520 silly fetch manifest @types/react-router@*
2521 silly packumentCache full:https://registry.npmjs.org/@types%2freact-router cache-hit
2522 silly placeDep ROOT @docusaurus/plugin-content-blog@3.9.2 OK for: @docusaurus/preset-classic@3.9.2 want: 3.9.2
2523 silly placeDep ROOT @docusaurus/plugin-content-docs@3.9.2 OK for: @docusaurus/preset-classic@3.9.2 want: 3.9.2
2524 silly placeDep ROOT @docusaurus/plugin-content-pages@3.9.2 OK for: @docusaurus/preset-classic@3.9.2 want: 3.9.2
2525 silly placeDep ROOT @docusaurus/plugin-css-cascade-layers@3.9.2 OK for: @docusaurus/preset-classic@3.9.2 want: 3.9.2
2526 silly placeDep ROOT @docusaurus/plugin-debug@3.9.2 OK for: @docusaurus/preset-classic@3.9.2 want: 3.9.2
2527 silly placeDep ROOT @docusaurus/plugin-google-analytics@3.9.2 OK for: @docusaurus/preset-classic@3.9.2 want: 3.9.2
2528 silly placeDep ROOT @docusaurus/plugin-google-gtag@3.9.2 OK for: @docusaurus/preset-classic@3.9.2 want: 3.9.2
2529 silly placeDep ROOT @docusaurus/plugin-google-tag-manager@3.9.2 OK for: @docusaurus/preset-classic@3.9.2 want: 3.9.2
2530 silly placeDep ROOT @docusaurus/plugin-sitemap@3.9.2 OK for: @docusaurus/preset-classic@3.9.2 want: 3.9.2
2531 silly placeDep ROOT @docusaurus/plugin-svgr@3.9.2 OK for: @docusaurus/preset-classic@3.9.2 want: 3.9.2
2532 silly placeDep ROOT @docusaurus/theme-classic@3.9.2 OK for: @docusaurus/preset-classic@3.9.2 want: 3.9.2
2533 silly placeDep ROOT @docusaurus/theme-common@3.9.2 OK for: @docusaurus/preset-classic@3.9.2 want: 3.9.2
2534 silly placeDep ROOT @docusaurus/theme-search-algolia@3.9.2 OK for: @docusaurus/preset-classic@3.9.2 want: 3.9.2
2535 silly fetch manifest feed@^4.2.2
2536 silly packumentCache full:https://registry.npmjs.org/feed cache-miss
2537 http fetch GET 200 https://registry.npmjs.org/feed 48ms (cache hit)
2538 silly packumentCache full:https://registry.npmjs.org/feed set size:82566 disposed:false
2539 silly fetch manifest srcset@^4.0.0
2540 silly packumentCache full:https://registry.npmjs.org/srcset cache-miss
2541 http fetch GET 200 https://registry.npmjs.org/srcset 2ms (cache hit)
2542 silly packumentCache full:https://registry.npmjs.org/srcset set size:28322 disposed:false
2543 silly fetch manifest cheerio@1.0.0-rc.12
2544 silly packumentCache full:https://registry.npmjs.org/cheerio cache-miss
2545 http fetch GET 200 https://registry.npmjs.org/cheerio 2ms (cache hit)
2546 silly packumentCache full:https://registry.npmjs.org/cheerio set size:169071 disposed:false
2547 silly fetch manifest schema-dts@^1.1.2
2548 silly packumentCache full:https://registry.npmjs.org/schema-dts cache-miss
2549 http fetch GET 200 https://registry.npmjs.org/schema-dts 2ms (cache hit)
2550 silly packumentCache full:https://registry.npmjs.org/schema-dts set size:97419 disposed:false
2551 silly fetch manifest react-json-view-lite@^2.3.0
2552 silly packumentCache full:https://registry.npmjs.org/react-json-view-lite cache-miss
2553 http fetch GET 200 https://registry.npmjs.org/react-json-view-lite 2ms (cache hit)
2554 silly packumentCache full:https://registry.npmjs.org/react-json-view-lite set size:127730 disposed:false
2555 silly fetch manifest @types/gtag.js@^0.0.12
2556 silly packumentCache full:https://registry.npmjs.org/@types%2fgtag.js cache-miss
2557 http fetch GET 200 https://registry.npmjs.org/@types%2fgtag.js 2ms (cache hit)
2558 silly packumentCache full:https://registry.npmjs.org/@types%2fgtag.js set size:43625 disposed:false
2559 silly fetch manifest sitemap@^7.1.1
2560 silly packumentCache full:https://registry.npmjs.org/sitemap cache-miss
2561 http fetch GET 200 https://registry.npmjs.org/sitemap 3ms (cache hit)
2562 silly packumentCache full:https://registry.npmjs.org/sitemap set size:260722 disposed:false
2563 silly fetch manifest @svgr/core@8.1.0
2564 silly packumentCache full:https://registry.npmjs.org/@svgr%2fcore cache-miss
2565 http fetch GET 200 https://registry.npmjs.org/@svgr%2fcore 2ms (cache hit)
2566 silly packumentCache full:https://registry.npmjs.org/@svgr%2fcore set size:120179 disposed:false
2567 silly fetch manifest @svgr/webpack@^8.1.0
2568 silly packumentCache full:https://registry.npmjs.org/@svgr%2fwebpack cache-miss
2569 http fetch GET 200 https://registry.npmjs.org/@svgr%2fwebpack 2ms (cache hit)
2570 silly packumentCache full:https://registry.npmjs.org/@svgr%2fwebpack set size:155748 disposed:false
2571 silly fetch manifest infima@0.2.0-alpha.45
2572 silly packumentCache full:https://registry.npmjs.org/infima cache-miss
2573 http fetch GET 200 https://registry.npmjs.org/infima 4ms (cache hit)
2574 silly packumentCache full:https://registry.npmjs.org/infima set size:127666 disposed:false
2575 silly fetch manifest rtlcss@^4.1.0
2576 silly packumentCache full:https://registry.npmjs.org/rtlcss cache-miss
2577 http fetch GET 200 https://registry.npmjs.org/rtlcss 2ms (cache hit)
2578 silly packumentCache full:https://registry.npmjs.org/rtlcss set size:125662 disposed:false
2579 silly fetch manifest prismjs@^1.29.0
2580 silly packumentCache full:https://registry.npmjs.org/prismjs cache-miss
2581 http fetch GET 200 https://registry.npmjs.org/prismjs 8ms (cache hit)
2582 silly packumentCache full:https://registry.npmjs.org/prismjs set size:114071 disposed:false
2583 silly fetch manifest nprogress@^0.2.0
2584 silly packumentCache full:https://registry.npmjs.org/nprogress cache-miss
2585 http fetch GET 200 https://registry.npmjs.org/nprogress 2ms (cache hit)
2586 silly packumentCache full:https://registry.npmjs.org/nprogress set size:27496 disposed:false
2587 silly fetch manifest @docusaurus/theme-translations@3.9.2
2588 silly packumentCache full:https://registry.npmjs.org/@docusaurus%2ftheme-translations cache-miss
2589 http fetch GET 200 https://registry.npmjs.org/@docusaurus%2ftheme-translations 6ms (cache hit)
2590 silly packumentCache full:https://registry.npmjs.org/@docusaurus%2ftheme-translations set size:3621285 disposed:false
2591 silly fetch manifest parse-numeric-range@^1.3.0
2592 silly packumentCache full:https://registry.npmjs.org/parse-numeric-range cache-miss
2593 http fetch GET 200 https://registry.npmjs.org/parse-numeric-range 3ms (cache hit)
2594 silly packumentCache full:https://registry.npmjs.org/parse-numeric-range set size:14645 disposed:false
2595 silly fetch manifest algoliasearch@^5.37.0
2596 silly packumentCache full:https://registry.npmjs.org/algoliasearch cache-miss
2597 http fetch GET 200 https://registry.npmjs.org/algoliasearch 3ms (cache hit)
2598 silly packumentCache full:https://registry.npmjs.org/algoliasearch set size:1764186 disposed:false
2599 silly fetch manifest @docsearch/react@^3.9.0 || ^4.1.0
2600 silly packumentCache full:https://registry.npmjs.org/@docsearch%2freact cache-miss
2601 http fetch GET 200 https://registry.npmjs.org/@docsearch%2freact 2ms (cache hit)
2602 silly packumentCache full:https://registry.npmjs.org/@docsearch%2freact set size:257960 disposed:false
2603 silly fetch manifest algoliasearch-helper@^3.26.0
2604 silly packumentCache full:https://registry.npmjs.org/algoliasearch-helper cache-miss
2605 http fetch GET 200 https://registry.npmjs.org/algoliasearch-helper 3ms (cache hit)
2606 silly packumentCache full:https://registry.npmjs.org/algoliasearch-helper set size:681264 disposed:false
2607 silly placeDep ROOT cheerio@1.0.0-rc.12 OK for: @docusaurus/plugin-content-blog@3.9.2 want: 1.0.0-rc.12
2608 silly placeDep ROOT feed@4.2.2 OK for: @docusaurus/plugin-content-blog@3.9.2 want: ^4.2.2
2609 silly placeDep ROOT schema-dts@1.1.5 OK for: @docusaurus/plugin-content-blog@3.9.2 want: ^1.1.2
2610 silly placeDep ROOT srcset@4.0.0 OK for: @docusaurus/plugin-content-blog@3.9.2 want: ^4.0.0
2611 silly placeDep ROOT utility-types@3.11.0 OK for: @docusaurus/plugin-content-blog@3.9.2 want: ^3.10.0
2612 silly fetch manifest parse5@^7.0.0
2613 silly packumentCache full:https://registry.npmjs.org/parse5 cache-miss
2614 http fetch GET 200 https://registry.npmjs.org/parse5 2ms (cache hit)
2615 silly packumentCache full:https://registry.npmjs.org/parse5 set size:120807 disposed:false
2616 silly fetch manifest domutils@^3.0.1
2617 silly packumentCache full:https://registry.npmjs.org/domutils cache-miss
2618 http fetch GET 200 https://registry.npmjs.org/domutils 1ms (cache hit)
2619 silly packumentCache full:https://registry.npmjs.org/domutils set size:110068 disposed:false
2620 silly fetch manifest domhandler@^5.0.3
2621 silly packumentCache full:https://registry.npmjs.org/domhandler cache-miss
2622 http fetch GET 200 https://registry.npmjs.org/domhandler 2ms (cache hit)
2623 silly packumentCache full:https://registry.npmjs.org/domhandler set size:78187 disposed:false
2624 silly fetch manifest htmlparser2@^8.0.1
2625 silly packumentCache full:https://registry.npmjs.org/htmlparser2 cache-miss
2626 http fetch GET 200 https://registry.npmjs.org/htmlparser2 2ms (cache hit)
2627 silly packumentCache full:https://registry.npmjs.org/htmlparser2 set size:176911 disposed:false
2628 silly fetch manifest cheerio-select@^2.1.0
2629 silly packumentCache full:https://registry.npmjs.org/cheerio-select cache-miss
2630 http fetch GET 200 https://registry.npmjs.org/cheerio-select 2ms (cache hit)
2631 silly packumentCache full:https://registry.npmjs.org/cheerio-select set size:36915 disposed:false
2632 silly fetch manifest dom-serializer@^2.0.0
2633 silly packumentCache full:https://registry.npmjs.org/dom-serializer cache-miss
2634 http fetch GET 200 https://registry.npmjs.org/dom-serializer 2ms (cache hit)
2635 silly packumentCache full:https://registry.npmjs.org/dom-serializer set size:55186 disposed:false
2636 silly fetch manifest parse5-htmlparser2-tree-adapter@^7.0.0
2637 silly packumentCache full:https://registry.npmjs.org/parse5-htmlparser2-tree-adapter cache-miss
2638 http fetch GET 200 https://registry.npmjs.org/parse5-htmlparser2-tree-adapter 2ms (cache hit)
2639 silly packumentCache full:https://registry.npmjs.org/parse5-htmlparser2-tree-adapter set size:21911 disposed:false
2640 silly fetch manifest xml-js@^1.6.11
2641 silly packumentCache full:https://registry.npmjs.org/xml-js cache-miss
2642 http fetch GET 200 https://registry.npmjs.org/xml-js 2ms (cache hit)
2643 silly packumentCache full:https://registry.npmjs.org/xml-js set size:242400 disposed:false
2644 silly placeDep ROOT js-yaml@4.1.1 OK for: @docusaurus/plugin-content-docs@3.9.2 want: ^4.1.0
2645 silly fetch manifest argparse@^2.0.1
2646 silly packumentCache full:https://registry.npmjs.org/argparse cache-miss
2647 http fetch GET 200 https://registry.npmjs.org/argparse 3ms (cache hit)
2648 silly packumentCache full:https://registry.npmjs.org/argparse set size:49266 disposed:false
2649 silly placeDep ROOT react-json-view-lite@2.5.0 OK for: @docusaurus/plugin-debug@3.9.2 want: ^2.3.0
2650 silly placeDep ROOT @types/gtag.js@0.0.12 OK for: @docusaurus/plugin-google-gtag@3.9.2 want: ^0.0.12
2651 silly placeDep ROOT sitemap@7.1.3 OK for: @docusaurus/plugin-sitemap@3.9.2 want: ^7.1.1
2652 silly fetch manifest @types/node@^17.0.5
2653 silly packumentCache full:https://registry.npmjs.org/@types%2fnode cache-miss
2654 http fetch GET 200 https://registry.npmjs.org/@types%2fnode 10ms (cache hit)
2655 silly packumentCache full:https://registry.npmjs.org/@types%2fnode set size:10939971 disposed:false
2656 silly fetch manifest @types/sax@^1.2.1
2657 silly packumentCache full:https://registry.npmjs.org/@types%2fsax cache-miss
2658 http fetch GET 200 https://registry.npmjs.org/@types%2fsax 22ms (cache hit)
2659 silly packumentCache full:https://registry.npmjs.org/@types%2fsax set size:37057 disposed:false
2660 silly fetch manifest arg@^5.0.0
2661 silly packumentCache full:https://registry.npmjs.org/arg cache-miss
2662 http fetch GET 200 https://registry.npmjs.org/arg 1ms (cache hit)
2663 silly packumentCache full:https://registry.npmjs.org/arg set size:67036 disposed:false
2664 silly fetch manifest sax@^1.2.4
2665 silly packumentCache full:https://registry.npmjs.org/sax cache-miss
2666 http fetch GET 200 https://registry.npmjs.org/sax 2ms (cache hit)
2667 silly packumentCache full:https://registry.npmjs.org/sax set size:91199 disposed:false
2668 silly placeDep ROOT @svgr/core@8.1.0 OK for: @docusaurus/plugin-svgr@3.9.2 want: 8.1.0
2669 silly placeDep ROOT @svgr/webpack@8.1.0 OK for: @docusaurus/plugin-svgr@3.9.2 want: ^8.1.0
2670 silly fetch manifest @svgr/babel-preset@8.1.0
2671 silly packumentCache full:https://registry.npmjs.org/@svgr%2fbabel-preset cache-miss
2672 http fetch GET 200 https://registry.npmjs.org/@svgr%2fbabel-preset 2ms (cache hit)
2673 silly packumentCache full:https://registry.npmjs.org/@svgr%2fbabel-preset set size:91593 disposed:false
2674 silly fetch manifest cosmiconfig@^8.1.3
2675 silly packumentCache full:https://registry.npmjs.org/cosmiconfig cache-hit
2676 silly fetch manifest snake-case@^3.0.4
2677 silly packumentCache full:https://registry.npmjs.org/snake-case cache-miss
2678 http fetch GET 200 https://registry.npmjs.org/snake-case 1ms (cache hit)
2679 silly packumentCache full:https://registry.npmjs.org/snake-case set size:35240 disposed:false
2680 silly fetch manifest @babel/plugin-transform-react-constant-elements@^7.21.3
2681 silly packumentCache full:https://registry.npmjs.org/@babel%2fplugin-transform-react-constant-elements cache-miss
2682 http fetch GET 200 https://registry.npmjs.org/@babel%2fplugin-transform-react-constant-elements 6ms (cache hit)
2683 silly packumentCache full:https://registry.npmjs.org/@babel%2fplugin-transform-react-constant-elements set size:239564 disposed:false
2684 silly fetch manifest @svgr/plugin-jsx@8.1.0
2685 silly packumentCache full:https://registry.npmjs.org/@svgr%2fplugin-jsx cache-miss
2686 http fetch GET 200 https://registry.npmjs.org/@svgr%2fplugin-jsx 6ms (cache hit)
2687 silly packumentCache full:https://registry.npmjs.org/@svgr%2fplugin-jsx set size:106629 disposed:false
2688 silly fetch manifest @svgr/plugin-svgo@8.1.0
2689 silly packumentCache full:https://registry.npmjs.org/@svgr%2fplugin-svgo cache-miss
2690 http fetch GET 200 https://registry.npmjs.org/@svgr%2fplugin-svgo 2ms (cache hit)
2691 silly packumentCache full:https://registry.npmjs.org/@svgr%2fplugin-svgo set size:64934 disposed:false
2692 silly placeDep ROOT @docusaurus/theme-translations@3.9.2 OK for: @docusaurus/theme-classic@3.9.2 want: 3.9.2
2693 silly placeDep ROOT infima@0.2.0-alpha.45 OK for: @docusaurus/theme-classic@3.9.2 want: 0.2.0-alpha.45
2694 silly placeDep ROOT nprogress@0.2.0 OK for: @docusaurus/theme-classic@3.9.2 want: ^0.2.0
2695 silly placeDep ROOT prismjs@1.30.0 OK for: @docusaurus/theme-classic@3.9.2 want: ^1.29.0
2696 silly placeDep ROOT rtlcss@4.3.0 OK for: @docusaurus/theme-classic@3.9.2 want: ^4.1.0
2697 silly fetch manifest escalade@^3.1.1
2698 silly packumentCache full:https://registry.npmjs.org/escalade cache-miss
2699 http fetch GET 200 https://registry.npmjs.org/escalade 3ms (cache hit)
2700 silly packumentCache full:https://registry.npmjs.org/escalade set size:33724 disposed:false
2701 silly fetch manifest strip-json-comments@^3.1.1
2702 silly packumentCache full:https://registry.npmjs.org/strip-json-comments cache-miss
2703 http fetch GET 200 https://registry.npmjs.org/strip-json-comments 1ms (cache hit)
2704 silly packumentCache full:https://registry.npmjs.org/strip-json-comments set size:43569 disposed:false
2705 silly placeDep ROOT parse-numeric-range@1.3.0 OK for: @docusaurus/theme-common@3.9.2 want: ^1.3.0
2706 silly placeDep ROOT @docsearch/react@4.6.1 OK for: @docusaurus/theme-search-algolia@3.9.2 want: ^3.9.0 || ^4.1.0
2707 silly placeDep ROOT algoliasearch@5.50.0 OK for: @docusaurus/theme-search-algolia@3.9.2 want: ^5.37.0
2708 silly placeDep ROOT algoliasearch-helper@3.28.1 OK for: @docusaurus/theme-search-algolia@3.9.2 want: ^3.26.0
2709 silly fetch manifest @algolia/autocomplete-core@1.19.2
2710 silly packumentCache full:https://registry.npmjs.org/@algolia%2fautocomplete-core cache-miss
2711 http fetch GET 200 https://registry.npmjs.org/@algolia%2fautocomplete-core 4ms (cache hit)
2712 silly packumentCache full:https://registry.npmjs.org/@algolia%2fautocomplete-core set size:609705 disposed:false
2713 silly fetch manifest @docsearch/core@4.6.1
2714 silly packumentCache full:https://registry.npmjs.org/@docsearch%2fcore cache-miss
2715 http fetch GET 200 https://registry.npmjs.org/@docsearch%2fcore 2ms (cache hit)
2716 silly packumentCache full:https://registry.npmjs.org/@docsearch%2fcore set size:36064 disposed:false
2717 silly fetch manifest @docsearch/css@4.6.1
2718 silly packumentCache full:https://registry.npmjs.org/@docsearch%2fcss cache-miss
2719 http fetch GET 200 https://registry.npmjs.org/@docsearch%2fcss 2ms (cache hit)
2720 silly packumentCache full:https://registry.npmjs.org/@docsearch%2fcss set size:157814 disposed:false
2721 silly fetch manifest @algolia/abtesting@1.16.0
2722 silly packumentCache full:https://registry.npmjs.org/@algolia%2fabtesting cache-miss
2723 http fetch GET 200 https://registry.npmjs.org/@algolia%2fabtesting 4ms (cache hit)
2724 silly packumentCache full:https://registry.npmjs.org/@algolia%2fabtesting set size:261397 disposed:false
2725 silly fetch manifest @algolia/client-abtesting@5.50.0
2726 silly packumentCache full:https://registry.npmjs.org/@algolia%2fclient-abtesting cache-miss
2727 http fetch GET 200 https://registry.npmjs.org/@algolia%2fclient-abtesting 4ms (cache hit)
2728 silly packumentCache full:https://registry.npmjs.org/@algolia%2fclient-abtesting set size:1626413 disposed:false
2729 silly fetch manifest @algolia/client-analytics@5.50.0
2730 silly packumentCache full:https://registry.npmjs.org/@algolia%2fclient-analytics cache-miss
2731 http fetch GET 200 https://registry.npmjs.org/@algolia%2fclient-analytics 3ms (cache hit)
2732 silly packumentCache full:https://registry.npmjs.org/@algolia%2fclient-analytics set size:953793 disposed:false
2733 silly fetch manifest @algolia/client-common@5.50.0
2734 silly packumentCache full:https://registry.npmjs.org/@algolia%2fclient-common cache-miss
2735 http fetch GET 200 https://registry.npmjs.org/@algolia%2fclient-common 3ms (cache hit)
2736 silly packumentCache full:https://registry.npmjs.org/@algolia%2fclient-common set size:837234 disposed:false
2737 silly fetch manifest @algolia/client-insights@5.50.0
2738 silly packumentCache full:https://registry.npmjs.org/@algolia%2fclient-insights cache-miss
2739 http fetch GET 200 https://registry.npmjs.org/@algolia%2fclient-insights 2ms (cache hit)
2740 silly packumentCache full:https://registry.npmjs.org/@algolia%2fclient-insights set size:625480 disposed:false
2741 silly fetch manifest @algolia/client-personalization@5.50.0
2742 silly packumentCache full:https://registry.npmjs.org/@algolia%2fclient-personalization cache-miss
2743 http fetch GET 200 https://registry.npmjs.org/@algolia%2fclient-personalization 6ms (cache hit)
2744 silly packumentCache full:https://registry.npmjs.org/@algolia%2fclient-personalization set size:1886655 disposed:false
2745 silly fetch manifest @algolia/client-query-suggestions@5.50.0
2746 silly packumentCache full:https://registry.npmjs.org/@algolia%2fclient-query-suggestions cache-miss
2747 http fetch GET 200 https://registry.npmjs.org/@algolia%2fclient-query-suggestions 4ms (cache hit)
2748 silly packumentCache full:https://registry.npmjs.org/@algolia%2fclient-query-suggestions set size:1648403 disposed:false
2749 silly fetch manifest @algolia/client-search@5.50.0
2750 silly packumentCache full:https://registry.npmjs.org/@algolia%2fclient-search cache-miss
2751 http fetch GET 200 https://registry.npmjs.org/@algolia%2fclient-search 4ms (cache hit)
2752 silly packumentCache full:https://registry.npmjs.org/@algolia%2fclient-search set size:947134 disposed:false
2753 silly fetch manifest @algolia/ingestion@1.50.0
2754 silly packumentCache full:https://registry.npmjs.org/@algolia%2fingestion cache-miss
2755 http fetch GET 200 https://registry.npmjs.org/@algolia%2fingestion 4ms (cache hit)
2756 silly packumentCache full:https://registry.npmjs.org/@algolia%2fingestion set size:1424607 disposed:false
2757 silly fetch manifest @algolia/monitoring@1.50.0
2758 silly packumentCache full:https://registry.npmjs.org/@algolia%2fmonitoring cache-miss
2759 http fetch GET 200 https://registry.npmjs.org/@algolia%2fmonitoring 3ms (cache hit)
2760 silly packumentCache full:https://registry.npmjs.org/@algolia%2fmonitoring set size:1095170 disposed:false
2761 silly fetch manifest @algolia/recommend@5.50.0
2762 silly packumentCache full:https://registry.npmjs.org/@algolia%2frecommend cache-miss
2763 http fetch GET 200 https://registry.npmjs.org/@algolia%2frecommend 3ms (cache hit)
2764 silly packumentCache full:https://registry.npmjs.org/@algolia%2frecommend set size:727947 disposed:false
2765 silly fetch manifest @algolia/requester-browser-xhr@5.50.0
2766 silly packumentCache full:https://registry.npmjs.org/@algolia%2frequester-browser-xhr cache-miss
2767 http fetch GET 200 https://registry.npmjs.org/@algolia%2frequester-browser-xhr 4ms (cache hit)
2768 silly packumentCache full:https://registry.npmjs.org/@algolia%2frequester-browser-xhr set size:873500 disposed:false
2769 silly fetch manifest @algolia/requester-fetch@5.50.0
2770 silly packumentCache full:https://registry.npmjs.org/@algolia%2frequester-fetch cache-miss
2771 http fetch GET 200 https://registry.npmjs.org/@algolia%2frequester-fetch 8ms (cache hit)
2772 silly packumentCache full:https://registry.npmjs.org/@algolia%2frequester-fetch set size:1739971 disposed:false
2773 silly fetch manifest @algolia/requester-node-http@5.50.0
2774 silly packumentCache full:https://registry.npmjs.org/@algolia%2frequester-node-http cache-miss
2775 http fetch GET 200 https://registry.npmjs.org/@algolia%2frequester-node-http 4ms (cache hit)
2776 silly packumentCache full:https://registry.npmjs.org/@algolia%2frequester-node-http set size:864586 disposed:false
2777 silly fetch manifest @algolia/events@^4.0.1
2778 silly packumentCache full:https://registry.npmjs.org/@algolia%2fevents cache-miss
2779 http fetch GET 200 https://registry.npmjs.org/@algolia%2fevents 2ms (cache hit)
2780 silly packumentCache full:https://registry.npmjs.org/@algolia%2fevents set size:10238 disposed:false
2781 silly placeDep ROOT @algolia/autocomplete-core@1.19.2 OK for: @docsearch/react@4.6.1 want: 1.19.2
2782 silly placeDep ROOT @docsearch/core@4.6.1 OK for: @docsearch/react@4.6.1 want: 4.6.1
2783 silly placeDep ROOT @docsearch/css@4.6.1 OK for: @docsearch/react@4.6.1 want: 4.6.1
2784 silly fetch manifest @algolia/autocomplete-shared@1.19.2
2785 silly packumentCache full:https://registry.npmjs.org/@algolia%2fautocomplete-shared cache-miss
2786 http fetch GET 200 https://registry.npmjs.org/@algolia%2fautocomplete-shared 3ms (cache hit)
2787 silly packumentCache full:https://registry.npmjs.org/@algolia%2fautocomplete-shared set size:539033 disposed:false
2788 silly fetch manifest @algolia/autocomplete-plugin-algolia-insights@1.19.2
2789 silly packumentCache full:https://registry.npmjs.org/@algolia%2fautocomplete-plugin-algolia-insights cache-miss
2790 http fetch GET 200 https://registry.npmjs.org/@algolia%2fautocomplete-plugin-algolia-insights 4ms (cache hit)
2791 silly packumentCache full:https://registry.npmjs.org/@algolia%2fautocomplete-plugin-algolia-insights set size:570798 disposed:false
2792 silly placeDep ROOT @algolia/autocomplete-plugin-algolia-insights@1.19.2 OK for: @algolia/autocomplete-core@1.19.2 want: 1.19.2
2793 silly placeDep ROOT @algolia/autocomplete-shared@1.19.2 OK for: @algolia/autocomplete-core@1.19.2 want: 1.19.2
2794 silly placeDep ROOT @types/mdast@4.0.4 OK for: @docusaurus/types@3.9.2 want: ^4.0.2
2795 silly placeDep ROOT joi@17.13.3 OK for: @docusaurus/types@3.9.2 want: ^17.9.2
2796 silly placeDep node_modules/@docusaurus/types webpack-merge@5.10.0 OK for: @docusaurus/types@3.9.2 want: ^5.9.0
2797 silly fetch manifest @types/unist@*
2798 silly packumentCache full:https://registry.npmjs.org/@types%2funist cache-hit
2799 silly fetch manifest @hapi/hoek@^9.3.0
2800 silly packumentCache full:https://registry.npmjs.org/@hapi%2fhoek cache-miss
2801 http fetch GET 200 https://registry.npmjs.org/@hapi%2fhoek 1ms (cache hit)
2802 silly packumentCache full:https://registry.npmjs.org/@hapi%2fhoek set size:121527 disposed:false
2803 silly fetch manifest @hapi/topo@^5.1.0
2804 silly packumentCache full:https://registry.npmjs.org/@hapi%2ftopo cache-miss
2805 http fetch GET 200 https://registry.npmjs.org/@hapi%2ftopo 3ms (cache hit)
2806 silly packumentCache full:https://registry.npmjs.org/@hapi%2ftopo set size:36881 disposed:false
2807 silly fetch manifest @sideway/address@^4.1.5
2808 silly packumentCache full:https://registry.npmjs.org/@sideway%2faddress cache-miss
2809 http fetch GET 200 https://registry.npmjs.org/@sideway%2faddress 2ms (cache hit)
2810 silly packumentCache full:https://registry.npmjs.org/@sideway%2faddress set size:18241 disposed:false
2811 silly fetch manifest @sideway/formula@^3.0.1
2812 silly packumentCache full:https://registry.npmjs.org/@sideway%2fformula cache-miss
2813 http fetch GET 200 https://registry.npmjs.org/@sideway%2fformula 2ms (cache hit)
2814 silly packumentCache full:https://registry.npmjs.org/@sideway%2fformula set size:6366 disposed:false
2815 silly fetch manifest @sideway/pinpoint@^2.0.0
2816 silly packumentCache full:https://registry.npmjs.org/@sideway%2fpinpoint cache-miss
2817 http fetch GET 200 https://registry.npmjs.org/@sideway%2fpinpoint 1ms (cache hit)
2818 silly packumentCache full:https://registry.npmjs.org/@sideway%2fpinpoint set size:3672 disposed:false
2819 silly fetch manifest wildcard@^2.0.0
2820 silly packumentCache full:https://registry.npmjs.org/wildcard cache-hit
2821 silly placeDep ROOT escape-string-regexp@4.0.0 OK for: @docusaurus/utils@3.9.2 want: ^4.0.0
2822 silly placeDep ROOT github-slugger@1.5.0 OK for: @docusaurus/utils@3.9.2 want: ^1.5.0
2823 silly placeDep ROOT globby@11.1.0 OK for: @docusaurus/utils@3.9.2 want: ^11.1.0
2824 silly placeDep ROOT gray-matter@4.0.3 OK for: @docusaurus/utils@3.9.2 want: ^4.0.3
2825 silly placeDep ROOT jiti@1.21.7 OK for: @docusaurus/utils@3.9.2 want: ^1.20.0
2826 silly placeDep ROOT micromatch@4.0.8 OK for: @docusaurus/utils@3.9.2 want: ^4.0.5
2827 silly placeDep ROOT p-queue@6.6.2 OK for: @docusaurus/utils@3.9.2 want: ^6.6.2
2828 silly placeDep ROOT resolve-pathname@3.0.0 OK for: @docusaurus/utils@3.9.2 want: ^3.0.0
2829 silly fetch manifest slash@^3.0.0
2830 silly packumentCache full:https://registry.npmjs.org/slash cache-miss
2831 http fetch GET 200 https://registry.npmjs.org/slash 2ms (cache hit)
2832 silly packumentCache full:https://registry.npmjs.org/slash set size:20337 disposed:false
2833 silly fetch manifest ignore@^5.2.0
2834 silly packumentCache full:https://registry.npmjs.org/ignore cache-miss
2835 http fetch GET 200 https://registry.npmjs.org/ignore 2ms (cache hit)
2836 silly packumentCache full:https://registry.npmjs.org/ignore set size:237380 disposed:false
2837 silly fetch manifest merge2@^1.4.1
2838 silly packumentCache full:https://registry.npmjs.org/merge2 cache-miss
2839 http fetch GET 200 https://registry.npmjs.org/merge2 2ms (cache hit)
2840 silly packumentCache full:https://registry.npmjs.org/merge2 set size:46159 disposed:false
2841 silly fetch manifest dir-glob@^3.0.1
2842 silly packumentCache full:https://registry.npmjs.org/dir-glob cache-miss
2843 http fetch GET 200 https://registry.npmjs.org/dir-glob 2ms (cache hit)
2844 silly packumentCache full:https://registry.npmjs.org/dir-glob set size:22205 disposed:false
2845 silly fetch manifest fast-glob@^3.2.9
2846 silly packumentCache full:https://registry.npmjs.org/fast-glob cache-hit
2847 silly fetch manifest array-union@^2.1.0
2848 silly packumentCache full:https://registry.npmjs.org/array-union cache-miss
2849 http fetch GET 200 https://registry.npmjs.org/array-union 1ms (cache hit)
2850 silly packumentCache full:https://registry.npmjs.org/array-union set size:18386 disposed:false
2851 silly fetch manifest js-yaml@^3.13.1
2852 silly packumentCache full:https://registry.npmjs.org/js-yaml cache-hit
2853 silly fetch manifest kind-of@^6.0.2
2854 silly packumentCache full:https://registry.npmjs.org/kind-of cache-miss
2855 http fetch GET 200 https://registry.npmjs.org/kind-of 3ms (cache hit)
2856 silly packumentCache full:https://registry.npmjs.org/kind-of set size:70901 disposed:false
2857 silly fetch manifest section-matter@^1.0.0
2858 silly packumentCache full:https://registry.npmjs.org/section-matter cache-miss
2859 http fetch GET 200 https://registry.npmjs.org/section-matter 2ms (cache hit)
2860 silly packumentCache full:https://registry.npmjs.org/section-matter set size:11469 disposed:false
2861 silly fetch manifest strip-bom-string@^1.0.0
2862 silly packumentCache full:https://registry.npmjs.org/strip-bom-string cache-miss
2863 http fetch GET 200 https://registry.npmjs.org/strip-bom-string 4ms (cache hit)
2864 silly packumentCache full:https://registry.npmjs.org/strip-bom-string set size:10606 disposed:false
2865 silly fetch manifest braces@^3.0.3
2866 silly packumentCache full:https://registry.npmjs.org/braces cache-hit
2867 silly fetch manifest picomatch@^2.3.1
2868 silly packumentCache full:https://registry.npmjs.org/picomatch cache-miss
2869 http fetch GET 200 https://registry.npmjs.org/picomatch 2ms (cache hit)
2870 silly packumentCache full:https://registry.npmjs.org/picomatch set size:126376 disposed:false
2871 silly fetch manifest p-timeout@^3.2.0
2872 silly packumentCache full:https://registry.npmjs.org/p-timeout cache-miss
2873 http fetch GET 200 https://registry.npmjs.org/p-timeout 1ms (cache hit)
2874 silly packumentCache full:https://registry.npmjs.org/p-timeout set size:60739 disposed:false
2875 silly fetch manifest eventemitter3@^4.0.4
2876 silly packumentCache full:https://registry.npmjs.org/eventemitter3 cache-miss
2877 http fetch GET 200 https://registry.npmjs.org/eventemitter3 2ms (cache hit)
2878 silly packumentCache full:https://registry.npmjs.org/eventemitter3 set size:92292 disposed:false
2879 silly placeDep ROOT @jridgewell/sourcemap-codec@1.5.5 OK for: @jridgewell/gen-mapping@0.3.13 want: ^1.5.0
2880 silly placeDep ROOT @jridgewell/resolve-uri@3.1.2 OK for: @jridgewell/trace-mapping@0.3.31 want: ^3.1.0
2881 silly placeDep ROOT @types/estree@1.0.8 OK for: @mdx-js/mdx@3.1.1 want: ^1.0.0
2882 silly placeDep ROOT @types/estree-jsx@1.0.5 OK for: @mdx-js/mdx@3.1.1 want: ^1.0.0
2883 silly placeDep ROOT @types/hast@3.0.4 OK for: @mdx-js/mdx@3.1.1 want: ^3.0.0
2884 silly placeDep ROOT @types/mdx@2.0.13 OK for: @mdx-js/mdx@3.1.1 want: ^2.0.0
2885 silly placeDep ROOT acorn@8.16.0 OK for: @mdx-js/mdx@3.1.1 want: ^8.0.0
2886 silly placeDep ROOT collapse-white-space@2.1.0 OK for: @mdx-js/mdx@3.1.1 want: ^2.0.0
2887 silly placeDep ROOT devlop@1.1.0 OK for: @mdx-js/mdx@3.1.1 want: ^1.0.0
2888 silly placeDep ROOT estree-util-is-identifier-name@3.0.0 OK for: @mdx-js/mdx@3.1.1 want: ^3.0.0
2889 silly placeDep ROOT estree-util-scope@1.0.0 OK for: @mdx-js/mdx@3.1.1 want: ^1.0.0
2890 silly placeDep ROOT estree-walker@3.0.3 OK for: @mdx-js/mdx@3.1.1 want: ^3.0.0
2891 silly placeDep ROOT hast-util-to-jsx-runtime@2.3.6 OK for: @mdx-js/mdx@3.1.1 want: ^2.0.0
2892 silly placeDep ROOT markdown-extensions@2.0.0 OK for: @mdx-js/mdx@3.1.1 want: ^2.0.0
2893 silly placeDep ROOT recma-build-jsx@1.0.0 OK for: @mdx-js/mdx@3.1.1 want: ^1.0.0
2894 silly placeDep ROOT recma-jsx@1.0.1 OK for: @mdx-js/mdx@3.1.1 want: ^1.0.0
2895 silly placeDep ROOT recma-stringify@1.0.0 OK for: @mdx-js/mdx@3.1.1 want: ^1.0.0
2896 silly placeDep ROOT rehype-recma@1.0.0 OK for: @mdx-js/mdx@3.1.1 want: ^1.0.0
2897 silly placeDep ROOT remark-mdx@3.1.1 OK for: @mdx-js/mdx@3.1.1 want: ^3.0.0
2898 silly placeDep ROOT remark-parse@11.0.0 OK for: @mdx-js/mdx@3.1.1 want: ^11.0.0
2899 silly placeDep ROOT remark-rehype@11.1.2 OK for: @mdx-js/mdx@3.1.1 want: ^11.0.0
2900 silly placeDep ROOT source-map@0.7.6 OK for: @mdx-js/mdx@3.1.1 want: ^0.7.0
2901 silly placeDep ROOT unist-util-position-from-estree@2.0.0 OK for: @mdx-js/mdx@3.1.1 want: ^2.0.0
2902 silly placeDep ROOT unist-util-stringify-position@4.0.0 OK for: @mdx-js/mdx@3.1.1 want: ^4.0.0
2903 silly fetch manifest dequal@^2.0.0
2904 silly packumentCache full:https://registry.npmjs.org/dequal cache-miss
2905 http fetch GET 200 https://registry.npmjs.org/dequal 2ms (cache hit)
2906 silly packumentCache full:https://registry.npmjs.org/dequal set size:24037 disposed:false
2907 silly fetch manifest comma-separated-tokens@^2.0.0
2908 silly packumentCache full:https://registry.npmjs.org/comma-separated-tokens cache-miss
2909 http fetch GET 200 https://registry.npmjs.org/comma-separated-tokens 3ms (cache hit)
2910 silly packumentCache full:https://registry.npmjs.org/comma-separated-tokens set size:45877 disposed:false
2911 silly fetch manifest hast-util-whitespace@^3.0.0
2912 silly packumentCache full:https://registry.npmjs.org/hast-util-whitespace cache-miss
2913 http fetch GET 200 https://registry.npmjs.org/hast-util-whitespace 2ms (cache hit)
2914 silly packumentCache full:https://registry.npmjs.org/hast-util-whitespace set size:35245 disposed:false
2915 silly fetch manifest property-information@^7.0.0
2916 silly packumentCache full:https://registry.npmjs.org/property-information cache-miss
2917 http fetch GET 200 https://registry.npmjs.org/property-information 2ms (cache hit)
2918 silly packumentCache full:https://registry.npmjs.org/property-information set size:183767 disposed:false
2919 silly fetch manifest space-separated-tokens@^2.0.0
2920 silly packumentCache full:https://registry.npmjs.org/space-separated-tokens cache-miss
2921 http fetch GET 200 https://registry.npmjs.org/space-separated-tokens 2ms (cache hit)
2922 silly packumentCache full:https://registry.npmjs.org/space-separated-tokens set size:36967 disposed:false
2923 silly fetch manifest style-to-js@^1.0.0
2924 silly packumentCache full:https://registry.npmjs.org/style-to-js cache-miss
2925 http fetch GET 200 https://registry.npmjs.org/style-to-js 1ms (cache hit)
2926 silly packumentCache full:https://registry.npmjs.org/style-to-js set size:75361 disposed:false
2927 silly fetch manifest unist-util-position@^5.0.0
2928 silly packumentCache full:https://registry.npmjs.org/unist-util-position cache-miss
2929 http fetch GET 200 https://registry.npmjs.org/unist-util-position 2ms (cache hit)
2930 silly packumentCache full:https://registry.npmjs.org/unist-util-position set size:51342 disposed:false
2931 silly fetch manifest estree-util-build-jsx@^3.0.0
2932 silly packumentCache full:https://registry.npmjs.org/estree-util-build-jsx cache-miss
2933 http fetch GET 200 https://registry.npmjs.org/estree-util-build-jsx 2ms (cache hit)
2934 silly packumentCache full:https://registry.npmjs.org/estree-util-build-jsx set size:43778 disposed:false
2935 silly fetch manifest acorn-jsx@^5.0.0
2936 silly packumentCache full:https://registry.npmjs.org/acorn-jsx cache-miss
2937 http fetch GET 200 https://registry.npmjs.org/acorn-jsx 2ms (cache hit)
2938 silly packumentCache full:https://registry.npmjs.org/acorn-jsx set size:71068 disposed:false
2939 silly fetch manifest estree-util-to-js@^2.0.0
2940 silly packumentCache full:https://registry.npmjs.org/estree-util-to-js cache-miss
2941 http fetch GET 200 https://registry.npmjs.org/estree-util-to-js 3ms (cache hit)
2942 silly packumentCache full:https://registry.npmjs.org/estree-util-to-js set size:29617 disposed:false
2943 silly fetch manifest recma-parse@^1.0.0
2944 silly packumentCache full:https://registry.npmjs.org/recma-parse cache-miss
2945 http fetch GET 200 https://registry.npmjs.org/recma-parse 2ms (cache hit)
2946 silly packumentCache full:https://registry.npmjs.org/recma-parse set size:9850 disposed:false
2947 silly fetch manifest hast-util-to-estree@^3.0.0
2948 silly packumentCache full:https://registry.npmjs.org/hast-util-to-estree cache-miss
2949 http fetch GET 200 https://registry.npmjs.org/hast-util-to-estree 2ms (cache hit)
2950 silly packumentCache full:https://registry.npmjs.org/hast-util-to-estree set size:131337 disposed:false
2951 silly fetch manifest micromark-extension-mdxjs@^3.0.0
2952 silly packumentCache full:https://registry.npmjs.org/micromark-extension-mdxjs cache-miss
2953 http fetch GET 200 https://registry.npmjs.org/micromark-extension-mdxjs 2ms (cache hit)
2954 silly packumentCache full:https://registry.npmjs.org/micromark-extension-mdxjs set size:33937 disposed:false
2955 silly fetch manifest micromark-util-types@^2.0.0
2956 silly packumentCache full:https://registry.npmjs.org/micromark-util-types cache-miss
2957 http fetch GET 200 https://registry.npmjs.org/micromark-util-types 2ms (cache hit)
2958 silly packumentCache full:https://registry.npmjs.org/micromark-util-types set size:32498 disposed:false
2959 silly fetch manifest mdast-util-to-hast@^13.0.0
2960 silly packumentCache full:https://registry.npmjs.org/mdast-util-to-hast cache-miss
2961 http fetch GET 200 https://registry.npmjs.org/mdast-util-to-hast 3ms (cache hit)
2962 silly packumentCache full:https://registry.npmjs.org/mdast-util-to-hast set size:257722 disposed:false
2963 silly placeDep ROOT micromark-factory-space@1.1.0 OK for: @slorber/remark-comment@1.0.0 want: ^1.0.0
2964 silly placeDep ROOT micromark-util-character@1.2.0 OK for: @slorber/remark-comment@1.0.0 want: ^1.1.0
2965 silly placeDep ROOT micromark-util-symbol@1.1.0 OK for: @slorber/remark-comment@1.0.0 want: ^1.0.1
2966 silly fetch manifest micromark-util-types@^1.0.0
2967 silly packumentCache full:https://registry.npmjs.org/micromark-util-types cache-hit
2968 silly fetch manifest micromark-util-character@^1.0.0
2969 silly packumentCache full:https://registry.npmjs.org/micromark-util-character cache-hit
2970 silly fetch manifest micromark-util-symbol@^1.0.0
2971 silly packumentCache full:https://registry.npmjs.org/micromark-util-symbol cache-hit
2972 silly placeDep ROOT @svgr/babel-preset@8.1.0 OK for: @svgr/core@8.1.0 want: 8.1.0
2973 silly placeDep ROOT camelcase@6.3.0 OK for: @svgr/core@8.1.0 want: ^6.2.0
2974 silly placeDep ROOT cosmiconfig@8.3.6 OK for: @svgr/core@8.1.0 want: ^8.1.3
2975 silly placeDep ROOT snake-case@3.0.4 OK for: @svgr/core@8.1.0 want: ^3.0.4
2976 silly fetch manifest @svgr/babel-plugin-add-jsx-attribute@8.0.0
2977 silly packumentCache full:https://registry.npmjs.org/@svgr%2fbabel-plugin-add-jsx-attribute cache-miss
2978 http fetch GET 200 https://registry.npmjs.org/@svgr%2fbabel-plugin-add-jsx-attribute 3ms (cache hit)
2979 silly packumentCache full:https://registry.npmjs.org/@svgr%2fbabel-plugin-add-jsx-attribute set size:35625 disposed:false
2980 silly fetch manifest @svgr/babel-plugin-remove-jsx-attribute@8.0.0
2981 silly packumentCache full:https://registry.npmjs.org/@svgr%2fbabel-plugin-remove-jsx-attribute cache-miss
2982 http fetch GET 200 https://registry.npmjs.org/@svgr%2fbabel-plugin-remove-jsx-attribute 2ms (cache hit)
2983 silly packumentCache full:https://registry.npmjs.org/@svgr%2fbabel-plugin-remove-jsx-attribute set size:35046 disposed:false
2984 silly fetch manifest @svgr/babel-plugin-remove-jsx-empty-expression@8.0.0
2985 silly packumentCache full:https://registry.npmjs.org/@svgr%2fbabel-plugin-remove-jsx-empty-expression cache-miss
2986 http fetch GET 200 https://registry.npmjs.org/@svgr%2fbabel-plugin-remove-jsx-empty-expression 2ms (cache hit)
2987 silly packumentCache full:https://registry.npmjs.org/@svgr%2fbabel-plugin-remove-jsx-empty-expression set size:30254 disposed:false
2988 silly fetch manifest @svgr/babel-plugin-replace-jsx-attribute-value@8.0.0
2989 silly packumentCache full:https://registry.npmjs.org/@svgr%2fbabel-plugin-replace-jsx-attribute-value cache-miss
2990 http fetch GET 200 https://registry.npmjs.org/@svgr%2fbabel-plugin-replace-jsx-attribute-value 2ms (cache hit)
2991 silly packumentCache full:https://registry.npmjs.org/@svgr%2fbabel-plugin-replace-jsx-attribute-value set size:33643 disposed:false
2992 silly fetch manifest @svgr/babel-plugin-svg-dynamic-title@8.0.0
2993 silly packumentCache full:https://registry.npmjs.org/@svgr%2fbabel-plugin-svg-dynamic-title cache-miss
2994 http fetch GET 200 https://registry.npmjs.org/@svgr%2fbabel-plugin-svg-dynamic-title 2ms (cache hit)
2995 silly packumentCache full:https://registry.npmjs.org/@svgr%2fbabel-plugin-svg-dynamic-title set size:43228 disposed:false
2996 silly fetch manifest @svgr/babel-plugin-svg-em-dimensions@8.0.0
2997 silly packumentCache full:https://registry.npmjs.org/@svgr%2fbabel-plugin-svg-em-dimensions cache-miss
2998 http fetch GET 200 https://registry.npmjs.org/@svgr%2fbabel-plugin-svg-em-dimensions 1ms (cache hit)
2999 silly packumentCache full:https://registry.npmjs.org/@svgr%2fbabel-plugin-svg-em-dimensions set size:37620 disposed:false
3000 silly fetch manifest @svgr/babel-plugin-transform-react-native-svg@8.1.0
3001 silly packumentCache full:https://registry.npmjs.org/@svgr%2fbabel-plugin-transform-react-native-svg cache-miss
3002 http fetch GET 200 https://registry.npmjs.org/@svgr%2fbabel-plugin-transform-react-native-svg 3ms (cache hit)
3003 silly packumentCache full:https://registry.npmjs.org/@svgr%2fbabel-plugin-transform-react-native-svg set size:38224 disposed:false
3004 silly fetch manifest @svgr/babel-plugin-transform-svg-component@8.0.0
3005 silly packumentCache full:https://registry.npmjs.org/@svgr%2fbabel-plugin-transform-svg-component cache-miss
3006 http fetch GET 200 https://registry.npmjs.org/@svgr%2fbabel-plugin-transform-svg-component 1ms (cache hit)
3007 silly packumentCache full:https://registry.npmjs.org/@svgr%2fbabel-plugin-transform-svg-component set size:63723 disposed:false
3008 silly fetch manifest path-type@^4.0.0
3009 silly packumentCache full:https://registry.npmjs.org/path-type cache-miss
3010 http fetch GET 200 https://registry.npmjs.org/path-type 1ms (cache hit)
3011 silly packumentCache full:https://registry.npmjs.org/path-type set size:15341 disposed:false
3012 silly fetch manifest parse-json@^5.2.0
3013 silly packumentCache full:https://registry.npmjs.org/parse-json cache-miss
3014 http fetch GET 200 https://registry.npmjs.org/parse-json 1ms (cache hit)
3015 silly packumentCache full:https://registry.npmjs.org/parse-json set size:48198 disposed:false
3016 silly fetch manifest import-fresh@^3.3.0
3017 silly packumentCache full:https://registry.npmjs.org/import-fresh cache-miss
3018 http fetch GET 200 https://registry.npmjs.org/import-fresh 2ms (cache hit)
3019 silly packumentCache full:https://registry.npmjs.org/import-fresh set size:24604 disposed:false
3020 silly fetch manifest dot-case@^3.0.4
3021 silly packumentCache full:https://registry.npmjs.org/dot-case cache-miss
3022 http fetch GET 200 https://registry.npmjs.org/dot-case 1ms (cache hit)
3023 silly packumentCache full:https://registry.npmjs.org/dot-case set size:36351 disposed:false
3024 silly placeDep ROOT @svgr/babel-plugin-add-jsx-attribute@8.0.0 OK for: @svgr/babel-preset@8.1.0 want: 8.0.0
3025 silly placeDep ROOT @svgr/babel-plugin-remove-jsx-attribute@8.0.0 OK for: @svgr/babel-preset@8.1.0 want: 8.0.0
3026 silly placeDep ROOT @svgr/babel-plugin-remove-jsx-empty-expression@8.0.0 OK for: @svgr/babel-preset@8.1.0 want: 8.0.0
3027 silly placeDep ROOT @svgr/babel-plugin-replace-jsx-attribute-value@8.0.0 OK for: @svgr/babel-preset@8.1.0 want: 8.0.0
3028 silly placeDep ROOT @svgr/babel-plugin-svg-dynamic-title@8.0.0 OK for: @svgr/babel-preset@8.1.0 want: 8.0.0
3029 silly placeDep ROOT @svgr/babel-plugin-svg-em-dimensions@8.0.0 OK for: @svgr/babel-preset@8.1.0 want: 8.0.0
3030 silly placeDep ROOT @svgr/babel-plugin-transform-react-native-svg@8.1.0 OK for: @svgr/babel-preset@8.1.0 want: 8.1.0
3031 silly placeDep ROOT @svgr/babel-plugin-transform-svg-component@8.0.0 OK for: @svgr/babel-preset@8.1.0 want: 8.0.0
3032 silly placeDep ROOT @babel/plugin-transform-react-constant-elements@7.27.1 OK for: @svgr/webpack@8.1.0 want: ^7.21.3
3033 silly placeDep ROOT @svgr/plugin-jsx@8.1.0 OK for: @svgr/webpack@8.1.0 want: 8.1.0
3034 silly placeDep ROOT @svgr/plugin-svgo@8.1.0 OK for: @svgr/webpack@8.1.0 want: 8.1.0
3035 silly fetch manifest @svgr/hast-util-to-babel-ast@8.0.0
3036 silly packumentCache full:https://registry.npmjs.org/@svgr%2fhast-util-to-babel-ast cache-miss
3037 http fetch GET 200 https://registry.npmjs.org/@svgr%2fhast-util-to-babel-ast 2ms (cache hit)
3038 silly packumentCache full:https://registry.npmjs.org/@svgr%2fhast-util-to-babel-ast set size:65870 disposed:false
3039 silly fetch manifest svg-parser@^2.0.4
3040 silly packumentCache full:https://registry.npmjs.org/svg-parser cache-miss
3041 http fetch GET 200 https://registry.npmjs.org/svg-parser 3ms (cache hit)
3042 silly packumentCache full:https://registry.npmjs.org/svg-parser set size:29043 disposed:false
3043 silly fetch manifest deepmerge@^4.3.1
3044 silly packumentCache full:https://registry.npmjs.org/deepmerge cache-miss
3045 http fetch GET 200 https://registry.npmjs.org/deepmerge 2ms (cache hit)
3046 silly packumentCache full:https://registry.npmjs.org/deepmerge set size:101897 disposed:false
3047 silly fetch manifest svgo@^3.0.2
3048 silly packumentCache full:https://registry.npmjs.org/svgo cache-miss
3049 http fetch GET 200 https://registry.npmjs.org/svgo 2ms (cache hit)
3050 silly packumentCache full:https://registry.npmjs.org/svgo set size:301839 disposed:false
3051 silly placeDep ROOT @svgr/hast-util-to-babel-ast@8.0.0 OK for: @svgr/plugin-jsx@8.1.0 want: 8.0.0
3052 silly placeDep ROOT svg-parser@2.0.4 OK for: @svgr/plugin-jsx@8.1.0 want: ^2.0.4
3053 silly placeDep ROOT entities@4.5.0 OK for: @svgr/hast-util-to-babel-ast@8.0.0 want: ^4.4.0
3054 silly placeDep ROOT deepmerge@4.3.1 OK for: @svgr/plugin-svgo@8.1.0 want: ^4.3.1
3055 silly placeDep ROOT svgo@3.3.3 OK for: @svgr/plugin-svgo@8.1.0 want: ^3.0.2
3056 silly fetch manifest sax@^1.5.0
3057 silly packumentCache full:https://registry.npmjs.org/sax cache-hit
3058 silly fetch manifest csso@^5.0.5
3059 silly packumentCache full:https://registry.npmjs.org/csso cache-miss
3060 http fetch GET 200 https://registry.npmjs.org/csso 2ms (cache hit)
3061 silly packumentCache full:https://registry.npmjs.org/csso set size:202215 disposed:false
3062 silly fetch manifest css-tree@^2.3.1
3063 silly packumentCache full:https://registry.npmjs.org/css-tree cache-miss
3064 http fetch GET 200 https://registry.npmjs.org/css-tree 3ms (cache hit)
3065 silly packumentCache full:https://registry.npmjs.org/css-tree set size:229638 disposed:false
3066 silly fetch manifest css-what@^6.1.0
3067 silly packumentCache full:https://registry.npmjs.org/css-what cache-miss
3068 http fetch GET 200 https://registry.npmjs.org/css-what 2ms (cache hit)
3069 silly packumentCache full:https://registry.npmjs.org/css-what set size:81721 disposed:false
3070 silly fetch manifest css-select@^5.1.0
3071 silly packumentCache full:https://registry.npmjs.org/css-select cache-miss
3072 http fetch GET 200 https://registry.npmjs.org/css-select 2ms (cache hit)
3073 silly packumentCache full:https://registry.npmjs.org/css-select set size:111202 disposed:false
3074 silly placeDep ROOT @types/unist@3.0.3 OK for: @types/hast@3.0.4 want: *
3075 silly placeDep ROOT csstype@3.2.3 OK for: @types/react@19.2.14 want: ^3.2.2
3076 silly placeDep ROOT @types/react-router@5.1.20 OK for: @types/react-router-config@5.0.11 want: ^5.1.0
3077 silly placeDep ROOT @algolia/abtesting@1.16.0 OK for: algoliasearch@5.50.0 want: 1.16.0
3078 silly placeDep ROOT @algolia/client-abtesting@5.50.0 OK for: algoliasearch@5.50.0 want: 5.50.0
3079 silly placeDep ROOT @algolia/client-analytics@5.50.0 OK for: algoliasearch@5.50.0 want: 5.50.0
3080 silly placeDep ROOT @algolia/client-common@5.50.0 OK for: algoliasearch@5.50.0 want: 5.50.0
3081 silly placeDep ROOT @algolia/client-insights@5.50.0 OK for: algoliasearch@5.50.0 want: 5.50.0
3082 silly placeDep ROOT @algolia/client-personalization@5.50.0 OK for: algoliasearch@5.50.0 want: 5.50.0
3083 silly placeDep ROOT @algolia/client-query-suggestions@5.50.0 OK for: algoliasearch@5.50.0 want: 5.50.0
3084 silly placeDep ROOT @algolia/client-search@5.50.0 OK for: algoliasearch@5.50.0 want: 5.50.0
3085 silly placeDep ROOT @algolia/ingestion@1.50.0 OK for: algoliasearch@5.50.0 want: 1.50.0
3086 silly placeDep ROOT @algolia/monitoring@1.50.0 OK for: algoliasearch@5.50.0 want: 1.50.0
3087 silly placeDep ROOT @algolia/recommend@5.50.0 OK for: algoliasearch@5.50.0 want: 5.50.0
3088 silly placeDep ROOT @algolia/requester-browser-xhr@5.50.0 OK for: algoliasearch@5.50.0 want: 5.50.0
3089 silly placeDep ROOT @algolia/requester-fetch@5.50.0 OK for: algoliasearch@5.50.0 want: 5.50.0
3090 silly placeDep ROOT @algolia/requester-node-http@5.50.0 OK for: algoliasearch@5.50.0 want: 5.50.0
3091 silly placeDep ROOT @algolia/events@4.0.1 OK for: algoliasearch-helper@3.28.1 want: ^4.0.1
3092 silly placeDep ROOT find-cache-dir@4.0.0 OK for: babel-loader@9.2.1 want: ^4.0.0
3093 silly placeDep ROOT schema-utils@4.3.3 OK for: babel-loader@9.2.1 want: ^4.0.0
3094 silly fetch manifest pkg-dir@^7.0.0
3095 silly packumentCache full:https://registry.npmjs.org/pkg-dir cache-miss
3096 http fetch GET 200 https://registry.npmjs.org/pkg-dir 2ms (cache hit)
3097 silly packumentCache full:https://registry.npmjs.org/pkg-dir set size:30166 disposed:false
3098 silly fetch manifest common-path-prefix@^3.0.0
3099 silly packumentCache full:https://registry.npmjs.org/common-path-prefix cache-miss
3100 http fetch GET 200 https://registry.npmjs.org/common-path-prefix 2ms (cache hit)
3101 silly packumentCache full:https://registry.npmjs.org/common-path-prefix set size:9154 disposed:false
3102 silly fetch manifest ajv@^8.9.0
3103 silly packumentCache full:https://registry.npmjs.org/ajv cache-miss
3104 http fetch GET 200 https://registry.npmjs.org/ajv 2ms (cache hit)
3105 silly packumentCache full:https://registry.npmjs.org/ajv set size:1120197 disposed:false
3106 silly fetch manifest ajv-formats@^2.1.1
3107 silly packumentCache full:https://registry.npmjs.org/ajv-formats cache-miss
3108 http fetch GET 200 https://registry.npmjs.org/ajv-formats 51ms (cache hit)
3109 silly packumentCache full:https://registry.npmjs.org/ajv-formats set size:141264 disposed:false
3110 silly fetch manifest ajv-keywords@^5.1.0
3111 silly packumentCache full:https://registry.npmjs.org/ajv-keywords cache-miss
3112 http fetch GET 200 https://registry.npmjs.org/ajv-keywords 6ms (cache hit)
3113 silly packumentCache full:https://registry.npmjs.org/ajv-keywords set size:310004 disposed:false
3114 silly fetch manifest @types/json-schema@^7.0.9
3115 silly packumentCache full:https://registry.npmjs.org/@types%2fjson-schema cache-hit
3116 silly placeDep ROOT object.assign@4.1.7 OK for: babel-plugin-dynamic-import-node@2.3.3 want: ^4.1.0
3117 silly fetch manifest call-bind@^1.0.8
3118 silly packumentCache full:https://registry.npmjs.org/call-bind cache-miss
3119 http fetch GET 200 https://registry.npmjs.org/call-bind 4ms (cache hit)
3120 silly packumentCache full:https://registry.npmjs.org/call-bind set size:30096 disposed:false
3121 silly fetch manifest call-bound@^1.0.3
3122 silly packumentCache full:https://registry.npmjs.org/call-bound cache-miss
3123 http fetch GET 200 https://registry.npmjs.org/call-bound 4ms (cache hit)
3124 silly packumentCache full:https://registry.npmjs.org/call-bound set size:15317 disposed:false
3125 silly fetch manifest define-properties@^1.2.1
3126 silly packumentCache full:https://registry.npmjs.org/define-properties cache-miss
3127 http fetch GET 200 https://registry.npmjs.org/define-properties 4ms (cache hit)
3128 silly packumentCache full:https://registry.npmjs.org/define-properties set size:31491 disposed:false
3129 silly fetch manifest es-object-atoms@^1.0.0
3130 silly packumentCache full:https://registry.npmjs.org/es-object-atoms cache-miss
3131 http fetch GET 200 https://registry.npmjs.org/es-object-atoms 4ms (cache hit)
3132 silly packumentCache full:https://registry.npmjs.org/es-object-atoms set size:15304 disposed:false
3133 silly fetch manifest has-symbols@^1.1.0
3134 silly packumentCache full:https://registry.npmjs.org/has-symbols cache-miss
3135 http fetch GET 200 https://registry.npmjs.org/has-symbols 4ms (cache hit)
3136 silly packumentCache full:https://registry.npmjs.org/has-symbols set size:21550 disposed:false
3137 silly fetch manifest object-keys@^1.1.1
3138 silly packumentCache full:https://registry.npmjs.org/object-keys cache-miss
3139 http fetch GET 200 https://registry.npmjs.org/object-keys 2ms (cache hit)
3140 silly packumentCache full:https://registry.npmjs.org/object-keys set size:67744 disposed:false
3141 silly placeDep ROOT @babel/helper-define-polyfill-provider@0.6.8 OK for: babel-plugin-polyfill-corejs2@0.4.17 want: ^0.6.8
3142 silly placeDep node_modules/babel-plugin-polyfill-corejs2 semver@6.3.1 OK for: babel-plugin-polyfill-corejs2@0.4.17 want: ^6.3.1
3143 silly fetch manifest lodash.debounce@^4.0.8
3144 silly packumentCache full:https://registry.npmjs.org/lodash.debounce cache-miss
3145 http fetch GET 200 https://registry.npmjs.org/lodash.debounce 2ms (cache hit)
3146 silly packumentCache full:https://registry.npmjs.org/lodash.debounce set size:44123 disposed:false
3147 silly fetch manifest resolve@^1.22.11
3148 silly packumentCache full:https://registry.npmjs.org/resolve cache-miss
3149 http fetch GET 200 https://registry.npmjs.org/resolve 5ms (cache hit)
3150 silly packumentCache full:https://registry.npmjs.org/resolve set size:238156 disposed:false
3151 silly placeDep ROOT lodash.debounce@4.0.8 OK for: @babel/helper-define-polyfill-provider@0.6.8 want: ^4.0.8
3152 silly placeDep ROOT resolve@1.22.11 OK for: @babel/helper-define-polyfill-provider@0.6.8 want: ^1.22.11
3153 silly fetch manifest path-parse@^1.0.7
3154 silly packumentCache full:https://registry.npmjs.org/path-parse cache-miss
3155 http fetch GET 200 https://registry.npmjs.org/path-parse 3ms (cache hit)
3156 silly packumentCache full:https://registry.npmjs.org/path-parse set size:14523 disposed:false
3157 silly fetch manifest is-core-module@^2.16.1
3158 silly packumentCache full:https://registry.npmjs.org/is-core-module cache-miss
3159 http fetch GET 200 https://registry.npmjs.org/is-core-module 4ms (cache hit)
3160 silly packumentCache full:https://registry.npmjs.org/is-core-module set size:71788 disposed:false
3161 silly fetch manifest supports-preserve-symlinks-flag@^1.0.0
3162 silly packumentCache full:https://registry.npmjs.org/supports-preserve-symlinks-flag cache-miss
3163 http fetch GET 200 https://registry.npmjs.org/supports-preserve-symlinks-flag 2ms (cache hit)
3164 silly packumentCache full:https://registry.npmjs.org/supports-preserve-symlinks-flag set size:6802 disposed:false
3165 silly placeDep ROOT ansi-align@3.0.1 OK for: boxen@6.2.1 want: ^3.0.1
3166 silly placeDep ROOT cli-boxes@3.0.0 OK for: boxen@6.2.1 want: ^3.0.0
3167 silly placeDep ROOT string-width@5.1.2 OK for: boxen@6.2.1 want: ^5.0.1
3168 silly placeDep ROOT type-fest@2.19.0 OK for: boxen@6.2.1 want: ^2.5.0
3169 silly placeDep ROOT widest-line@4.0.1 OK for: boxen@6.2.1 want: ^4.0.1
3170 silly placeDep ROOT wrap-ansi@8.1.0 OK for: boxen@6.2.1 want: ^8.0.1
3171 silly fetch manifest string-width@^4.1.0
3172 silly packumentCache full:https://registry.npmjs.org/string-width cache-hit
3173 silly fetch manifest strip-ansi@^7.0.1
3174 silly packumentCache full:https://registry.npmjs.org/strip-ansi cache-miss
3175 http fetch GET 200 https://registry.npmjs.org/strip-ansi 3ms (cache hit)
3176 silly packumentCache full:https://registry.npmjs.org/strip-ansi set size:44998 disposed:false
3177 silly fetch manifest emoji-regex@^9.2.2
3178 silly packumentCache full:https://registry.npmjs.org/emoji-regex cache-miss
3179 http fetch GET 200 https://registry.npmjs.org/emoji-regex 1ms (cache hit)
3180 silly packumentCache full:https://registry.npmjs.org/emoji-regex set size:89088 disposed:false
3181 silly fetch manifest eastasianwidth@^0.2.0
3182 silly packumentCache full:https://registry.npmjs.org/eastasianwidth cache-miss
3183 http fetch GET 200 https://registry.npmjs.org/eastasianwidth 11ms (cache hit)
3184 silly packumentCache full:https://registry.npmjs.org/eastasianwidth set size:7890 disposed:false
3185 silly fetch manifest ansi-styles@^6.1.0
3186 silly packumentCache full:https://registry.npmjs.org/ansi-styles cache-hit
3187 silly placeDep node_modules/ansi-align string-width@4.2.3 OK for: ansi-align@3.0.1 want: ^4.1.0
3188 silly fetch manifest strip-ansi@^6.0.1
3189 silly packumentCache full:https://registry.npmjs.org/strip-ansi cache-hit
3190 silly fetch manifest emoji-regex@^8.0.0
3191 silly packumentCache full:https://registry.npmjs.org/emoji-regex cache-hit
3192 silly fetch manifest is-fullwidth-code-point@^3.0.0
3193 silly packumentCache full:https://registry.npmjs.org/is-fullwidth-code-point cache-miss
3194 http fetch GET 200 https://registry.npmjs.org/is-fullwidth-code-point 2ms (cache hit)
3195 silly packumentCache full:https://registry.npmjs.org/is-fullwidth-code-point set size:14578 disposed:false
3196 silly placeDep ROOT baseline-browser-mapping@2.10.10 OK for: browserslist@4.28.1 want: ^2.9.0
3197 silly placeDep ROOT caniuse-lite@1.0.30001781 OK for: browserslist@4.28.1 want: ^1.0.30001759
3198 silly placeDep ROOT electron-to-chromium@1.5.325 OK for: browserslist@4.28.1 want: ^1.5.263
3199 silly placeDep ROOT node-releases@2.0.36 OK for: browserslist@4.28.1 want: ^2.0.27
3200 silly placeDep ROOT update-browserslist-db@1.2.3 OK for: browserslist@4.28.1 want: ^1.2.0
3201 silly fetch manifest escalade@^3.2.0
3202 silly packumentCache full:https://registry.npmjs.org/escalade cache-hit
3203 silly placeDep ROOT ansi-styles@4.3.0 OK for: chalk@4.1.2 want: ^4.1.0
3204 silly placeDep ROOT supports-color@7.2.0 OK for: chalk@4.1.2 want: ^7.1.0
3205 silly fetch manifest color-convert@^2.0.1
3206 silly packumentCache full:https://registry.npmjs.org/color-convert cache-miss
3207 http fetch GET 200 https://registry.npmjs.org/color-convert 3ms (cache hit)
3208 silly packumentCache full:https://registry.npmjs.org/color-convert set size:72663 disposed:false
3209 silly fetch manifest has-flag@^4.0.0
3210 silly packumentCache full:https://registry.npmjs.org/has-flag cache-miss
3211 http fetch GET 200 https://registry.npmjs.org/has-flag 2ms (cache hit)
3212 silly packumentCache full:https://registry.npmjs.org/has-flag set size:15180 disposed:false
3213 silly placeDep ROOT color-convert@2.0.1 OK for: ansi-styles@4.3.0 want: ^2.0.1
3214 silly fetch manifest color-name@~1.1.4
3215 silly packumentCache full:https://registry.npmjs.org/color-name cache-miss
3216 http fetch GET 200 https://registry.npmjs.org/color-name 2ms (cache hit)
3217 silly packumentCache full:https://registry.npmjs.org/color-name set size:19467 disposed:false
3218 silly placeDep ROOT cheerio-select@2.1.0 OK for: cheerio@1.0.0-rc.12 want: ^2.1.0
3219 silly placeDep ROOT dom-serializer@2.0.0 OK for: cheerio@1.0.0-rc.12 want: ^2.0.0
3220 silly placeDep ROOT domhandler@5.0.3 OK for: cheerio@1.0.0-rc.12 want: ^5.0.3
3221 silly placeDep ROOT domutils@3.2.2 OK for: cheerio@1.0.0-rc.12 want: ^3.0.1
3222 silly placeDep ROOT htmlparser2@8.0.2 OK for: cheerio@1.0.0-rc.12 want: ^8.0.1
3223 silly placeDep ROOT parse5@7.3.0 OK for: cheerio@1.0.0-rc.12 want: ^7.0.0
3224 silly placeDep ROOT parse5-htmlparser2-tree-adapter@7.1.0 OK for: cheerio@1.0.0-rc.12 want: ^7.0.0
3225 silly fetch manifest boolbase@^1.0.0
3226 silly packumentCache full:https://registry.npmjs.org/boolbase cache-miss
3227 http fetch GET 200 https://registry.npmjs.org/boolbase 2ms (cache hit)
3228 silly packumentCache full:https://registry.npmjs.org/boolbase set size:4438 disposed:false
3229 silly fetch manifest domelementtype@^2.3.0
3230 silly packumentCache full:https://registry.npmjs.org/domelementtype cache-miss
3231 http fetch GET 200 https://registry.npmjs.org/domelementtype 3ms (cache hit)
3232 silly packumentCache full:https://registry.npmjs.org/domelementtype set size:33363 disposed:false
3233 silly fetch manifest domhandler@^5.0.2
3234 silly packumentCache full:https://registry.npmjs.org/domhandler cache-hit
3235 silly fetch manifest entities@^6.0.0
3236 silly packumentCache full:https://registry.npmjs.org/entities cache-hit
3237 silly placeDep ROOT boolbase@1.0.0 OK for: cheerio-select@2.1.0 want: ^1.0.0
3238 silly placeDep ROOT css-select@5.2.2 OK for: cheerio-select@2.1.0 want: ^5.1.0
3239 silly placeDep ROOT css-what@6.2.2 OK for: cheerio-select@2.1.0 want: ^6.1.0
3240 silly placeDep ROOT domelementtype@2.3.0 OK for: cheerio-select@2.1.0 want: ^2.3.0
3241 silly fetch manifest nth-check@^2.0.1
3242 silly packumentCache full:https://registry.npmjs.org/nth-check cache-miss
3243 http fetch GET 200 https://registry.npmjs.org/nth-check 2ms (cache hit)
3244 silly packumentCache full:https://registry.npmjs.org/nth-check set size:27445 disposed:false
3245 silly placeDep ROOT anymatch@3.1.3 OK for: chokidar@3.6.0 want: ~3.1.2
3246 silly placeDep ROOT braces@3.0.3 OK for: chokidar@3.6.0 want: ~3.0.2
3247 silly placeDep ROOT fsevents@2.3.3 OK for: chokidar@3.6.0 want: ~2.3.2
3248 silly placeDep ROOT glob-parent@5.1.2 OK for: chokidar@3.6.0 want: ~5.1.2
3249 silly placeDep ROOT is-binary-path@2.1.0 OK for: chokidar@3.6.0 want: ~2.1.0
3250 silly placeDep ROOT is-glob@4.0.3 OK for: chokidar@3.6.0 want: ~4.0.1
3251 silly placeDep ROOT normalize-path@3.0.0 OK for: chokidar@3.6.0 want: ~3.0.0
3252 silly placeDep ROOT readdirp@3.6.0 OK for: chokidar@3.6.0 want: ~3.6.0
3253 silly fetch manifest picomatch@^2.0.4
3254 silly packumentCache full:https://registry.npmjs.org/picomatch cache-hit
3255 silly fetch manifest fill-range@^7.1.1
3256 silly packumentCache full:https://registry.npmjs.org/fill-range cache-miss
3257 http fetch GET 200 https://registry.npmjs.org/fill-range 5ms (cache hit)
3258 silly packumentCache full:https://registry.npmjs.org/fill-range set size:90212 disposed:false
3259 silly fetch manifest is-glob@^4.0.1
3260 silly packumentCache full:https://registry.npmjs.org/is-glob cache-hit
3261 silly fetch manifest binary-extensions@^2.0.0
3262 silly packumentCache full:https://registry.npmjs.org/binary-extensions cache-miss
3263 http fetch GET 200 https://registry.npmjs.org/binary-extensions 4ms (cache hit)
3264 silly packumentCache full:https://registry.npmjs.org/binary-extensions set size:51551 disposed:false
3265 silly fetch manifest is-extglob@^2.1.1
3266 silly packumentCache full:https://registry.npmjs.org/is-extglob cache-miss
3267 http fetch GET 200 https://registry.npmjs.org/is-extglob 1ms (cache hit)
3268 silly packumentCache full:https://registry.npmjs.org/is-extglob set size:11766 disposed:false
3269 silly fetch manifest picomatch@^2.2.1
3270 silly packumentCache full:https://registry.npmjs.org/picomatch cache-hit
3271 silly placeDep ROOT picomatch@2.3.2 OK for: anymatch@3.1.3 want: ^2.0.4
3272 silly placeDep ROOT fill-range@7.1.1 OK for: braces@3.0.3 want: ^7.1.1
3273 silly fetch manifest to-regex-range@^5.0.1
3274 silly packumentCache full:https://registry.npmjs.org/to-regex-range cache-miss
3275 http fetch GET 200 https://registry.npmjs.org/to-regex-range 3ms (cache hit)
3276 silly packumentCache full:https://registry.npmjs.org/to-regex-range set size:61569 disposed:false
3277 silly placeDep node_modules/clean-css source-map@0.6.1 OK for: clean-css@5.3.3 want: ~0.6.0
3278 silly placeDep ROOT @colors/colors@1.5.0 OK for: cli-table3@0.6.5 want: 1.5.0
3279 silly placeDep node_modules/cli-table3 string-width@4.2.3 OK for: cli-table3@0.6.5 want: ^4.2.0
3280 silly placeDep ROOT color-name@1.1.4 OK for: color-convert@2.0.1 want: ~1.1.4
3281 silly placeDep ROOT fast-glob@3.3.3 OK for: copy-webpack-plugin@11.0.0 want: ^3.2.11
3282 silly placeDep node_modules/copy-webpack-plugin glob-parent@6.0.2 OK for: copy-webpack-plugin@11.0.0 want: ^6.0.1
3283 silly placeDep node_modules/copy-webpack-plugin globby@13.2.2 OK for: copy-webpack-plugin@11.0.0 want: ^13.1.1
3284 silly placeDep ROOT serialize-javascript@6.0.2 OK for: copy-webpack-plugin@11.0.0 want: ^6.0.0
3285 silly fetch manifest @nodelib/fs.stat@^2.0.2
3286 silly packumentCache full:https://registry.npmjs.org/@nodelib%2ffs.stat cache-miss
3287 http fetch GET 200 https://registry.npmjs.org/@nodelib%2ffs.stat 3ms (cache hit)
3288 silly packumentCache full:https://registry.npmjs.org/@nodelib%2ffs.stat set size:36993 disposed:false
3289 silly fetch manifest @nodelib/fs.walk@^1.2.3
3290 silly packumentCache full:https://registry.npmjs.org/@nodelib%2ffs.walk cache-miss
3291 http fetch GET 200 https://registry.npmjs.org/@nodelib%2ffs.walk 2ms (cache hit)
3292 silly packumentCache full:https://registry.npmjs.org/@nodelib%2ffs.walk set size:41589 disposed:false
3293 silly fetch manifest merge2@^1.3.0
3294 silly packumentCache full:https://registry.npmjs.org/merge2 cache-hit
3295 silly fetch manifest slash@^4.0.0
3296 silly packumentCache full:https://registry.npmjs.org/slash cache-hit
3297 silly fetch manifest ignore@^5.2.4
3298 silly packumentCache full:https://registry.npmjs.org/ignore cache-hit
3299 silly fetch manifest randombytes@^2.1.0
3300 silly packumentCache full:https://registry.npmjs.org/randombytes cache-miss
3301 http fetch GET 200 https://registry.npmjs.org/randombytes 1ms (cache hit)
3302 silly packumentCache full:https://registry.npmjs.org/randombytes set size:17505 disposed:false
3303 silly placeDep ROOT import-fresh@3.3.1 OK for: cosmiconfig@8.3.6 want: ^3.3.0
3304 silly placeDep ROOT parse-json@5.2.0 OK for: cosmiconfig@8.3.6 want: ^5.2.0
3305 silly placeDep ROOT path-type@4.0.0 OK for: cosmiconfig@8.3.6 want: ^4.0.0
3306 silly fetch manifest resolve-from@^4.0.0
3307 silly packumentCache full:https://registry.npmjs.org/resolve-from cache-miss
3308 http fetch GET 200 https://registry.npmjs.org/resolve-from 1ms (cache hit)
3309 silly packumentCache full:https://registry.npmjs.org/resolve-from set size:12911 disposed:false
3310 silly fetch manifest parent-module@^1.0.0
3311 silly packumentCache full:https://registry.npmjs.org/parent-module cache-miss
3312 http fetch GET 200 https://registry.npmjs.org/parent-module 1ms (cache hit)
3313 silly packumentCache full:https://registry.npmjs.org/parent-module set size:18255 disposed:false
3314 silly fetch manifest error-ex@^1.3.1
3315 silly packumentCache full:https://registry.npmjs.org/error-ex cache-miss
3316 http fetch GET 200 https://registry.npmjs.org/error-ex 2ms (cache hit)
3317 silly packumentCache full:https://registry.npmjs.org/error-ex set size:31684 disposed:false
3318 silly fetch manifest lines-and-columns@^1.1.6
3319 silly packumentCache full:https://registry.npmjs.org/lines-and-columns cache-miss
3320 http fetch GET 200 https://registry.npmjs.org/lines-and-columns 1ms (cache hit)
3321 silly packumentCache full:https://registry.npmjs.org/lines-and-columns set size:73796 disposed:false
3322 silly fetch manifest json-parse-even-better-errors@^2.3.0
3323 silly packumentCache full:https://registry.npmjs.org/json-parse-even-better-errors cache-hit
3324 silly placeDep ROOT icss-utils@5.1.0 OK for: css-loader@6.11.0 want: ^5.1.0
3325 silly placeDep ROOT postcss-modules-extract-imports@3.1.0 OK for: css-loader@6.11.0 want: ^3.1.0
3326 silly placeDep ROOT postcss-modules-local-by-default@4.2.0 OK for: css-loader@6.11.0 want: ^4.0.5
3327 silly placeDep ROOT postcss-modules-scope@3.2.1 OK for: css-loader@6.11.0 want: ^3.2.0
3328 silly placeDep ROOT postcss-modules-values@4.0.0 OK for: css-loader@6.11.0 want: ^4.0.0
3329 silly placeDep ROOT postcss-value-parser@4.2.0 OK for: css-loader@6.11.0 want: ^4.2.0
3330 silly fetch manifest postcss-selector-parser@^7.0.0
3331 silly packumentCache full:https://registry.npmjs.org/postcss-selector-parser cache-miss
3332 http fetch GET 200 https://registry.npmjs.org/postcss-selector-parser 2ms (cache hit)
3333 silly packumentCache full:https://registry.npmjs.org/postcss-selector-parser set size:177140 disposed:false
3334 silly fetch manifest postcss-value-parser@^4.1.0
3335 silly packumentCache full:https://registry.npmjs.org/postcss-value-parser cache-hit
3336 silly placeDep ROOT jest-worker@29.7.0 OK for: css-minimizer-webpack-plugin@5.0.1 want: ^29.4.3
3337 silly fetch manifest jest-util@^29.7.0
3338 silly packumentCache full:https://registry.npmjs.org/jest-util cache-miss
3339 http fetch GET 200 https://registry.npmjs.org/jest-util 2ms (cache hit)
3340 silly packumentCache full:https://registry.npmjs.org/jest-util set size:583957 disposed:false
3341 silly fetch manifest supports-color@^8.0.0
3342 silly packumentCache full:https://registry.npmjs.org/supports-color cache-hit
3343 silly placeDep ROOT nth-check@2.1.1 OK for: css-select@5.2.2 want: ^2.0.1
3344 silly placeDep ROOT cssnano-preset-default@6.1.2 OK for: cssnano@6.1.2 want: ^6.1.2
3345 silly placeDep ROOT lilconfig@3.1.3 OK for: cssnano@6.1.2 want: ^3.1.1
3346 silly fetch manifest postcss-calc@^9.0.1
3347 silly packumentCache full:https://registry.npmjs.org/postcss-calc cache-miss
3348 http fetch GET 200 https://registry.npmjs.org/postcss-calc 2ms (cache hit)
3349 silly packumentCache full:https://registry.npmjs.org/postcss-calc set size:96481 disposed:false
3350 silly fetch manifest postcss-svgo@^6.0.3
3351 silly packumentCache full:https://registry.npmjs.org/postcss-svgo cache-miss
3352 http fetch GET 200 https://registry.npmjs.org/postcss-svgo 2ms (cache hit)
3353 silly packumentCache full:https://registry.npmjs.org/postcss-svgo set size:145635 disposed:false
3354 silly fetch manifest cssnano-utils@^4.0.2
3355 silly packumentCache full:https://registry.npmjs.org/cssnano-utils cache-miss
3356 http fetch GET 200 https://registry.npmjs.org/cssnano-utils 1ms (cache hit)
3357 silly packumentCache full:https://registry.npmjs.org/cssnano-utils set size:89332 disposed:false
3358 silly fetch manifest postcss-colormin@^6.1.0
3359 silly packumentCache full:https://registry.npmjs.org/postcss-colormin cache-miss
3360 http fetch GET 200 https://registry.npmjs.org/postcss-colormin 3ms (cache hit)
3361 silly packumentCache full:https://registry.npmjs.org/postcss-colormin set size:184462 disposed:false
3362 silly fetch manifest postcss-merge-rules@^6.1.1
3363 silly packumentCache full:https://registry.npmjs.org/postcss-merge-rules cache-miss
3364 http fetch GET 200 https://registry.npmjs.org/postcss-merge-rules 2ms (cache hit)
3365 silly packumentCache full:https://registry.npmjs.org/postcss-merge-rules set size:209037 disposed:false
3366 silly fetch manifest postcss-discard-empty@^6.0.3
3367 silly packumentCache full:https://registry.npmjs.org/postcss-discard-empty cache-miss
3368 http fetch GET 200 https://registry.npmjs.org/postcss-discard-empty 2ms (cache hit)
3369 silly packumentCache full:https://registry.npmjs.org/postcss-discard-empty set size:115189 disposed:false
3370 silly fetch manifest postcss-minify-params@^6.1.0
3371 silly packumentCache full:https://registry.npmjs.org/postcss-minify-params cache-miss
3372 http fetch GET 200 https://registry.npmjs.org/postcss-minify-params 2ms (cache hit)
3373 silly packumentCache full:https://registry.npmjs.org/postcss-minify-params set size:159959 disposed:false
3374 silly fetch manifest postcss-normalize-url@^6.0.2
3375 silly packumentCache full:https://registry.npmjs.org/postcss-normalize-url cache-miss
3376 http fetch GET 200 https://registry.npmjs.org/postcss-normalize-url 3ms (cache hit)
3377 silly packumentCache full:https://registry.npmjs.org/postcss-normalize-url set size:147049 disposed:false
3378 silly fetch manifest css-declaration-sorter@^7.2.0
3379 silly packumentCache full:https://registry.npmjs.org/css-declaration-sorter cache-miss
3380 http fetch GET 200 https://registry.npmjs.org/css-declaration-sorter 1ms (cache hit)
3381 silly packumentCache full:https://registry.npmjs.org/css-declaration-sorter set size:126823 disposed:false
3382 silly fetch manifest postcss-convert-values@^6.1.0
3383 silly packumentCache full:https://registry.npmjs.org/postcss-convert-values cache-miss
3384 http fetch GET 200 https://registry.npmjs.org/postcss-convert-values 2ms (cache hit)
3385 silly packumentCache full:https://registry.npmjs.org/postcss-convert-values set size:196615 disposed:false
3386 silly fetch manifest postcss-merge-longhand@^6.0.5
3387 silly packumentCache full:https://registry.npmjs.org/postcss-merge-longhand cache-miss
3388 http fetch GET 200 https://registry.npmjs.org/postcss-merge-longhand 1ms (cache hit)
3389 silly packumentCache full:https://registry.npmjs.org/postcss-merge-longhand set size:182445 disposed:false
3390 silly fetch manifest postcss-ordered-values@^6.0.2
3391 silly packumentCache full:https://registry.npmjs.org/postcss-ordered-values cache-miss
3392 http fetch GET 200 https://registry.npmjs.org/postcss-ordered-values 3ms (cache hit)
3393 silly packumentCache full:https://registry.npmjs.org/postcss-ordered-values set size:148073 disposed:false
3394 silly fetch manifest postcss-reduce-initial@^6.1.0
3395 silly packumentCache full:https://registry.npmjs.org/postcss-reduce-initial cache-miss
3396 http fetch GET 200 https://registry.npmjs.org/postcss-reduce-initial 2ms (cache hit)
3397 silly packumentCache full:https://registry.npmjs.org/postcss-reduce-initial set size:133748 disposed:false
3398 silly fetch manifest postcss-discard-comments@^6.0.2
3399 silly packumentCache full:https://registry.npmjs.org/postcss-discard-comments cache-miss
3400 http fetch GET 200 https://registry.npmjs.org/postcss-discard-comments 1ms (cache hit)
3401 silly packumentCache full:https://registry.npmjs.org/postcss-discard-comments set size:147192 disposed:false
3402 silly fetch manifest postcss-minify-gradients@^6.0.3
3403 silly packumentCache full:https://registry.npmjs.org/postcss-minify-gradients cache-miss
3404 http fetch GET 200 https://registry.npmjs.org/postcss-minify-gradients 2ms (cache hit)
3405 silly packumentCache full:https://registry.npmjs.org/postcss-minify-gradients set size:126858 disposed:false
3406 silly fetch manifest postcss-minify-selectors@^6.0.4
3407 silly packumentCache full:https://registry.npmjs.org/postcss-minify-selectors cache-miss
3408 http fetch GET 200 https://registry.npmjs.org/postcss-minify-selectors 3ms (cache hit)
3409 silly packumentCache full:https://registry.npmjs.org/postcss-minify-selectors set size:173116 disposed:false
3410 silly fetch manifest postcss-normalize-string@^6.0.2
3411 silly packumentCache full:https://registry.npmjs.org/postcss-normalize-string cache-miss
3412 http fetch GET 200 https://registry.npmjs.org/postcss-normalize-string 1ms (cache hit)
3413 silly packumentCache full:https://registry.npmjs.org/postcss-normalize-string set size:102753 disposed:false
3414 silly fetch manifest postcss-unique-selectors@^6.0.4
3415 silly packumentCache full:https://registry.npmjs.org/postcss-unique-selectors cache-miss
3416 http fetch GET 200 https://registry.npmjs.org/postcss-unique-selectors 1ms (cache hit)
3417 silly packumentCache full:https://registry.npmjs.org/postcss-unique-selectors set size:126842 disposed:false
3418 silly fetch manifest postcss-normalize-charset@^6.0.2
3419 silly packumentCache full:https://registry.npmjs.org/postcss-normalize-charset cache-miss
3420 http fetch GET 200 https://registry.npmjs.org/postcss-normalize-charset 2ms (cache hit)
3421 silly packumentCache full:https://registry.npmjs.org/postcss-normalize-charset set size:100718 disposed:false
3422 silly fetch manifest postcss-normalize-unicode@^6.1.0
3423 silly packumentCache full:https://registry.npmjs.org/postcss-normalize-unicode cache-miss
3424 http fetch GET 200 https://registry.npmjs.org/postcss-normalize-unicode 2ms (cache hit)
3425 silly packumentCache full:https://registry.npmjs.org/postcss-normalize-unicode set size:120618 disposed:false
3426 silly fetch manifest postcss-reduce-transforms@^6.0.2
3427 silly packumentCache full:https://registry.npmjs.org/postcss-reduce-transforms cache-miss
3428 http fetch GET 200 https://registry.npmjs.org/postcss-reduce-transforms 2ms (cache hit)
3429 silly packumentCache full:https://registry.npmjs.org/postcss-reduce-transforms set size:110507 disposed:false
3430 silly fetch manifest postcss-discard-duplicates@^6.0.3
3431 silly packumentCache full:https://registry.npmjs.org/postcss-discard-duplicates cache-miss
3432 http fetch GET 200 https://registry.npmjs.org/postcss-discard-duplicates 2ms (cache hit)
3433 silly packumentCache full:https://registry.npmjs.org/postcss-discard-duplicates set size:130496 disposed:false
3434 silly fetch manifest postcss-discard-overridden@^6.0.2
3435 silly packumentCache full:https://registry.npmjs.org/postcss-discard-overridden cache-miss
3436 http fetch GET 200 https://registry.npmjs.org/postcss-discard-overridden 1ms (cache hit)
3437 silly packumentCache full:https://registry.npmjs.org/postcss-discard-overridden set size:108321 disposed:false
3438 silly fetch manifest postcss-minify-font-values@^6.1.0
3439 silly packumentCache full:https://registry.npmjs.org/postcss-minify-font-values cache-miss
3440 http fetch GET 200 https://registry.npmjs.org/postcss-minify-font-values 3ms (cache hit)
3441 silly packumentCache full:https://registry.npmjs.org/postcss-minify-font-values set size:121737 disposed:false
3442 silly fetch manifest postcss-normalize-positions@^6.0.2
3443 silly packumentCache full:https://registry.npmjs.org/postcss-normalize-positions cache-miss
3444 http fetch GET 200 https://registry.npmjs.org/postcss-normalize-positions 1ms (cache hit)
3445 silly packumentCache full:https://registry.npmjs.org/postcss-normalize-positions set size:106656 disposed:false
3446 silly fetch manifest postcss-normalize-whitespace@^6.0.2
3447 silly packumentCache full:https://registry.npmjs.org/postcss-normalize-whitespace cache-miss
3448 http fetch GET 200 https://registry.npmjs.org/postcss-normalize-whitespace 2ms (cache hit)
3449 silly packumentCache full:https://registry.npmjs.org/postcss-normalize-whitespace set size:106439 disposed:false
3450 silly fetch manifest postcss-normalize-repeat-style@^6.0.2
3451 silly packumentCache full:https://registry.npmjs.org/postcss-normalize-repeat-style cache-miss
3452 http fetch GET 200 https://registry.npmjs.org/postcss-normalize-repeat-style 2ms (cache hit)
3453 silly packumentCache full:https://registry.npmjs.org/postcss-normalize-repeat-style set size:106026 disposed:false
3454 silly fetch manifest postcss-normalize-display-values@^6.0.2
3455 silly packumentCache full:https://registry.npmjs.org/postcss-normalize-display-values cache-miss
3456 http fetch GET 200 https://registry.npmjs.org/postcss-normalize-display-values 3ms (cache hit)
3457 silly packumentCache full:https://registry.npmjs.org/postcss-normalize-display-values set size:99999 disposed:false
3458 silly fetch manifest postcss-normalize-timing-functions@^6.0.2
3459 silly packumentCache full:https://registry.npmjs.org/postcss-normalize-timing-functions cache-miss
3460 http fetch GET 200 https://registry.npmjs.org/postcss-normalize-timing-functions 1ms (cache hit)
3461 silly packumentCache full:https://registry.npmjs.org/postcss-normalize-timing-functions set size:100089 disposed:false
3462 silly placeDep ROOT autoprefixer@10.4.27 OK for: cssnano-preset-advanced@6.1.2 want: ^10.4.19
3463 silly placeDep ROOT postcss-discard-unused@6.0.5 OK for: cssnano-preset-advanced@6.1.2 want: ^6.0.5
3464 silly placeDep ROOT postcss-merge-idents@6.0.3 OK for: cssnano-preset-advanced@6.1.2 want: ^6.0.3
3465 silly placeDep ROOT postcss-reduce-idents@6.0.3 OK for: cssnano-preset-advanced@6.1.2 want: ^6.0.3
3466 silly placeDep ROOT postcss-zindex@6.0.2 OK for: cssnano-preset-advanced@6.1.2 want: ^6.0.2
3467 silly fetch manifest fraction.js@^5.3.4
3468 silly packumentCache full:https://registry.npmjs.org/fraction.js cache-miss
3469 http fetch GET 200 https://registry.npmjs.org/fraction.js 2ms (cache hit)
3470 silly packumentCache full:https://registry.npmjs.org/fraction.js set size:149386 disposed:false
3471 silly fetch manifest postcss-selector-parser@^6.0.16
3472 silly packumentCache full:https://registry.npmjs.org/postcss-selector-parser cache-hit
3473 silly placeDep ROOT fraction.js@5.3.4 OK for: autoprefixer@10.4.27 want: ^5.3.4
3474 silly placeDep ROOT css-declaration-sorter@7.3.1 OK for: cssnano-preset-default@6.1.2 want: ^7.2.0
3475 silly placeDep ROOT cssnano-utils@4.0.2 OK for: cssnano-preset-default@6.1.2 want: ^4.0.2
3476 silly placeDep ROOT postcss-calc@9.0.1 OK for: cssnano-preset-default@6.1.2 want: ^9.0.1
3477 silly placeDep ROOT postcss-colormin@6.1.0 OK for: cssnano-preset-default@6.1.2 want: ^6.1.0
3478 silly placeDep ROOT postcss-convert-values@6.1.0 OK for: cssnano-preset-default@6.1.2 want: ^6.1.0
3479 silly placeDep ROOT postcss-discard-comments@6.0.2 OK for: cssnano-preset-default@6.1.2 want: ^6.0.2
3480 silly placeDep ROOT postcss-discard-duplicates@6.0.3 OK for: cssnano-preset-default@6.1.2 want: ^6.0.3
3481 silly placeDep ROOT postcss-discard-empty@6.0.3 OK for: cssnano-preset-default@6.1.2 want: ^6.0.3
3482 silly placeDep ROOT postcss-discard-overridden@6.0.2 OK for: cssnano-preset-default@6.1.2 want: ^6.0.2
3483 silly placeDep ROOT postcss-merge-longhand@6.0.5 OK for: cssnano-preset-default@6.1.2 want: ^6.0.5
3484 silly placeDep ROOT postcss-merge-rules@6.1.1 OK for: cssnano-preset-default@6.1.2 want: ^6.1.1
3485 silly placeDep ROOT postcss-minify-font-values@6.1.0 OK for: cssnano-preset-default@6.1.2 want: ^6.1.0
3486 silly placeDep ROOT postcss-minify-gradients@6.0.3 OK for: cssnano-preset-default@6.1.2 want: ^6.0.3
3487 silly placeDep ROOT postcss-minify-params@6.1.0 OK for: cssnano-preset-default@6.1.2 want: ^6.1.0
3488 silly placeDep ROOT postcss-minify-selectors@6.0.4 OK for: cssnano-preset-default@6.1.2 want: ^6.0.4
3489 silly placeDep ROOT postcss-normalize-charset@6.0.2 OK for: cssnano-preset-default@6.1.2 want: ^6.0.2
3490 silly placeDep ROOT postcss-normalize-display-values@6.0.2 OK for: cssnano-preset-default@6.1.2 want: ^6.0.2
3491 silly placeDep ROOT postcss-normalize-positions@6.0.2 OK for: cssnano-preset-default@6.1.2 want: ^6.0.2
3492 silly placeDep ROOT postcss-normalize-repeat-style@6.0.2 OK for: cssnano-preset-default@6.1.2 want: ^6.0.2
3493 silly placeDep ROOT postcss-normalize-string@6.0.2 OK for: cssnano-preset-default@6.1.2 want: ^6.0.2
3494 silly placeDep ROOT postcss-normalize-timing-functions@6.0.2 OK for: cssnano-preset-default@6.1.2 want: ^6.0.2
3495 silly placeDep ROOT postcss-normalize-unicode@6.1.0 OK for: cssnano-preset-default@6.1.2 want: ^6.1.0
3496 silly placeDep ROOT postcss-normalize-url@6.0.2 OK for: cssnano-preset-default@6.1.2 want: ^6.0.2
3497 silly placeDep ROOT postcss-normalize-whitespace@6.0.2 OK for: cssnano-preset-default@6.1.2 want: ^6.0.2
3498 silly placeDep ROOT postcss-ordered-values@6.0.2 OK for: cssnano-preset-default@6.1.2 want: ^6.0.2
3499 silly placeDep ROOT postcss-reduce-initial@6.1.0 OK for: cssnano-preset-default@6.1.2 want: ^6.1.0
3500 silly placeDep ROOT postcss-reduce-transforms@6.0.2 OK for: cssnano-preset-default@6.1.2 want: ^6.0.2
3501 silly placeDep ROOT postcss-svgo@6.0.3 OK for: cssnano-preset-default@6.1.2 want: ^6.0.3
3502 silly placeDep ROOT postcss-unique-selectors@6.0.4 OK for: cssnano-preset-default@6.1.2 want: ^6.0.4
3503 silly fetch manifest postcss-selector-parser@^6.0.11
3504 silly packumentCache full:https://registry.npmjs.org/postcss-selector-parser cache-hit
3505 silly fetch manifest colord@^2.9.3
3506 silly packumentCache full:https://registry.npmjs.org/colord cache-miss
3507 http fetch GET 200 https://registry.npmjs.org/colord 5ms (cache hit)
3508 silly packumentCache full:https://registry.npmjs.org/colord set size:256634 disposed:false
3509 silly fetch manifest caniuse-api@^3.0.0
3510 silly packumentCache full:https://registry.npmjs.org/caniuse-api cache-miss
3511 http fetch GET 200 https://registry.npmjs.org/caniuse-api 2ms (cache hit)
3512 silly packumentCache full:https://registry.npmjs.org/caniuse-api set size:37772 disposed:false
3513 silly fetch manifest stylehacks@^6.1.1
3514 silly packumentCache full:https://registry.npmjs.org/stylehacks cache-miss
3515 http fetch GET 200 https://registry.npmjs.org/stylehacks 2ms (cache hit)
3516 silly packumentCache full:https://registry.npmjs.org/stylehacks set size:142837 disposed:false
3517 silly placeDep ROOT ms@2.1.3 OK for: debug@4.4.3 want: ^2.1.3
3518 silly placeDep ROOT address@1.2.2 OK for: detect-port@1.6.1 want: ^1.0.1
3519 silly placeDep ROOT dequal@2.0.3 OK for: devlop@1.1.0 want: ^2.0.0
3520 silly placeDep ROOT @types/node@25.5.0 OK for: eval@0.1.8 want: *
3521 silly placeDep ROOT require-like@0.1.2 OK for: eval@0.1.8 want: >= 0.1.1
3522 silly fetch manifest undici-types@~7.18.0
3523 silly packumentCache full:https://registry.npmjs.org/undici-types cache-miss
3524 http fetch GET 200 https://registry.npmjs.org/undici-types 2ms (cache hit)
3525 silly packumentCache full:https://registry.npmjs.org/undici-types set size:192102 disposed:false
3526 silly placeDep ROOT undici-types@7.18.2 OK for: @types/node@25.5.0 want: ~7.18.0
3527 silly placeDep ROOT cross-spawn@7.0.6 OK for: execa@5.1.1 want: ^7.0.3
3528 silly placeDep ROOT get-stream@6.0.1 OK for: execa@5.1.1 want: ^6.0.0
3529 silly placeDep ROOT human-signals@2.1.0 OK for: execa@5.1.1 want: ^2.1.0
3530 silly placeDep ROOT is-stream@2.0.1 OK for: execa@5.1.1 want: ^2.0.0
3531 silly placeDep ROOT merge-stream@2.0.0 OK for: execa@5.1.1 want: ^2.0.0
3532 silly placeDep ROOT npm-run-path@4.0.1 OK for: execa@5.1.1 want: ^4.0.1
3533 silly placeDep ROOT onetime@5.1.2 OK for: execa@5.1.1 want: ^5.1.2
3534 silly placeDep ROOT signal-exit@3.0.7 OK for: execa@5.1.1 want: ^3.0.3
3535 silly placeDep ROOT strip-final-newline@2.0.0 OK for: execa@5.1.1 want: ^2.0.0
3536 silly fetch manifest which@^2.0.1
3537 silly packumentCache full:https://registry.npmjs.org/which cache-miss
3538 http fetch GET 200 https://registry.npmjs.org/which 5ms (cache hit)
3539 silly packumentCache full:https://registry.npmjs.org/which set size:67747 disposed:false
3540 silly fetch manifest path-key@^3.1.0
3541 silly packumentCache full:https://registry.npmjs.org/path-key cache-miss
3542 http fetch GET 200 https://registry.npmjs.org/path-key 2ms (cache hit)
3543 silly packumentCache full:https://registry.npmjs.org/path-key set size:16975 disposed:false
3544 silly fetch manifest shebang-command@^2.0.0
3545 silly packumentCache full:https://registry.npmjs.org/shebang-command cache-miss
3546 http fetch GET 200 https://registry.npmjs.org/shebang-command 2ms (cache hit)
3547 silly packumentCache full:https://registry.npmjs.org/shebang-command set size:8525 disposed:false
3548 silly fetch manifest path-key@^3.0.0
3549 silly packumentCache full:https://registry.npmjs.org/path-key cache-hit
3550 silly fetch manifest mimic-fn@^2.1.0
3551 silly packumentCache full:https://registry.npmjs.org/mimic-fn cache-miss
3552 http fetch GET 200 https://registry.npmjs.org/mimic-fn 2ms (cache hit)
3553 silly packumentCache full:https://registry.npmjs.org/mimic-fn set size:22257 disposed:false
3554 silly placeDep ROOT path-key@3.1.1 OK for: cross-spawn@7.0.6 want: ^3.1.0
3555 silly placeDep ROOT shebang-command@2.0.0 OK for: cross-spawn@7.0.6 want: ^2.0.0
3556 silly placeDep ROOT which@2.0.2 OK for: cross-spawn@7.0.6 want: ^2.0.1
3557 silly fetch manifest shebang-regex@^3.0.0
3558 silly packumentCache full:https://registry.npmjs.org/shebang-regex cache-miss
3559 http fetch GET 200 https://registry.npmjs.org/shebang-regex 2ms (cache hit)
3560 silly packumentCache full:https://registry.npmjs.org/shebang-regex set size:9763 disposed:false
3561 silly fetch manifest isexe@^2.0.0
3562 silly packumentCache full:https://registry.npmjs.org/isexe cache-miss
3563 http fetch GET 200 https://registry.npmjs.org/isexe 2ms (cache hit)
3564 silly packumentCache full:https://registry.npmjs.org/isexe set size:31756 disposed:false
3565 silly placeDep ROOT @nodelib/fs.stat@2.0.5 OK for: fast-glob@3.3.3 want: ^2.0.2
3566 silly placeDep ROOT @nodelib/fs.walk@1.2.8 OK for: fast-glob@3.3.3 want: ^1.2.3
3567 silly placeDep ROOT merge2@1.4.1 OK for: fast-glob@3.3.3 want: ^1.3.0
3568 silly fetch manifest fastq@^1.6.0
3569 silly packumentCache full:https://registry.npmjs.org/fastq cache-miss
3570 http fetch GET 200 https://registry.npmjs.org/fastq 2ms (cache hit)
3571 silly packumentCache full:https://registry.npmjs.org/fastq set size:78301 disposed:false
3572 silly fetch manifest @nodelib/fs.scandir@2.1.5
3573 silly packumentCache full:https://registry.npmjs.org/@nodelib%2ffs.scandir cache-miss
3574 http fetch GET 200 https://registry.npmjs.org/@nodelib%2ffs.scandir 2ms (cache hit)
3575 silly packumentCache full:https://registry.npmjs.org/@nodelib%2ffs.scandir set size:49256 disposed:false
3576 silly placeDep ROOT @nodelib/fs.scandir@2.1.5 OK for: @nodelib/fs.walk@1.2.8 want: 2.1.5
3577 silly placeDep ROOT fastq@1.20.1 OK for: @nodelib/fs.walk@1.2.8 want: ^1.6.0
3578 silly fetch manifest run-parallel@^1.1.9
3579 silly packumentCache full:https://registry.npmjs.org/run-parallel cache-miss
3580 http fetch GET 200 https://registry.npmjs.org/run-parallel 1ms (cache hit)
3581 silly packumentCache full:https://registry.npmjs.org/run-parallel set size:35172 disposed:false
3582 silly fetch manifest reusify@^1.0.4
3583 silly packumentCache full:https://registry.npmjs.org/reusify cache-miss
3584 http fetch GET 200 https://registry.npmjs.org/reusify 1ms (cache hit)
3585 silly packumentCache full:https://registry.npmjs.org/reusify set size:14249 disposed:false
3586 silly placeDep ROOT run-parallel@1.2.0 OK for: @nodelib/fs.scandir@2.1.5 want: ^1.1.9
3587 silly fetch manifest queue-microtask@^1.2.2
3588 silly packumentCache full:https://registry.npmjs.org/queue-microtask cache-miss
3589 http fetch GET 200 https://registry.npmjs.org/queue-microtask 2ms (cache hit)
3590 silly packumentCache full:https://registry.npmjs.org/queue-microtask set size:36088 disposed:false
3591 silly placeDep ROOT reusify@1.1.0 OK for: fastq@1.20.1 want: ^1.0.4
3592 silly placeDep ROOT xml-js@1.6.11 OK for: feed@4.2.2 want: ^1.6.11
3593 silly placeDep ROOT loader-utils@2.0.4 OK for: file-loader@6.2.0 want: ^2.0.0
3594 silly placeDep node_modules/file-loader schema-utils@3.3.0 OK for: file-loader@6.2.0 want: ^3.0.0
3595 silly fetch manifest big.js@^5.2.2
3596 silly packumentCache full:https://registry.npmjs.org/big.js cache-miss
3597 http fetch GET 200 https://registry.npmjs.org/big.js 1ms (cache hit)
3598 silly packumentCache full:https://registry.npmjs.org/big.js set size:75813 disposed:false
3599 silly fetch manifest emojis-list@^3.0.0
3600 silly packumentCache full:https://registry.npmjs.org/emojis-list cache-miss
3601 http fetch GET 200 https://registry.npmjs.org/emojis-list 2ms (cache hit)
3602 silly packumentCache full:https://registry.npmjs.org/emojis-list set size:17790 disposed:false
3603 silly fetch manifest ajv@^6.12.5
3604 silly packumentCache full:https://registry.npmjs.org/ajv cache-miss
3605 http fetch GET 200 https://registry.npmjs.org/ajv 2ms (cache hit)
3606 silly packumentCache full:https://registry.npmjs.org/ajv set size:1120197 disposed:false
3607 silly fetch manifest ajv-keywords@^3.5.2
3608 silly packumentCache full:https://registry.npmjs.org/ajv-keywords cache-hit
3609 silly fetch manifest @types/json-schema@^7.0.8
3610 silly packumentCache full:https://registry.npmjs.org/@types%2fjson-schema cache-hit
3611 silly placeDep ROOT to-regex-range@5.0.1 OK for: fill-range@7.1.1 want: ^5.0.1
3612 silly fetch manifest is-number@^7.0.0
3613 silly packumentCache full:https://registry.npmjs.org/is-number cache-miss
3614 http fetch GET 200 https://registry.npmjs.org/is-number 1ms (cache hit)
3615 silly packumentCache full:https://registry.npmjs.org/is-number set size:36183 disposed:false
3616 silly placeDep ROOT common-path-prefix@3.0.0 OK for: find-cache-dir@4.0.0 want: ^3.0.0
3617 silly placeDep ROOT pkg-dir@7.0.0 OK for: find-cache-dir@4.0.0 want: ^7.0.0
3618 silly fetch manifest find-up@^6.3.0
3619 silly packumentCache full:https://registry.npmjs.org/find-up cache-miss
3620 http fetch GET 200 https://registry.npmjs.org/find-up 2ms (cache hit)
3621 silly packumentCache full:https://registry.npmjs.org/find-up set size:42620 disposed:false
3622 silly placeDep ROOT graceful-fs@4.2.11 OK for: fs-extra@11.3.4 want: ^4.2.0
3623 silly placeDep ROOT jsonfile@6.2.0 OK for: fs-extra@11.3.4 want: ^6.0.1
3624 silly placeDep ROOT universalify@2.0.1 OK for: fs-extra@11.3.4 want: ^2.0.0
3625 silly placeDep ROOT array-union@2.1.0 OK for: globby@11.1.0 want: ^2.1.0
3626 silly placeDep ROOT dir-glob@3.0.1 OK for: globby@11.1.0 want: ^3.0.1
3627 silly placeDep ROOT ignore@5.3.2 OK for: globby@11.1.0 want: ^5.2.0
3628 silly placeDep ROOT slash@3.0.0 OK for: globby@11.1.0 want: ^3.0.0
3629 silly placeDep node_modules/gray-matter js-yaml@3.14.2 OK for: gray-matter@4.0.3 want: ^3.13.1
3630 silly placeDep ROOT kind-of@6.0.3 OK for: gray-matter@4.0.3 want: ^6.0.2
3631 silly placeDep ROOT section-matter@1.0.0 OK for: gray-matter@4.0.3 want: ^1.0.0
3632 silly placeDep ROOT strip-bom-string@1.0.0 OK for: gray-matter@4.0.3 want: ^1.0.0
3633 silly fetch manifest esprima@^4.0.0
3634 silly packumentCache full:https://registry.npmjs.org/esprima cache-miss
3635 http fetch GET 200 https://registry.npmjs.org/esprima 5ms (cache hit)
3636 silly packumentCache full:https://registry.npmjs.org/esprima set size:118410 disposed:false
3637 silly fetch manifest argparse@^1.0.7
3638 silly packumentCache full:https://registry.npmjs.org/argparse cache-hit
3639 silly fetch manifest extend-shallow@^2.0.1
3640 silly packumentCache full:https://registry.npmjs.org/extend-shallow cache-miss
3641 http fetch GET 200 https://registry.npmjs.org/extend-shallow 2ms (cache hit)
3642 silly packumentCache full:https://registry.npmjs.org/extend-shallow set size:30182 disposed:false
3643 silly placeDep ROOT comma-separated-tokens@2.0.3 OK for: hast-util-to-jsx-runtime@2.3.6 want: ^2.0.0
3644 silly placeDep ROOT hast-util-whitespace@3.0.0 OK for: hast-util-to-jsx-runtime@2.3.6 want: ^3.0.0
3645 silly placeDep ROOT mdast-util-mdx-expression@2.0.1 OK for: hast-util-to-jsx-runtime@2.3.6 want: ^2.0.0
3646 silly placeDep ROOT mdast-util-mdx-jsx@3.2.0 OK for: hast-util-to-jsx-runtime@2.3.6 want: ^3.0.0
3647 silly placeDep ROOT mdast-util-mdxjs-esm@2.0.1 OK for: hast-util-to-jsx-runtime@2.3.6 want: ^2.0.0
3648 silly placeDep ROOT property-information@7.1.0 OK for: hast-util-to-jsx-runtime@2.3.6 want: ^7.0.0
3649 silly placeDep ROOT space-separated-tokens@2.0.2 OK for: hast-util-to-jsx-runtime@2.3.6 want: ^2.0.0
3650 silly placeDep ROOT style-to-js@1.1.21 OK for: hast-util-to-jsx-runtime@2.3.6 want: ^1.0.0
3651 silly placeDep ROOT unist-util-position@5.0.0 OK for: hast-util-to-jsx-runtime@2.3.6 want: ^5.0.0
3652 silly placeDep ROOT vfile-message@4.0.3 OK for: hast-util-to-jsx-runtime@2.3.6 want: ^4.0.0
3653 silly fetch manifest ccount@^2.0.0
3654 silly packumentCache full:https://registry.npmjs.org/ccount cache-miss
3655 http fetch GET 200 https://registry.npmjs.org/ccount 2ms (cache hit)
3656 silly packumentCache full:https://registry.npmjs.org/ccount set size:30836 disposed:false
3657 silly fetch manifest parse-entities@^4.0.0
3658 silly packumentCache full:https://registry.npmjs.org/parse-entities cache-miss
3659 http fetch GET 200 https://registry.npmjs.org/parse-entities 1ms (cache hit)
3660 silly packumentCache full:https://registry.npmjs.org/parse-entities set size:58539 disposed:false
3661 silly fetch manifest stringify-entities@^4.0.0
3662 silly packumentCache full:https://registry.npmjs.org/stringify-entities cache-miss
3663 http fetch GET 200 https://registry.npmjs.org/stringify-entities 2ms (cache hit)
3664 silly packumentCache full:https://registry.npmjs.org/stringify-entities set size:61449 disposed:false
3665 silly fetch manifest style-to-object@1.0.14
3666 silly packumentCache full:https://registry.npmjs.org/style-to-object cache-miss
3667 http fetch GET 200 https://registry.npmjs.org/style-to-object 2ms (cache hit)
3668 silly packumentCache full:https://registry.npmjs.org/style-to-object set size:82182 disposed:false
3669 silly placeDep ROOT camel-case@4.1.2 OK for: html-minifier-terser@7.2.0 want: ^4.1.2
3670 silly placeDep node_modules/html-minifier-terser commander@10.0.1 OK for: html-minifier-terser@7.2.0 want: ^10.0.0
3671 silly placeDep ROOT param-case@3.0.4 OK for: html-minifier-terser@7.2.0 want: ^3.0.4
3672 silly placeDep ROOT relateurl@0.2.7 OK for: html-minifier-terser@7.2.0 want: ^0.2.7
3673 silly placeDep ROOT terser@5.46.1 OK for: html-minifier-terser@7.2.0 want: ^5.15.1
3674 silly fetch manifest pascal-case@^3.1.2
3675 silly packumentCache full:https://registry.npmjs.org/pascal-case cache-miss
3676 http fetch GET 200 https://registry.npmjs.org/pascal-case 1ms (cache hit)
3677 silly packumentCache full:https://registry.npmjs.org/pascal-case set size:35718 disposed:false
3678 silly fetch manifest @jridgewell/source-map@^0.3.3
3679 silly packumentCache full:https://registry.npmjs.org/@jridgewell%2fsource-map cache-miss
3680 http fetch GET 200 https://registry.npmjs.org/@jridgewell%2fsource-map 1ms (cache hit)
3681 silly packumentCache full:https://registry.npmjs.org/@jridgewell%2fsource-map set size:45204 disposed:false
3682 silly fetch manifest commander@^2.20.0
3683 silly packumentCache full:https://registry.npmjs.org/commander cache-hit
3684 silly fetch manifest source-map-support@~0.5.20
3685 silly packumentCache full:https://registry.npmjs.org/source-map-support cache-miss
3686 http fetch GET 200 https://registry.npmjs.org/source-map-support 3ms (cache hit)
3687 silly packumentCache full:https://registry.npmjs.org/source-map-support set size:125488 disposed:false
3688 silly placeDep ROOT pascal-case@3.1.2 OK for: camel-case@4.1.2 want: ^3.1.2
3689 silly fetch manifest no-case@^3.0.4
3690 silly packumentCache full:https://registry.npmjs.org/no-case cache-miss
3691 http fetch GET 200 https://registry.npmjs.org/no-case 2ms (cache hit)
3692 silly packumentCache full:https://registry.npmjs.org/no-case set size:31252 disposed:false
3693 silly placeDep ROOT @types/html-minifier-terser@6.1.0 OK for: html-webpack-plugin@5.6.6 want: ^6.0.0
3694 silly placeDep node_modules/html-webpack-plugin html-minifier-terser@6.1.0 OK for: html-webpack-plugin@5.6.6 want: ^6.0.2
3695 silly placeDep ROOT pretty-error@4.0.0 OK for: html-webpack-plugin@5.6.6 want: ^4.0.0
3696 silly placeDep ROOT tapable@2.3.2 OK for: html-webpack-plugin@5.6.6 want: ^2.0.0
3697 silly fetch manifest commander@^8.3.0
3698 silly packumentCache full:https://registry.npmjs.org/commander cache-hit
3699 silly fetch manifest he@^1.2.0
3700 silly packumentCache full:https://registry.npmjs.org/he cache-miss
3701 http fetch GET 200 https://registry.npmjs.org/he 2ms (cache hit)
3702 silly packumentCache full:https://registry.npmjs.org/he set size:58773 disposed:false
3703 silly fetch manifest renderkid@^3.0.0
3704 silly packumentCache full:https://registry.npmjs.org/renderkid cache-miss
3705 http fetch GET 200 https://registry.npmjs.org/renderkid 2ms (cache hit)
3706 silly packumentCache full:https://registry.npmjs.org/renderkid set size:64761 disposed:false
3707 silly placeDep ROOT parent-module@1.0.1 OK for: import-fresh@3.3.1 want: ^1.0.0
3708 silly placeDep ROOT resolve-from@4.0.0 OK for: import-fresh@3.3.1 want: ^4.0.0
3709 silly fetch manifest callsites@^3.0.0
3710 silly packumentCache full:https://registry.npmjs.org/callsites cache-miss
3711 http fetch GET 200 https://registry.npmjs.org/callsites 3ms (cache hit)
3712 silly packumentCache full:https://registry.npmjs.org/callsites set size:21349 disposed:false
3713 silly placeDep ROOT binary-extensions@2.3.0 OK for: is-binary-path@2.1.0 want: ^2.0.0
3714 silly placeDep ROOT is-extglob@2.1.1 OK for: is-glob@4.0.3 want: ^2.1.1
3715 silly placeDep ROOT jest-util@29.7.0 OK for: jest-worker@29.7.0 want: ^29.7.0
3716 silly placeDep node_modules/jest-worker supports-color@8.1.1 OK for: jest-worker@29.7.0 want: ^8.0.0
3717 silly fetch manifest ci-info@^3.2.0
3718 silly packumentCache full:https://registry.npmjs.org/ci-info cache-miss
3719 http fetch GET 200 https://registry.npmjs.org/ci-info 1ms (cache hit)
3720 silly packumentCache full:https://registry.npmjs.org/ci-info set size:91363 disposed:false
3721 silly fetch manifest @jest/types@^29.6.3
3722 silly packumentCache full:https://registry.npmjs.org/@jest%2ftypes cache-miss
3723 http fetch GET 200 https://registry.npmjs.org/@jest%2ftypes 2ms (cache hit)
3724 silly packumentCache full:https://registry.npmjs.org/@jest%2ftypes set size:288723 disposed:false
3725 silly placeDep ROOT @jest/types@29.6.3 OK for: jest-util@29.7.0 want: ^29.6.3
3726 silly placeDep ROOT ci-info@3.9.0 OK for: jest-util@29.7.0 want: ^3.2.0
3727 silly fetch manifest @types/yargs@^17.0.8
3728 silly packumentCache full:https://registry.npmjs.org/@types%2fyargs cache-miss
3729 http fetch GET 200 https://registry.npmjs.org/@types%2fyargs 3ms (cache hit)
3730 silly packumentCache full:https://registry.npmjs.org/@types%2fyargs set size:390540 disposed:false
3731 silly fetch manifest @jest/schemas@^29.6.3
3732 silly packumentCache full:https://registry.npmjs.org/@jest%2fschemas cache-miss
3733 http fetch GET 200 https://registry.npmjs.org/@jest%2fschemas 2ms (cache hit)
3734 silly packumentCache full:https://registry.npmjs.org/@jest%2fschemas set size:68580 disposed:false
3735 silly fetch manifest @types/istanbul-reports@^3.0.0
3736 silly packumentCache full:https://registry.npmjs.org/@types%2fistanbul-reports cache-miss
3737 http fetch GET 200 https://registry.npmjs.org/@types%2fistanbul-reports 2ms (cache hit)
3738 silly packumentCache full:https://registry.npmjs.org/@types%2fistanbul-reports set size:17607 disposed:false
3739 silly fetch manifest @types/istanbul-lib-coverage@^2.0.0
3740 silly packumentCache full:https://registry.npmjs.org/@types%2fistanbul-lib-coverage cache-miss
3741 http fetch GET 200 https://registry.npmjs.org/@types%2fistanbul-lib-coverage 2ms (cache hit)
3742 silly packumentCache full:https://registry.npmjs.org/@types%2fistanbul-lib-coverage set size:18110 disposed:false
3743 silly placeDep ROOT @jest/schemas@29.6.3 OK for: @jest/types@29.6.3 want: ^29.6.3
3744 silly placeDep ROOT @types/istanbul-lib-coverage@2.0.6 OK for: @jest/types@29.6.3 want: ^2.0.0
3745 silly placeDep ROOT @types/istanbul-reports@3.0.4 OK for: @jest/types@29.6.3 want: ^3.0.0
3746 silly placeDep ROOT @types/yargs@17.0.35 OK for: @jest/types@29.6.3 want: ^17.0.8
3747 silly fetch manifest @sinclair/typebox@^0.27.8
3748 silly packumentCache full:https://registry.npmjs.org/@sinclair%2ftypebox cache-miss
3749 http fetch GET 200 https://registry.npmjs.org/@sinclair%2ftypebox 4ms (cache hit)
3750 silly packumentCache full:https://registry.npmjs.org/@sinclair%2ftypebox set size:1145528 disposed:false
3751 silly fetch manifest @types/istanbul-lib-report@*
3752 silly packumentCache full:https://registry.npmjs.org/@types%2fistanbul-lib-report cache-miss
3753 http fetch GET 200 https://registry.npmjs.org/@types%2fistanbul-lib-report 2ms (cache hit)
3754 silly packumentCache full:https://registry.npmjs.org/@types%2fistanbul-lib-report set size:12674 disposed:false
3755 silly fetch manifest @types/yargs-parser@*
3756 silly packumentCache full:https://registry.npmjs.org/@types%2fyargs-parser cache-miss
3757 http fetch GET 200 https://registry.npmjs.org/@types%2fyargs-parser 2ms (cache hit)
3758 silly packumentCache full:https://registry.npmjs.org/@types%2fyargs-parser set size:42751 disposed:false
3759 silly placeDep ROOT @sinclair/typebox@0.27.10 OK for: @jest/schemas@29.6.3 want: ^0.27.8
3760 silly placeDep ROOT @types/istanbul-lib-report@3.0.3 OK for: @types/istanbul-reports@3.0.4 want: *
3761 silly placeDep ROOT @types/yargs-parser@21.0.3 OK for: @types/yargs@17.0.35 want: *
3762 silly placeDep ROOT @hapi/hoek@9.3.0 OK for: joi@17.13.3 want: ^9.3.0
3763 silly placeDep ROOT @hapi/topo@5.1.0 OK for: joi@17.13.3 want: ^5.1.0
3764 silly placeDep ROOT @sideway/address@4.1.5 OK for: joi@17.13.3 want: ^4.1.5
3765 silly placeDep ROOT @sideway/formula@3.0.1 OK for: joi@17.13.3 want: ^3.0.1
3766 silly placeDep ROOT @sideway/pinpoint@2.0.0 OK for: joi@17.13.3 want: ^2.0.0
3767 silly placeDep ROOT argparse@2.0.1 OK for: js-yaml@4.1.1 want: ^2.0.1
3768 silly placeDep ROOT big.js@5.2.2 OK for: loader-utils@2.0.4 want: ^5.2.2
3769 silly placeDep ROOT emojis-list@3.0.0 OK for: loader-utils@2.0.4 want: ^3.0.0
3770 silly placeDep ROOT yallist@3.1.1 OK for: lru-cache@5.1.1 want: ^3.0.2
3771 silly placeDep ROOT mdast-util-from-markdown@2.0.3 OK for: mdast-util-mdx@3.0.0 want: ^2.0.0
3772 silly placeDep ROOT mdast-util-to-markdown@2.1.2 OK for: mdast-util-mdx@3.0.0 want: ^2.0.0
3773 silly fetch manifest decode-named-character-reference@^1.0.0
3774 silly packumentCache full:https://registry.npmjs.org/decode-named-character-reference cache-miss
3775 http fetch GET 200 https://registry.npmjs.org/decode-named-character-reference 2ms (cache hit)
3776 silly packumentCache full:https://registry.npmjs.org/decode-named-character-reference set size:24840 disposed:false
3777 silly fetch manifest micromark@^4.0.0
3778 silly packumentCache full:https://registry.npmjs.org/micromark cache-miss
3779 http fetch GET 200 https://registry.npmjs.org/micromark 2ms (cache hit)
3780 silly packumentCache full:https://registry.npmjs.org/micromark set size:218079 disposed:false
3781 silly fetch manifest micromark-util-decode-numeric-character-reference@^2.0.0
3782 silly packumentCache full:https://registry.npmjs.org/micromark-util-decode-numeric-character-reference cache-miss
3783 http fetch GET 200 https://registry.npmjs.org/micromark-util-decode-numeric-character-reference 2ms (cache hit)
3784 silly packumentCache full:https://registry.npmjs.org/micromark-util-decode-numeric-character-reference set size:21696 disposed:false
3785 silly fetch manifest micromark-util-decode-string@^2.0.0
3786 silly packumentCache full:https://registry.npmjs.org/micromark-util-decode-string cache-miss
3787 http fetch GET 200 https://registry.npmjs.org/micromark-util-decode-string 2ms (cache hit)
3788 silly packumentCache full:https://registry.npmjs.org/micromark-util-decode-string set size:20340 disposed:false
3789 silly fetch manifest micromark-util-normalize-identifier@^2.0.0
3790 silly packumentCache full:https://registry.npmjs.org/micromark-util-normalize-identifier cache-miss
3791 http fetch GET 200 https://registry.npmjs.org/micromark-util-normalize-identifier 2ms (cache hit)
3792 silly packumentCache full:https://registry.npmjs.org/micromark-util-normalize-identifier set size:28578 disposed:false
3793 silly fetch manifest micromark-util-symbol@^2.0.0
3794 silly packumentCache full:https://registry.npmjs.org/micromark-util-symbol cache-hit
3795 silly fetch manifest longest-streak@^3.0.0
3796 silly packumentCache full:https://registry.npmjs.org/longest-streak cache-miss
3797 http fetch GET 200 https://registry.npmjs.org/longest-streak 3ms (cache hit)
3798 silly packumentCache full:https://registry.npmjs.org/longest-streak set size:31102 disposed:false
3799 silly fetch manifest mdast-util-phrasing@^4.0.0
3800 silly packumentCache full:https://registry.npmjs.org/mdast-util-phrasing cache-miss
3801 http fetch GET 200 https://registry.npmjs.org/mdast-util-phrasing 2ms (cache hit)
3802 silly packumentCache full:https://registry.npmjs.org/mdast-util-phrasing set size:35124 disposed:false
3803 silly fetch manifest micromark-util-classify-character@^2.0.0
3804 silly packumentCache full:https://registry.npmjs.org/micromark-util-classify-character cache-miss
3805 http fetch GET 200 https://registry.npmjs.org/micromark-util-classify-character 2ms (cache hit)
3806 silly packumentCache full:https://registry.npmjs.org/micromark-util-classify-character set size:29135 disposed:false
3807 silly fetch manifest zwitch@^2.0.0
3808 silly packumentCache full:https://registry.npmjs.org/zwitch cache-miss
3809 http fetch GET 200 https://registry.npmjs.org/zwitch 3ms (cache hit)
3810 silly packumentCache full:https://registry.npmjs.org/zwitch set size:39712 disposed:false
3811 silly placeDep ROOT decode-named-character-reference@1.3.0 OK for: mdast-util-from-markdown@2.0.3 want: ^1.0.0
3812 silly placeDep ROOT micromark@4.0.2 OK for: mdast-util-from-markdown@2.0.3 want: ^4.0.0
3813 silly placeDep ROOT micromark-util-decode-numeric-character-reference@2.0.2 OK for: mdast-util-from-markdown@2.0.3 want: ^2.0.0
3814 silly placeDep ROOT micromark-util-decode-string@2.0.1 OK for: mdast-util-from-markdown@2.0.3 want: ^2.0.0
3815 silly placeDep ROOT micromark-util-normalize-identifier@2.0.1 OK for: mdast-util-from-markdown@2.0.3 want: ^2.0.0
3816 silly placeDep node_modules/mdast-util-from-markdown micromark-util-symbol@2.0.1 OK for: mdast-util-from-markdown@2.0.3 want: ^2.0.0
3817 silly placeDep ROOT micromark-util-types@2.0.2 OK for: mdast-util-from-markdown@2.0.3 want: ^2.0.0
3818 silly fetch manifest character-entities@^2.0.0
3819 silly packumentCache full:https://registry.npmjs.org/character-entities cache-miss
3820 http fetch GET 200 https://registry.npmjs.org/character-entities 3ms (cache hit)
3821 silly packumentCache full:https://registry.npmjs.org/character-entities set size:36394 disposed:false
3822 silly fetch manifest @types/debug@^4.0.0
3823 silly packumentCache full:https://registry.npmjs.org/@types%2fdebug cache-miss
3824 http fetch GET 200 https://registry.npmjs.org/@types%2fdebug 2ms (cache hit)
3825 silly packumentCache full:https://registry.npmjs.org/@types%2fdebug set size:55727 disposed:false
3826 silly fetch manifest micromark-core-commonmark@^2.0.0
3827 silly packumentCache full:https://registry.npmjs.org/micromark-core-commonmark cache-miss
3828 http fetch GET 200 https://registry.npmjs.org/micromark-core-commonmark 2ms (cache hit)
3829 silly packumentCache full:https://registry.npmjs.org/micromark-core-commonmark set size:55807 disposed:false
3830 silly fetch manifest micromark-factory-space@^2.0.0
3831 silly packumentCache full:https://registry.npmjs.org/micromark-factory-space cache-hit
3832 silly fetch manifest micromark-util-character@^2.0.0
3833 silly packumentCache full:https://registry.npmjs.org/micromark-util-character cache-hit
3834 silly fetch manifest micromark-util-chunked@^2.0.0
3835 silly packumentCache full:https://registry.npmjs.org/micromark-util-chunked cache-miss
3836 http fetch GET 200 https://registry.npmjs.org/micromark-util-chunked 1ms (cache hit)
3837 silly packumentCache full:https://registry.npmjs.org/micromark-util-chunked set size:28101 disposed:false
3838 silly fetch manifest micromark-util-combine-extensions@^2.0.0
3839 silly packumentCache full:https://registry.npmjs.org/micromark-util-combine-extensions cache-miss
3840 http fetch GET 200 https://registry.npmjs.org/micromark-util-combine-extensions 2ms (cache hit)
3841 silly packumentCache full:https://registry.npmjs.org/micromark-util-combine-extensions set size:28242 disposed:false
3842 silly fetch manifest micromark-util-encode@^2.0.0
3843 silly packumentCache full:https://registry.npmjs.org/micromark-util-encode cache-miss
3844 http fetch GET 200 https://registry.npmjs.org/micromark-util-encode 3ms (cache hit)
3845 silly packumentCache full:https://registry.npmjs.org/micromark-util-encode set size:28579 disposed:false
3846 silly fetch manifest micromark-util-resolve-all@^2.0.0
3847 silly packumentCache full:https://registry.npmjs.org/micromark-util-resolve-all cache-miss
3848 http fetch GET 200 https://registry.npmjs.org/micromark-util-resolve-all 2ms (cache hit)
3849 silly packumentCache full:https://registry.npmjs.org/micromark-util-resolve-all set size:27928 disposed:false
3850 silly fetch manifest micromark-util-sanitize-uri@^2.0.0
3851 silly packumentCache full:https://registry.npmjs.org/micromark-util-sanitize-uri cache-miss
3852 http fetch GET 200 https://registry.npmjs.org/micromark-util-sanitize-uri 3ms (cache hit)
3853 silly packumentCache full:https://registry.npmjs.org/micromark-util-sanitize-uri set size:32376 disposed:false
3854 silly fetch manifest micromark-util-subtokenize@^2.0.0
3855 silly packumentCache full:https://registry.npmjs.org/micromark-util-subtokenize cache-miss
3856 http fetch GET 200 https://registry.npmjs.org/micromark-util-subtokenize 4ms (cache hit)
3857 silly packumentCache full:https://registry.npmjs.org/micromark-util-subtokenize set size:41632 disposed:false
3858 silly placeDep ROOT character-entities@2.0.2 OK for: decode-named-character-reference@1.3.0 want: ^2.0.0
3859 silly placeDep ROOT ccount@2.0.1 OK for: mdast-util-mdx-jsx@3.2.0 want: ^2.0.0
3860 silly placeDep ROOT parse-entities@4.0.2 OK for: mdast-util-mdx-jsx@3.2.0 want: ^4.0.0
3861 silly placeDep ROOT stringify-entities@4.0.4 OK for: mdast-util-mdx-jsx@3.2.0 want: ^4.0.0
3862 silly fetch manifest @types/unist@^2.0.0
3863 silly packumentCache full:https://registry.npmjs.org/@types%2funist cache-hit
3864 silly fetch manifest character-entities-legacy@^3.0.0
3865 silly packumentCache full:https://registry.npmjs.org/character-entities-legacy cache-miss
3866 http fetch GET 200 https://registry.npmjs.org/character-entities-legacy 3ms (cache hit)
3867 silly packumentCache full:https://registry.npmjs.org/character-entities-legacy set size:34121 disposed:false
3868 silly fetch manifest character-reference-invalid@^2.0.0
3869 silly packumentCache full:https://registry.npmjs.org/character-reference-invalid cache-miss
3870 http fetch GET 200 https://registry.npmjs.org/character-reference-invalid 2ms (cache hit)
3871 silly packumentCache full:https://registry.npmjs.org/character-reference-invalid set size:34715 disposed:false
3872 silly fetch manifest is-alphanumerical@^2.0.0
3873 silly packumentCache full:https://registry.npmjs.org/is-alphanumerical cache-miss
3874 http fetch GET 200 https://registry.npmjs.org/is-alphanumerical 3ms (cache hit)
3875 silly packumentCache full:https://registry.npmjs.org/is-alphanumerical set size:27515 disposed:false
3876 silly fetch manifest is-decimal@^2.0.0
3877 silly packumentCache full:https://registry.npmjs.org/is-decimal cache-miss
3878 http fetch GET 200 https://registry.npmjs.org/is-decimal 2ms (cache hit)
3879 silly packumentCache full:https://registry.npmjs.org/is-decimal set size:25885 disposed:false
3880 silly fetch manifest is-hexadecimal@^2.0.0
3881 silly packumentCache full:https://registry.npmjs.org/is-hexadecimal cache-miss
3882 http fetch GET 200 https://registry.npmjs.org/is-hexadecimal 2ms (cache hit)
3883 silly packumentCache full:https://registry.npmjs.org/is-hexadecimal set size:26554 disposed:false
3884 silly fetch manifest character-entities-html4@^2.0.0
3885 silly packumentCache full:https://registry.npmjs.org/character-entities-html4 cache-miss
3886 http fetch GET 200 https://registry.npmjs.org/character-entities-html4 2ms (cache hit)
3887 silly packumentCache full:https://registry.npmjs.org/character-entities-html4 set size:33529 disposed:false
3888 silly placeDep ROOT longest-streak@3.1.0 OK for: mdast-util-to-markdown@2.1.2 want: ^3.0.0
3889 silly placeDep ROOT mdast-util-phrasing@4.1.0 OK for: mdast-util-to-markdown@2.1.2 want: ^4.0.0
3890 silly placeDep ROOT micromark-util-classify-character@2.0.1 OK for: mdast-util-to-markdown@2.1.2 want: ^2.0.0
3891 silly placeDep ROOT zwitch@2.0.4 OK for: mdast-util-to-markdown@2.1.2 want: ^2.0.0
3892 silly placeDep ROOT unist-util-is@6.0.1 OK for: mdast-util-phrasing@4.1.0 want: ^6.0.0
3893 silly placeDep ROOT @types/debug@4.1.13 OK for: micromark@4.0.2 want: ^4.0.0
3894 silly placeDep ROOT micromark-core-commonmark@2.0.3 OK for: micromark@4.0.2 want: ^2.0.0
3895 silly placeDep node_modules/micromark micromark-factory-space@2.0.1 OK for: micromark@4.0.2 want: ^2.0.0
3896 silly placeDep node_modules/micromark micromark-util-character@2.1.1 OK for: micromark@4.0.2 want: ^2.0.0
3897 silly placeDep ROOT micromark-util-chunked@2.0.1 OK for: micromark@4.0.2 want: ^2.0.0
3898 silly placeDep ROOT micromark-util-combine-extensions@2.0.1 OK for: micromark@4.0.2 want: ^2.0.0
3899 silly placeDep ROOT micromark-util-encode@2.0.1 OK for: micromark@4.0.2 want: ^2.0.0
3900 silly placeDep ROOT micromark-util-resolve-all@2.0.1 OK for: micromark@4.0.2 want: ^2.0.0
3901 silly placeDep ROOT micromark-util-sanitize-uri@2.0.1 OK for: micromark@4.0.2 want: ^2.0.0
3902 silly placeDep ROOT micromark-util-subtokenize@2.1.0 OK for: micromark@4.0.2 want: ^2.0.0
3903 silly placeDep node_modules/micromark micromark-util-symbol@2.0.1 OK for: micromark@4.0.2 want: ^2.0.0
3904 silly fetch manifest @types/ms@*
3905 silly packumentCache full:https://registry.npmjs.org/@types%2fms cache-miss
3906 http fetch GET 200 https://registry.npmjs.org/@types%2fms 34ms (cache hit)
3907 silly packumentCache full:https://registry.npmjs.org/@types%2fms set size:24399 disposed:false
3908 silly fetch manifest micromark-factory-destination@^2.0.0
3909 silly packumentCache full:https://registry.npmjs.org/micromark-factory-destination cache-miss
3910 http fetch GET 200 https://registry.npmjs.org/micromark-factory-destination 4ms (cache hit)
3911 silly packumentCache full:https://registry.npmjs.org/micromark-factory-destination set size:29173 disposed:false
3912 silly fetch manifest micromark-factory-label@^2.0.0
3913 silly packumentCache full:https://registry.npmjs.org/micromark-factory-label cache-miss
3914 http fetch GET 200 https://registry.npmjs.org/micromark-factory-label 8ms (cache hit)
3915 silly packumentCache full:https://registry.npmjs.org/micromark-factory-label set size:33915 disposed:false
3916 silly fetch manifest micromark-factory-title@^2.0.0
3917 silly packumentCache full:https://registry.npmjs.org/micromark-factory-title cache-miss
3918 http fetch GET 200 https://registry.npmjs.org/micromark-factory-title 10ms (cache hit)
3919 silly packumentCache full:https://registry.npmjs.org/micromark-factory-title set size:34302 disposed:false
3920 silly fetch manifest micromark-factory-whitespace@^2.0.0
3921 silly packumentCache full:https://registry.npmjs.org/micromark-factory-whitespace cache-miss
3922 http fetch GET 200 https://registry.npmjs.org/micromark-factory-whitespace 7ms (cache hit)
3923 silly packumentCache full:https://registry.npmjs.org/micromark-factory-whitespace set size:28974 disposed:false
3924 silly fetch manifest micromark-util-html-tag-name@^2.0.0
3925 silly packumentCache full:https://registry.npmjs.org/micromark-util-html-tag-name cache-miss
3926 http fetch GET 200 https://registry.npmjs.org/micromark-util-html-tag-name 2ms (cache hit)
3927 silly packumentCache full:https://registry.npmjs.org/micromark-util-html-tag-name set size:29833 disposed:false
3928 silly placeDep ROOT @types/ms@2.1.0 OK for: @types/debug@4.1.13 want: *
3929 silly placeDep ROOT micromark-factory-destination@2.0.1 OK for: micromark-core-commonmark@2.0.3 want: ^2.0.0
3930 silly placeDep ROOT micromark-factory-label@2.0.1 OK for: micromark-core-commonmark@2.0.3 want: ^2.0.0
3931 silly placeDep node_modules/micromark-core-commonmark micromark-factory-space@2.0.1 OK for: micromark-core-commonmark@2.0.3 want: ^2.0.0
3932 silly placeDep ROOT micromark-factory-title@2.0.1 OK for: micromark-core-commonmark@2.0.3 want: ^2.0.0
3933 silly placeDep ROOT micromark-factory-whitespace@2.0.1 OK for: micromark-core-commonmark@2.0.3 want: ^2.0.0
3934 silly placeDep node_modules/micromark-core-commonmark micromark-util-character@2.1.1 OK for: micromark-core-commonmark@2.0.3 want: ^2.0.0
3935 silly placeDep ROOT micromark-util-html-tag-name@2.0.1 OK for: micromark-core-commonmark@2.0.3 want: ^2.0.0
3936 silly placeDep node_modules/micromark-core-commonmark micromark-util-symbol@2.0.1 OK for: micromark-core-commonmark@2.0.3 want: ^2.0.0
3937 silly placeDep node_modules/micromark-factory-destination micromark-util-character@2.1.1 OK for: micromark-factory-destination@2.0.1 want: ^2.0.0
3938 silly placeDep node_modules/micromark-factory-destination micromark-util-symbol@2.0.1 OK for: micromark-factory-destination@2.0.1 want: ^2.0.0
3939 silly placeDep node_modules/micromark-factory-label micromark-util-character@2.1.1 OK for: micromark-factory-label@2.0.1 want: ^2.0.0
3940 silly placeDep node_modules/micromark-factory-label micromark-util-symbol@2.0.1 OK for: micromark-factory-label@2.0.1 want: ^2.0.0
3941 silly placeDep node_modules/micromark-factory-space micromark-util-types@1.1.0 OK for: micromark-factory-space@1.1.0 want: ^1.0.0
3942 silly placeDep node_modules/micromark-factory-title micromark-factory-space@2.0.1 OK for: micromark-factory-title@2.0.1 want: ^2.0.0
3943 silly placeDep node_modules/micromark-factory-title micromark-util-character@2.1.1 OK for: micromark-factory-title@2.0.1 want: ^2.0.0
3944 silly placeDep node_modules/micromark-factory-title micromark-util-symbol@2.0.1 OK for: micromark-factory-title@2.0.1 want: ^2.0.0
3945 silly placeDep node_modules/micromark-factory-whitespace micromark-factory-space@2.0.1 OK for: micromark-factory-whitespace@2.0.1 want: ^2.0.0
3946 silly placeDep node_modules/micromark-factory-whitespace micromark-util-character@2.1.1 OK for: micromark-factory-whitespace@2.0.1 want: ^2.0.0
3947 silly placeDep node_modules/micromark-factory-whitespace micromark-util-symbol@2.0.1 OK for: micromark-factory-whitespace@2.0.1 want: ^2.0.0
3948 silly placeDep node_modules/micromark-util-character micromark-util-types@1.1.0 OK for: micromark-util-character@1.2.0 want: ^1.0.0
3949 silly placeDep node_modules/micromark-util-chunked micromark-util-symbol@2.0.1 OK for: micromark-util-chunked@2.0.1 want: ^2.0.0
3950 silly placeDep node_modules/micromark-util-classify-character micromark-util-character@2.1.1 OK for: micromark-util-classify-character@2.0.1 want: ^2.0.0
3951 silly placeDep node_modules/micromark-util-classify-character micromark-util-symbol@2.0.1 OK for: micromark-util-classify-character@2.0.1 want: ^2.0.0
3952 silly placeDep node_modules/micromark-util-decode-numeric-character-reference micromark-util-symbol@2.0.1 OK for: micromark-util-decode-numeric-character-reference@2.0.2 want: ^2.0.0
3953 silly placeDep node_modules/micromark-util-decode-string micromark-util-character@2.1.1 OK for: micromark-util-decode-string@2.0.1 want: ^2.0.0
3954 silly placeDep node_modules/micromark-util-decode-string micromark-util-symbol@2.0.1 OK for: micromark-util-decode-string@2.0.1 want: ^2.0.0
3955 silly placeDep node_modules/micromark-util-normalize-identifier micromark-util-symbol@2.0.1 OK for: micromark-util-normalize-identifier@2.0.1 want: ^2.0.0
3956 silly placeDep node_modules/micromark-util-sanitize-uri micromark-util-character@2.1.1 OK for: micromark-util-sanitize-uri@2.0.1 want: ^2.0.0
3957 silly placeDep node_modules/micromark-util-sanitize-uri micromark-util-symbol@2.0.1 OK for: micromark-util-sanitize-uri@2.0.1 want: ^2.0.0
3958 silly placeDep node_modules/micromark-util-subtokenize micromark-util-symbol@2.0.1 OK for: micromark-util-subtokenize@2.1.0 want: ^2.0.0
3959 silly placeDep node_modules/null-loader schema-utils@3.3.0 OK for: null-loader@4.0.1 want: ^3.0.0
3960 silly placeDep ROOT call-bind@1.0.8 OK for: object.assign@4.1.7 want: ^1.0.8
3961 silly placeDep ROOT call-bound@1.0.4 OK for: object.assign@4.1.7 want: ^1.0.3
3962 silly placeDep ROOT define-properties@1.2.1 OK for: object.assign@4.1.7 want: ^1.2.1
3963 silly placeDep ROOT es-object-atoms@1.1.1 OK for: object.assign@4.1.7 want: ^1.0.0
3964 silly placeDep ROOT has-symbols@1.1.0 OK for: object.assign@4.1.7 want: ^1.1.0
3965 silly placeDep ROOT object-keys@1.1.1 OK for: object.assign@4.1.7 want: ^1.1.1
3966 silly fetch manifest call-bind-apply-helpers@^1.0.0
3967 silly packumentCache full:https://registry.npmjs.org/call-bind-apply-helpers cache-miss
3968 http fetch GET 200 https://registry.npmjs.org/call-bind-apply-helpers 3ms (cache hit)
3969 silly packumentCache full:https://registry.npmjs.org/call-bind-apply-helpers set size:12744 disposed:false
3970 silly fetch manifest es-define-property@^1.0.0
3971 silly packumentCache full:https://registry.npmjs.org/es-define-property cache-miss
3972 http fetch GET 200 https://registry.npmjs.org/es-define-property 2ms (cache hit)
3973 silly packumentCache full:https://registry.npmjs.org/es-define-property set size:8542 disposed:false
3974 silly fetch manifest get-intrinsic@^1.2.4
3975 silly packumentCache full:https://registry.npmjs.org/get-intrinsic cache-miss
3976 http fetch GET 200 https://registry.npmjs.org/get-intrinsic 2ms (cache hit)
3977 silly packumentCache full:https://registry.npmjs.org/get-intrinsic set size:60985 disposed:false
3978 silly fetch manifest set-function-length@^1.2.2
3979 silly packumentCache full:https://registry.npmjs.org/set-function-length cache-miss
3980 http fetch GET 200 https://registry.npmjs.org/set-function-length 2ms (cache hit)
3981 silly packumentCache full:https://registry.npmjs.org/set-function-length set size:24261 disposed:false
3982 silly fetch manifest call-bind-apply-helpers@^1.0.2
3983 silly packumentCache full:https://registry.npmjs.org/call-bind-apply-helpers cache-hit
3984 silly fetch manifest get-intrinsic@^1.3.0
3985 silly packumentCache full:https://registry.npmjs.org/get-intrinsic cache-hit
3986 silly fetch manifest define-data-property@^1.0.1
3987 silly packumentCache full:https://registry.npmjs.org/define-data-property cache-miss
3988 http fetch GET 200 https://registry.npmjs.org/define-data-property 1ms (cache hit)
3989 silly packumentCache full:https://registry.npmjs.org/define-data-property set size:28048 disposed:false
3990 silly fetch manifest has-property-descriptors@^1.0.0
3991 silly packumentCache full:https://registry.npmjs.org/has-property-descriptors cache-miss
3992 http fetch GET 200 https://registry.npmjs.org/has-property-descriptors 1ms (cache hit)
3993 silly packumentCache full:https://registry.npmjs.org/has-property-descriptors set size:12452 disposed:false
3994 silly fetch manifest es-errors@^1.3.0
3995 silly packumentCache full:https://registry.npmjs.org/es-errors cache-miss
3996 http fetch GET 200 https://registry.npmjs.org/es-errors 1ms (cache hit)
3997 silly packumentCache full:https://registry.npmjs.org/es-errors set size:16918 disposed:false
3998 silly placeDep ROOT call-bind-apply-helpers@1.0.2 OK for: call-bind@1.0.8 want: ^1.0.0
3999 silly placeDep ROOT es-define-property@1.0.1 OK for: call-bind@1.0.8 want: ^1.0.0
4000 silly placeDep ROOT get-intrinsic@1.3.0 OK for: call-bind@1.0.8 want: ^1.2.4
4001 silly placeDep ROOT set-function-length@1.2.2 OK for: call-bind@1.0.8 want: ^1.2.2
4002 silly fetch manifest function-bind@^1.1.2
4003 silly packumentCache full:https://registry.npmjs.org/function-bind cache-miss
4004 http fetch GET 200 https://registry.npmjs.org/function-bind 3ms (cache hit)
4005 silly packumentCache full:https://registry.npmjs.org/function-bind set size:15733 disposed:false
4006 silly fetch manifest gopd@^1.2.0
4007 silly packumentCache full:https://registry.npmjs.org/gopd cache-miss
4008 http fetch GET 200 https://registry.npmjs.org/gopd 2ms (cache hit)
4009 silly packumentCache full:https://registry.npmjs.org/gopd set size:11458 disposed:false
4010 silly fetch manifest hasown@^2.0.2
4011 silly packumentCache full:https://registry.npmjs.org/hasown cache-miss
4012 http fetch GET 200 https://registry.npmjs.org/hasown 2ms (cache hit)
4013 silly packumentCache full:https://registry.npmjs.org/hasown set size:12476 disposed:false
4014 silly fetch manifest get-proto@^1.0.1
4015 silly packumentCache full:https://registry.npmjs.org/get-proto cache-miss
4016 http fetch GET 200 https://registry.npmjs.org/get-proto 2ms (cache hit)
4017 silly packumentCache full:https://registry.npmjs.org/get-proto set size:8300 disposed:false
4018 silly fetch manifest math-intrinsics@^1.1.0
4019 silly packumentCache full:https://registry.npmjs.org/math-intrinsics cache-miss
4020 http fetch GET 200 https://registry.npmjs.org/math-intrinsics 3ms (cache hit)
4021 silly packumentCache full:https://registry.npmjs.org/math-intrinsics set size:9265 disposed:false
4022 silly fetch manifest define-data-property@^1.1.4
4023 silly packumentCache full:https://registry.npmjs.org/define-data-property cache-hit
4024 silly fetch manifest gopd@^1.0.1
4025 silly packumentCache full:https://registry.npmjs.org/gopd cache-hit
4026 silly fetch manifest has-property-descriptors@^1.0.2
4027 silly packumentCache full:https://registry.npmjs.org/has-property-descriptors cache-hit
4028 silly placeDep ROOT es-errors@1.3.0 OK for: call-bind-apply-helpers@1.0.2 want: ^1.3.0
4029 silly placeDep ROOT function-bind@1.1.2 OK for: call-bind-apply-helpers@1.0.2 want: ^1.1.2
4030 silly placeDep ROOT define-data-property@1.1.4 OK for: define-properties@1.2.1 want: ^1.0.1
4031 silly placeDep ROOT has-property-descriptors@1.0.2 OK for: define-properties@1.2.1 want: ^1.0.0
4032 silly placeDep ROOT gopd@1.2.0 OK for: define-data-property@1.1.4 want: ^1.0.1
4033 silly placeDep ROOT get-proto@1.0.1 OK for: get-intrinsic@1.3.0 want: ^1.0.1
4034 silly placeDep ROOT hasown@2.0.2 OK for: get-intrinsic@1.3.0 want: ^2.0.2
4035 silly placeDep ROOT math-intrinsics@1.1.0 OK for: get-intrinsic@1.3.0 want: ^1.1.0
4036 silly fetch manifest dunder-proto@^1.0.1
4037 silly packumentCache full:https://registry.npmjs.org/dunder-proto cache-miss
4038 http fetch GET 200 https://registry.npmjs.org/dunder-proto 2ms (cache hit)
4039 silly packumentCache full:https://registry.npmjs.org/dunder-proto set size:8256 disposed:false
4040 silly placeDep ROOT dunder-proto@1.0.1 OK for: get-proto@1.0.1 want: ^1.0.1
4041 silly placeDep ROOT mimic-fn@2.1.0 OK for: onetime@5.1.2 want: ^2.1.0
4042 silly placeDep ROOT define-lazy-prop@2.0.0 OK for: open@8.4.2 want: ^2.0.0
4043 silly placeDep ROOT is-docker@2.2.1 OK for: open@8.4.2 want: ^2.1.1
4044 silly placeDep ROOT is-wsl@2.2.0 OK for: open@8.4.2 want: ^2.2.0
4045 silly placeDep ROOT aggregate-error@3.1.0 OK for: p-map@4.0.0 want: ^3.0.0
4046 silly fetch manifest clean-stack@^2.0.0
4047 silly packumentCache full:https://registry.npmjs.org/clean-stack cache-miss
4048 http fetch GET 200 https://registry.npmjs.org/clean-stack 2ms (cache hit)
4049 silly packumentCache full:https://registry.npmjs.org/clean-stack set size:52858 disposed:false
4050 silly fetch manifest indent-string@^4.0.0
4051 silly packumentCache full:https://registry.npmjs.org/indent-string cache-miss
4052 http fetch GET 200 https://registry.npmjs.org/indent-string 3ms (cache hit)
4053 silly packumentCache full:https://registry.npmjs.org/indent-string set size:28547 disposed:false
4054 silly placeDep ROOT clean-stack@2.2.0 OK for: aggregate-error@3.1.0 want: ^2.0.0
4055 silly placeDep ROOT indent-string@4.0.0 OK for: aggregate-error@3.1.0 want: ^4.0.0
4056 silly placeDep ROOT eventemitter3@4.0.7 OK for: p-queue@6.6.2 want: ^4.0.4
4057 silly placeDep ROOT p-timeout@3.2.0 OK for: p-queue@6.6.2 want: ^3.2.0
4058 silly fetch manifest p-finally@^1.0.0
4059 silly packumentCache full:https://registry.npmjs.org/p-finally cache-miss
4060 http fetch GET 200 https://registry.npmjs.org/p-finally 1ms (cache hit)
4061 silly packumentCache full:https://registry.npmjs.org/p-finally set size:11668 disposed:false
4062 silly placeDep ROOT p-finally@1.0.0 OK for: p-timeout@3.2.0 want: ^1.0.0
4063 silly placeDep ROOT dot-case@3.0.4 OK for: param-case@3.0.4 want: ^3.0.4
4064 silly placeDep ROOT no-case@3.0.4 OK for: dot-case@3.0.4 want: ^3.0.4
4065 silly fetch manifest lower-case@^2.0.2
4066 silly packumentCache full:https://registry.npmjs.org/lower-case cache-miss
4067 http fetch GET 200 https://registry.npmjs.org/lower-case 3ms (cache hit)
4068 silly packumentCache full:https://registry.npmjs.org/lower-case set size:27690 disposed:false
4069 silly placeDep ROOT lower-case@2.0.2 OK for: no-case@3.0.4 want: ^2.0.2
4070 silly placeDep ROOT callsites@3.1.0 OK for: parent-module@1.0.1 want: ^3.0.0
4071 silly placeDep node_modules/parse-entities @types/unist@2.0.11 OK for: parse-entities@4.0.2 want: ^2.0.0
4072 silly placeDep ROOT character-entities-legacy@3.0.0 OK for: parse-entities@4.0.2 want: ^3.0.0
4073 silly placeDep ROOT character-reference-invalid@2.0.1 OK for: parse-entities@4.0.2 want: ^2.0.0
4074 silly placeDep ROOT is-alphanumerical@2.0.1 OK for: parse-entities@4.0.2 want: ^2.0.0
4075 silly placeDep ROOT is-decimal@2.0.1 OK for: parse-entities@4.0.2 want: ^2.0.0
4076 silly placeDep ROOT is-hexadecimal@2.0.1 OK for: parse-entities@4.0.2 want: ^2.0.0
4077 silly fetch manifest is-alphabetical@^2.0.0
4078 silly packumentCache full:https://registry.npmjs.org/is-alphabetical cache-miss
4079 http fetch GET 200 https://registry.npmjs.org/is-alphabetical 2ms (cache hit)
4080 silly packumentCache full:https://registry.npmjs.org/is-alphabetical set size:26798 disposed:false
4081 silly placeDep ROOT is-alphabetical@2.0.1 OK for: is-alphanumerical@2.0.1 want: ^2.0.0
4082 silly placeDep ROOT error-ex@1.3.4 OK for: parse-json@5.2.0 want: ^1.3.1
4083 silly placeDep ROOT json-parse-even-better-errors@2.3.1 OK for: parse-json@5.2.0 want: ^2.3.0
4084 silly placeDep ROOT lines-and-columns@1.2.4 OK for: parse-json@5.2.0 want: ^1.1.6
4085 silly fetch manifest is-arrayish@^0.2.1
4086 silly packumentCache full:https://registry.npmjs.org/is-arrayish cache-miss
4087 http fetch GET 200 https://registry.npmjs.org/is-arrayish 3ms (cache hit)
4088 silly packumentCache full:https://registry.npmjs.org/is-arrayish set size:15371 disposed:false
4089 silly placeDep ROOT is-arrayish@0.2.1 OK for: error-ex@1.3.4 want: ^0.2.1
4090 silly placeDep node_modules/parse5 entities@6.0.1 OK for: parse5@7.3.0 want: ^6.0.0
4091 silly placeDep ROOT find-up@6.3.0 OK for: pkg-dir@7.0.0 want: ^6.3.0
4092 silly fetch manifest locate-path@^7.1.0
4093 silly packumentCache full:https://registry.npmjs.org/locate-path cache-miss
4094 http fetch GET 200 https://registry.npmjs.org/locate-path 2ms (cache hit)
4095 silly packumentCache full:https://registry.npmjs.org/locate-path set size:31329 disposed:false
4096 silly fetch manifest path-exists@^5.0.0
4097 silly packumentCache full:https://registry.npmjs.org/path-exists cache-miss
4098 http fetch GET 200 https://registry.npmjs.org/path-exists 2ms (cache hit)
4099 silly packumentCache full:https://registry.npmjs.org/path-exists set size:13704 disposed:false
4100 silly placeDep ROOT locate-path@7.2.0 OK for: find-up@6.3.0 want: ^7.1.0
4101 silly placeDep ROOT path-exists@5.0.0 OK for: find-up@6.3.0 want: ^5.0.0
4102 silly fetch manifest p-locate@^6.0.0
4103 silly packumentCache full:https://registry.npmjs.org/p-locate cache-miss
4104 http fetch GET 200 https://registry.npmjs.org/p-locate 2ms (cache hit)
4105 silly packumentCache full:https://registry.npmjs.org/p-locate set size:22488 disposed:false
4106 silly placeDep ROOT p-locate@6.0.0 OK for: locate-path@7.2.0 want: ^6.0.0
4107 silly fetch manifest p-limit@^4.0.0
4108 silly packumentCache full:https://registry.npmjs.org/p-limit cache-miss
4109 http fetch GET 200 https://registry.npmjs.org/p-limit 4ms (cache hit)
4110 silly packumentCache full:https://registry.npmjs.org/p-limit set size:61867 disposed:false
4111 silly placeDep ROOT p-limit@4.0.0 OK for: p-locate@6.0.0 want: ^4.0.0
4112 silly fetch manifest yocto-queue@^1.0.0
4113 silly packumentCache full:https://registry.npmjs.org/yocto-queue cache-miss
4114 http fetch GET 200 https://registry.npmjs.org/yocto-queue 3ms (cache hit)
4115 silly packumentCache full:https://registry.npmjs.org/yocto-queue set size:20256 disposed:false
4116 silly placeDep ROOT yocto-queue@1.2.2 OK for: p-limit@4.0.0 want: ^1.0.0
4117 silly placeDep ROOT nanoid@3.3.11 OK for: postcss@8.5.8 want: ^3.3.11
4118 silly placeDep ROOT source-map-js@1.2.1 OK for: postcss@8.5.8 want: ^1.2.1
4119 silly placeDep ROOT postcss-selector-parser@6.1.2 OK for: postcss-calc@9.0.1 want: ^6.0.11
4120 silly fetch manifest cssesc@^3.0.0
4121 silly packumentCache full:https://registry.npmjs.org/cssesc cache-miss
4122 http fetch GET 200 https://registry.npmjs.org/cssesc 1ms (cache hit)
4123 silly packumentCache full:https://registry.npmjs.org/cssesc set size:18815 disposed:false
4124 silly fetch manifest util-deprecate@^1.0.2
4125 silly packumentCache full:https://registry.npmjs.org/util-deprecate cache-miss
4126 http fetch GET 200 https://registry.npmjs.org/util-deprecate 1ms (cache hit)
4127 silly packumentCache full:https://registry.npmjs.org/util-deprecate set size:6674 disposed:false
4128 silly placeDep ROOT caniuse-api@3.0.0 OK for: postcss-colormin@6.1.0 want: ^3.0.0
4129 silly placeDep ROOT colord@2.9.3 OK for: postcss-colormin@6.1.0 want: ^2.9.3
4130 silly fetch manifest lodash.uniq@^4.5.0
4131 silly packumentCache full:https://registry.npmjs.org/lodash.uniq cache-miss
4132 http fetch GET 200 https://registry.npmjs.org/lodash.uniq 1ms (cache hit)
4133 silly packumentCache full:https://registry.npmjs.org/lodash.uniq set size:44173 disposed:false
4134 silly fetch manifest lodash.memoize@^4.1.2
4135 silly packumentCache full:https://registry.npmjs.org/lodash.memoize cache-miss
4136 http fetch GET 200 https://registry.npmjs.org/lodash.memoize 2ms (cache hit)
4137 silly packumentCache full:https://registry.npmjs.org/lodash.memoize set size:41190 disposed:false
4138 silly placeDep ROOT lodash.memoize@4.1.2 OK for: caniuse-api@3.0.0 want: ^4.1.2
4139 silly placeDep ROOT lodash.uniq@4.5.0 OK for: caniuse-api@3.0.0 want: ^4.5.0
4140 silly placeDep ROOT stylehacks@6.1.1 OK for: postcss-merge-longhand@6.0.5 want: ^6.1.1
4141 silly placeDep node_modules/postcss-modules-local-by-default postcss-selector-parser@7.1.1 OK for: postcss-modules-local-by-default@4.2.0 want: ^7.0.0
4142 silly placeDep node_modules/postcss-modules-scope postcss-selector-parser@7.1.1 OK for: postcss-modules-scope@3.2.1 want: ^7.0.0
4143 silly placeDep ROOT @csstools/postcss-alpha-function@1.0.1 OK for: postcss-preset-env@10.6.1 want: ^1.0.1
4144 silly placeDep ROOT @csstools/postcss-cascade-layers@5.0.2 OK for: postcss-preset-env@10.6.1 want: ^5.0.2
4145 silly placeDep ROOT @csstools/postcss-color-function@4.0.12 OK for: postcss-preset-env@10.6.1 want: ^4.0.12
4146 silly placeDep ROOT @csstools/postcss-color-function-display-p3-linear@1.0.1 OK for: postcss-preset-env@10.6.1 want: ^1.0.1
4147 silly placeDep ROOT @csstools/postcss-color-mix-function@3.0.12 OK for: postcss-preset-env@10.6.1 want: ^3.0.12
4148 silly placeDep ROOT @csstools/postcss-color-mix-variadic-function-arguments@1.0.2 OK for: postcss-preset-env@10.6.1 want: ^1.0.2
4149 silly placeDep ROOT @csstools/postcss-content-alt-text@2.0.8 OK for: postcss-preset-env@10.6.1 want: ^2.0.8
4150 silly placeDep ROOT @csstools/postcss-contrast-color-function@2.0.12 OK for: postcss-preset-env@10.6.1 want: ^2.0.12
4151 silly placeDep ROOT @csstools/postcss-exponential-functions@2.0.9 OK for: postcss-preset-env@10.6.1 want: ^2.0.9
4152 silly placeDep ROOT @csstools/postcss-font-format-keywords@4.0.0 OK for: postcss-preset-env@10.6.1 want: ^4.0.0
4153 silly placeDep ROOT @csstools/postcss-gamut-mapping@2.0.11 OK for: postcss-preset-env@10.6.1 want: ^2.0.11
4154 silly placeDep ROOT @csstools/postcss-gradients-interpolation-method@5.0.12 OK for: postcss-preset-env@10.6.1 want: ^5.0.12
4155 silly placeDep ROOT @csstools/postcss-hwb-function@4.0.12 OK for: postcss-preset-env@10.6.1 want: ^4.0.12
4156 silly placeDep ROOT @csstools/postcss-ic-unit@4.0.4 OK for: postcss-preset-env@10.6.1 want: ^4.0.4
4157 silly placeDep ROOT @csstools/postcss-initial@2.0.1 OK for: postcss-preset-env@10.6.1 want: ^2.0.1
4158 silly placeDep ROOT @csstools/postcss-is-pseudo-class@5.0.3 OK for: postcss-preset-env@10.6.1 want: ^5.0.3
4159 silly placeDep ROOT @csstools/postcss-light-dark-function@2.0.11 OK for: postcss-preset-env@10.6.1 want: ^2.0.11
4160 silly placeDep ROOT @csstools/postcss-logical-float-and-clear@3.0.0 OK for: postcss-preset-env@10.6.1 want: ^3.0.0
4161 silly placeDep ROOT @csstools/postcss-logical-overflow@2.0.0 OK for: postcss-preset-env@10.6.1 want: ^2.0.0
4162 silly placeDep ROOT @csstools/postcss-logical-overscroll-behavior@2.0.0 OK for: postcss-preset-env@10.6.1 want: ^2.0.0
4163 silly placeDep ROOT @csstools/postcss-logical-resize@3.0.0 OK for: postcss-preset-env@10.6.1 want: ^3.0.0
4164 silly placeDep ROOT @csstools/postcss-logical-viewport-units@3.0.4 OK for: postcss-preset-env@10.6.1 want: ^3.0.4
4165 silly placeDep ROOT @csstools/postcss-media-minmax@2.0.9 OK for: postcss-preset-env@10.6.1 want: ^2.0.9
4166 silly placeDep ROOT @csstools/postcss-media-queries-aspect-ratio-number-values@3.0.5 OK for: postcss-preset-env@10.6.1 want: ^3.0.5
4167 silly placeDep ROOT @csstools/postcss-nested-calc@4.0.0 OK for: postcss-preset-env@10.6.1 want: ^4.0.0
4168 silly placeDep ROOT @csstools/postcss-normalize-display-values@4.0.1 OK for: postcss-preset-env@10.6.1 want: ^4.0.1
4169 silly placeDep ROOT @csstools/postcss-oklab-function@4.0.12 OK for: postcss-preset-env@10.6.1 want: ^4.0.12
4170 silly placeDep ROOT @csstools/postcss-position-area-property@1.0.0 OK for: postcss-preset-env@10.6.1 want: ^1.0.0
4171 silly placeDep ROOT @csstools/postcss-progressive-custom-properties@4.2.1 OK for: postcss-preset-env@10.6.1 want: ^4.2.1
4172 silly placeDep ROOT @csstools/postcss-property-rule-prelude-list@1.0.0 OK for: postcss-preset-env@10.6.1 want: ^1.0.0
4173 silly placeDep ROOT @csstools/postcss-random-function@2.0.1 OK for: postcss-preset-env@10.6.1 want: ^2.0.1
4174 silly placeDep ROOT @csstools/postcss-relative-color-syntax@3.0.12 OK for: postcss-preset-env@10.6.1 want: ^3.0.12
4175 silly placeDep ROOT @csstools/postcss-scope-pseudo-class@4.0.1 OK for: postcss-preset-env@10.6.1 want: ^4.0.1
4176 silly placeDep ROOT @csstools/postcss-sign-functions@1.1.4 OK for: postcss-preset-env@10.6.1 want: ^1.1.4
4177 silly placeDep ROOT @csstools/postcss-stepped-value-functions@4.0.9 OK for: postcss-preset-env@10.6.1 want: ^4.0.9
4178 silly placeDep ROOT @csstools/postcss-syntax-descriptor-syntax-production@1.0.1 OK for: postcss-preset-env@10.6.1 want: ^1.0.1
4179 silly placeDep ROOT @csstools/postcss-system-ui-font-family@1.0.0 OK for: postcss-preset-env@10.6.1 want: ^1.0.0
4180 silly placeDep ROOT @csstools/postcss-text-decoration-shorthand@4.0.3 OK for: postcss-preset-env@10.6.1 want: ^4.0.3
4181 silly placeDep ROOT @csstools/postcss-trigonometric-functions@4.0.9 OK for: postcss-preset-env@10.6.1 want: ^4.0.9
4182 silly placeDep ROOT @csstools/postcss-unset-value@4.0.0 OK for: postcss-preset-env@10.6.1 want: ^4.0.0
4183 silly placeDep ROOT css-blank-pseudo@7.0.1 OK for: postcss-preset-env@10.6.1 want: ^7.0.1
4184 silly placeDep ROOT css-has-pseudo@7.0.3 OK for: postcss-preset-env@10.6.1 want: ^7.0.3
4185 silly placeDep ROOT css-prefers-color-scheme@10.0.0 OK for: postcss-preset-env@10.6.1 want: ^10.0.0
4186 silly placeDep ROOT cssdb@8.8.0 OK for: postcss-preset-env@10.6.1 want: ^8.6.0
4187 silly placeDep ROOT postcss-attribute-case-insensitive@7.0.1 OK for: postcss-preset-env@10.6.1 want: ^7.0.1
4188 silly placeDep ROOT postcss-clamp@4.1.0 OK for: postcss-preset-env@10.6.1 want: ^4.1.0
4189 silly placeDep ROOT postcss-color-functional-notation@7.0.12 OK for: postcss-preset-env@10.6.1 want: ^7.0.12
4190 silly placeDep ROOT postcss-color-hex-alpha@10.0.0 OK for: postcss-preset-env@10.6.1 want: ^10.0.0
4191 silly placeDep ROOT postcss-color-rebeccapurple@10.0.0 OK for: postcss-preset-env@10.6.1 want: ^10.0.0
4192 silly placeDep ROOT postcss-custom-media@11.0.6 OK for: postcss-preset-env@10.6.1 want: ^11.0.6
4193 silly placeDep ROOT postcss-custom-properties@14.0.6 OK for: postcss-preset-env@10.6.1 want: ^14.0.6
4194 silly placeDep ROOT postcss-custom-selectors@8.0.5 OK for: postcss-preset-env@10.6.1 want: ^8.0.5
4195 silly placeDep ROOT postcss-dir-pseudo-class@9.0.1 OK for: postcss-preset-env@10.6.1 want: ^9.0.1
4196 silly placeDep ROOT postcss-double-position-gradients@6.0.4 OK for: postcss-preset-env@10.6.1 want: ^6.0.4
4197 silly placeDep ROOT postcss-focus-visible@10.0.1 OK for: postcss-preset-env@10.6.1 want: ^10.0.1
4198 silly placeDep ROOT postcss-focus-within@9.0.1 OK for: postcss-preset-env@10.6.1 want: ^9.0.1
4199 silly placeDep ROOT postcss-font-variant@5.0.0 OK for: postcss-preset-env@10.6.1 want: ^5.0.0
4200 silly placeDep ROOT postcss-gap-properties@6.0.0 OK for: postcss-preset-env@10.6.1 want: ^6.0.0
4201 silly placeDep ROOT postcss-image-set-function@7.0.0 OK for: postcss-preset-env@10.6.1 want: ^7.0.0
4202 silly placeDep ROOT postcss-lab-function@7.0.12 OK for: postcss-preset-env@10.6.1 want: ^7.0.12
4203 silly placeDep ROOT postcss-logical@8.1.0 OK for: postcss-preset-env@10.6.1 want: ^8.1.0
4204 silly placeDep ROOT postcss-nesting@13.0.2 OK for: postcss-preset-env@10.6.1 want: ^13.0.2
4205 silly placeDep ROOT postcss-opacity-percentage@3.0.0 OK for: postcss-preset-env@10.6.1 want: ^3.0.0
4206 silly placeDep ROOT postcss-overflow-shorthand@6.0.0 OK for: postcss-preset-env@10.6.1 want: ^6.0.0
4207 silly placeDep ROOT postcss-page-break@3.0.4 OK for: postcss-preset-env@10.6.1 want: ^3.0.4
4208 silly placeDep ROOT postcss-place@10.0.0 OK for: postcss-preset-env@10.6.1 want: ^10.0.0
4209 silly placeDep ROOT postcss-pseudo-class-any-link@10.0.1 OK for: postcss-preset-env@10.6.1 want: ^10.0.1
4210 silly placeDep ROOT postcss-replace-overflow-wrap@4.0.0 OK for: postcss-preset-env@10.6.1 want: ^4.0.0
4211 silly placeDep ROOT postcss-selector-not@8.0.1 OK for: postcss-preset-env@10.6.1 want: ^8.0.1
4212 silly fetch manifest @csstools/utilities@^2.0.0
4213 silly packumentCache full:https://registry.npmjs.org/@csstools%2futilities cache-miss
4214 http fetch GET 200 https://registry.npmjs.org/@csstools%2futilities 2ms (cache hit)
4215 silly packumentCache full:https://registry.npmjs.org/@csstools%2futilities set size:8297 disposed:false
4216 silly fetch manifest @csstools/css-tokenizer@^3.0.4
4217 silly packumentCache full:https://registry.npmjs.org/@csstools%2fcss-tokenizer cache-miss
4218 http fetch GET 200 https://registry.npmjs.org/@csstools%2fcss-tokenizer 3ms (cache hit)
4219 silly packumentCache full:https://registry.npmjs.org/@csstools%2fcss-tokenizer set size:61164 disposed:false
4220 silly fetch manifest @csstools/css-color-parser@^3.1.0
4221 silly packumentCache full:https://registry.npmjs.org/@csstools%2fcss-color-parser cache-miss
4222 http fetch GET 200 https://registry.npmjs.org/@csstools%2fcss-color-parser 2ms (cache hit)
4223 silly packumentCache full:https://registry.npmjs.org/@csstools%2fcss-color-parser set size:103285 disposed:false
4224 silly fetch manifest @csstools/css-parser-algorithms@^3.0.5
4225 silly packumentCache full:https://registry.npmjs.org/@csstools%2fcss-parser-algorithms cache-miss
4226 http fetch GET 200 https://registry.npmjs.org/@csstools%2fcss-parser-algorithms 2ms (cache hit)
4227 silly packumentCache full:https://registry.npmjs.org/@csstools%2fcss-parser-algorithms set size:66140 disposed:false
4228 silly fetch manifest @csstools/selector-specificity@^5.0.0
4229 silly packumentCache full:https://registry.npmjs.org/@csstools%2fselector-specificity cache-miss
4230 http fetch GET 200 https://registry.npmjs.org/@csstools%2fselector-specificity 2ms (cache hit)
4231 silly packumentCache full:https://registry.npmjs.org/@csstools%2fselector-specificity set size:51031 disposed:false
4232 silly fetch manifest @csstools/css-calc@^2.1.4
4233 silly packumentCache full:https://registry.npmjs.org/@csstools%2fcss-calc cache-miss
4234 http fetch GET 200 https://registry.npmjs.org/@csstools%2fcss-calc 2ms (cache hit)
4235 silly packumentCache full:https://registry.npmjs.org/@csstools%2fcss-calc set size:72277 disposed:false
4236 silly fetch manifest @csstools/media-query-list-parser@^4.0.3
4237 silly packumentCache full:https://registry.npmjs.org/@csstools%2fmedia-query-list-parser cache-miss
4238 http fetch GET 200 https://registry.npmjs.org/@csstools%2fmedia-query-list-parser 1ms (cache hit)
4239 silly packumentCache full:https://registry.npmjs.org/@csstools%2fmedia-query-list-parser set size:74602 disposed:false
4240 silly fetch manifest @csstools/color-helpers@^5.1.0
4241 silly packumentCache full:https://registry.npmjs.org/@csstools%2fcolor-helpers cache-miss
4242 http fetch GET 200 https://registry.npmjs.org/@csstools%2fcolor-helpers 2ms (cache hit)
4243 silly packumentCache full:https://registry.npmjs.org/@csstools%2fcolor-helpers set size:42946 disposed:false
4244 silly fetch manifest @csstools/cascade-layer-name-parser@^2.0.5
4245 silly packumentCache full:https://registry.npmjs.org/@csstools%2fcascade-layer-name-parser cache-miss
4246 http fetch GET 200 https://registry.npmjs.org/@csstools%2fcascade-layer-name-parser 2ms (cache hit)
4247 silly packumentCache full:https://registry.npmjs.org/@csstools%2fcascade-layer-name-parser set size:55680 disposed:false
4248 silly fetch manifest @csstools/selector-resolve-nested@^3.1.0
4249 silly packumentCache full:https://registry.npmjs.org/@csstools%2fselector-resolve-nested cache-miss
4250 http fetch GET 200 https://registry.npmjs.org/@csstools%2fselector-resolve-nested 1ms (cache hit)
4251 silly packumentCache full:https://registry.npmjs.org/@csstools%2fselector-resolve-nested set size:23394 disposed:false
4252 silly placeDep ROOT @csstools/css-color-parser@3.1.0 OK for: @csstools/postcss-alpha-function@1.0.1 want: ^3.1.0
4253 silly placeDep ROOT @csstools/css-parser-algorithms@3.0.5 OK for: @csstools/postcss-alpha-function@1.0.1 want: ^3.0.5
4254 silly placeDep ROOT @csstools/css-tokenizer@3.0.4 OK for: @csstools/postcss-alpha-function@1.0.1 want: ^3.0.4
4255 silly placeDep ROOT @csstools/utilities@2.0.0 OK for: @csstools/postcss-alpha-function@1.0.1 want: ^2.0.0
4256 silly placeDep ROOT @csstools/color-helpers@5.1.0 OK for: @csstools/css-color-parser@3.1.0 want: ^5.1.0
4257 silly placeDep ROOT @csstools/css-calc@2.1.4 OK for: @csstools/css-color-parser@3.1.0 want: ^2.1.4
4258 silly placeDep ROOT @csstools/selector-specificity@5.0.0 OK for: @csstools/postcss-cascade-layers@5.0.2 want: ^5.0.0
4259 silly placeDep node_modules/@csstools/postcss-cascade-layers postcss-selector-parser@7.1.1 OK for: @csstools/postcss-cascade-layers@5.0.2 want: ^7.0.0
4260 silly placeDep node_modules/@csstools/postcss-is-pseudo-class postcss-selector-parser@7.1.1 OK for: @csstools/postcss-is-pseudo-class@5.0.3 want: ^7.0.0
4261 silly placeDep ROOT @csstools/media-query-list-parser@4.0.3 OK for: @csstools/postcss-media-minmax@2.0.9 want: ^4.0.3
4262 silly placeDep node_modules/@csstools/postcss-scope-pseudo-class postcss-selector-parser@7.1.1 OK for: @csstools/postcss-scope-pseudo-class@4.0.1 want: ^7.0.0
4263 silly placeDep node_modules/css-blank-pseudo postcss-selector-parser@7.1.1 OK for: css-blank-pseudo@7.0.1 want: ^7.0.0
4264 silly placeDep node_modules/css-has-pseudo postcss-selector-parser@7.1.1 OK for: css-has-pseudo@7.0.3 want: ^7.0.0
4265 silly placeDep node_modules/postcss-attribute-case-insensitive postcss-selector-parser@7.1.1 OK for: postcss-attribute-case-insensitive@7.0.1 want: ^7.0.0
4266 silly placeDep ROOT @csstools/cascade-layer-name-parser@2.0.5 OK for: postcss-custom-media@11.0.6 want: ^2.0.5
4267 silly placeDep node_modules/postcss-custom-selectors postcss-selector-parser@7.1.1 OK for: postcss-custom-selectors@8.0.5 want: ^7.0.0
4268 silly placeDep node_modules/postcss-dir-pseudo-class postcss-selector-parser@7.1.1 OK for: postcss-dir-pseudo-class@9.0.1 want: ^7.0.0
4269 silly placeDep node_modules/postcss-focus-visible postcss-selector-parser@7.1.1 OK for: postcss-focus-visible@10.0.1 want: ^7.0.0
4270 silly placeDep node_modules/postcss-focus-within postcss-selector-parser@7.1.1 OK for: postcss-focus-within@9.0.1 want: ^7.0.0
4271 silly placeDep ROOT @csstools/selector-resolve-nested@3.1.0 OK for: postcss-nesting@13.0.2 want: ^3.1.0
4272 silly placeDep node_modules/postcss-nesting postcss-selector-parser@7.1.1 OK for: postcss-nesting@13.0.2 want: ^7.0.0
4273 silly placeDep node_modules/postcss-pseudo-class-any-link postcss-selector-parser@7.1.1 OK for: postcss-pseudo-class-any-link@10.0.1 want: ^7.0.0
4274 silly placeDep node_modules/postcss-selector-not postcss-selector-parser@7.1.1 OK for: postcss-selector-not@8.0.1 want: ^7.0.0
4275 silly placeDep ROOT cssesc@3.0.0 OK for: postcss-selector-parser@6.1.2 want: ^3.0.0
4276 silly placeDep ROOT util-deprecate@1.0.2 OK for: postcss-selector-parser@6.1.2 want: ^1.0.2
4277 silly placeDep ROOT sort-css-media-queries@2.2.0 OK for: postcss-sort-media-queries@5.2.0 want: 2.2.0
4278 silly placeDep ROOT renderkid@3.0.0 OK for: pretty-error@4.0.0 want: ^3.0.0
4279 silly fetch manifest css-select@^4.1.3
4280 silly packumentCache full:https://registry.npmjs.org/css-select cache-hit
4281 silly fetch manifest dom-converter@^0.2.0
4282 silly packumentCache full:https://registry.npmjs.org/dom-converter cache-miss
4283 http fetch GET 200 https://registry.npmjs.org/dom-converter 2ms (cache hit)
4284 silly packumentCache full:https://registry.npmjs.org/dom-converter set size:9521 disposed:false
4285 silly fetch manifest htmlparser2@^6.1.0
4286 silly packumentCache full:https://registry.npmjs.org/htmlparser2 cache-hit
4287 silly placeDep ROOT @types/prismjs@1.26.6 OK for: prism-react-renderer@2.4.1 want: ^1.26.0
4288 silly placeDep ROOT kleur@3.0.3 OK for: prompts@2.4.2 want: ^3.0.3
4289 silly placeDep ROOT sisteransi@1.0.5 OK for: prompts@2.4.2 want: ^1.0.5
4290 silly placeDep ROOT loose-envify@1.4.0 OK for: react@18.3.1 want: ^1.1.0
4291 silly placeDep ROOT scheduler@0.23.2 OK for: react-dom@18.3.1 want: ^0.23.2
4292 silly placeDep ROOT invariant@2.2.4 OK for: @slorber/react-helmet-async@1.3.0 want: ^2.2.4
4293 silly placeDep ROOT prop-types@15.8.1 OK for: @slorber/react-helmet-async@1.3.0 want: ^15.7.2
4294 silly placeDep ROOT react-fast-compare@3.2.2 OK for: @slorber/react-helmet-async@1.3.0 want: ^3.2.0
4295 silly placeDep ROOT shallowequal@1.1.0 OK for: @slorber/react-helmet-async@1.3.0 want: ^1.1.0
4296 silly fetch manifest object-assign@^4.1.1
4297 silly packumentCache full:https://registry.npmjs.org/object-assign cache-miss
4298 http fetch GET 200 https://registry.npmjs.org/object-assign 5ms (cache hit)
4299 silly packumentCache full:https://registry.npmjs.org/object-assign set size:28988 disposed:false
4300 silly fetch manifest react-is@^16.13.1
4301 silly packumentCache full:https://registry.npmjs.org/react-is cache-miss
4302 http fetch GET 200 https://registry.npmjs.org/react-is 5ms (cache hit)
4303 silly packumentCache full:https://registry.npmjs.org/react-is set size:5314500 disposed:false
4304 silly placeDep ROOT object-assign@4.1.1 OK for: prop-types@15.8.1 want: ^4.1.1
4305 silly placeDep ROOT react-is@16.13.1 OK for: prop-types@15.8.1 want: ^16.13.1
4306 silly placeDep ROOT history@4.10.1 OK for: react-router@5.3.4 want: ^4.9.0
4307 silly placeDep ROOT hoist-non-react-statics@3.3.2 OK for: react-router@5.3.4 want: ^3.1.0
4308 silly placeDep ROOT path-to-regexp@1.9.0 OK for: react-router@5.3.4 want: ^1.7.0
4309 silly placeDep ROOT tiny-invariant@1.3.3 OK for: react-router@5.3.4 want: ^1.0.2
4310 silly placeDep ROOT tiny-warning@1.0.3 OK for: react-router@5.3.4 want: ^1.0.0
4311 silly fetch manifest value-equal@^1.0.1
4312 silly packumentCache full:https://registry.npmjs.org/value-equal cache-miss
4313 http fetch GET 200 https://registry.npmjs.org/value-equal 3ms (cache hit)
4314 silly packumentCache full:https://registry.npmjs.org/value-equal set size:49873 disposed:false
4315 silly fetch manifest isarray@0.0.1
4316 silly packumentCache full:https://registry.npmjs.org/isarray cache-miss
4317 http fetch GET 200 https://registry.npmjs.org/isarray 1ms (cache hit)
4318 silly packumentCache full:https://registry.npmjs.org/isarray set size:17392 disposed:false
4319 silly placeDep ROOT value-equal@1.0.1 OK for: history@4.10.1 want: ^1.0.1
4320 silly placeDep ROOT isarray@0.0.1 OK for: path-to-regexp@1.9.0 want: 0.0.1
4321 silly placeDep ROOT estree-util-build-jsx@3.0.1 OK for: recma-build-jsx@1.0.0 want: ^3.0.0
4322 silly placeDep ROOT acorn-jsx@5.3.2 OK for: recma-jsx@1.0.1 want: ^5.0.0
4323 silly placeDep ROOT estree-util-to-js@2.0.0 OK for: recma-jsx@1.0.1 want: ^2.0.0
4324 silly placeDep ROOT recma-parse@1.0.0 OK for: recma-jsx@1.0.1 want: ^1.0.0
4325 silly fetch manifest astring@^1.8.0
4326 silly packumentCache full:https://registry.npmjs.org/astring cache-miss
4327 http fetch GET 200 https://registry.npmjs.org/astring 2ms (cache hit)
4328 silly packumentCache full:https://registry.npmjs.org/astring set size:267594 disposed:false
4329 silly fetch manifest esast-util-from-js@^2.0.0
4330 silly packumentCache full:https://registry.npmjs.org/esast-util-from-js cache-miss
4331 http fetch GET 200 https://registry.npmjs.org/esast-util-from-js 2ms (cache hit)
4332 silly packumentCache full:https://registry.npmjs.org/esast-util-from-js set size:30678 disposed:false
4333 silly placeDep ROOT astring@1.9.0 OK for: estree-util-to-js@2.0.0 want: ^1.8.0
4334 silly placeDep ROOT esast-util-from-js@2.0.1 OK for: recma-parse@1.0.0 want: ^2.0.0
4335 silly fetch manifest esast-util-from-estree@^2.0.0
4336 silly packumentCache full:https://registry.npmjs.org/esast-util-from-estree cache-miss
4337 http fetch GET 200 https://registry.npmjs.org/esast-util-from-estree 3ms (cache hit)
4338 silly packumentCache full:https://registry.npmjs.org/esast-util-from-estree set size:32813 disposed:false
4339 silly placeDep ROOT esast-util-from-estree@2.0.0 OK for: esast-util-from-js@2.0.1 want: ^2.0.0
4340 silly fetch manifest estree-util-visit@^2.0.0
4341 silly packumentCache full:https://registry.npmjs.org/estree-util-visit cache-miss
4342 http fetch GET 200 https://registry.npmjs.org/estree-util-visit 1ms (cache hit)
4343 silly packumentCache full:https://registry.npmjs.org/estree-util-visit set size:28523 disposed:false
4344 silly placeDep ROOT estree-util-visit@2.0.0 OK for: esast-util-from-estree@2.0.0 want: ^2.0.0
4345 silly placeDep ROOT regenerate@1.4.2 OK for: regexpu-core@6.4.0 want: ^1.4.2
4346 silly placeDep ROOT regenerate-unicode-properties@10.2.2 OK for: regexpu-core@6.4.0 want: ^10.2.2
4347 silly placeDep ROOT regjsgen@0.8.0 OK for: regexpu-core@6.4.0 want: ^0.8.0
4348 silly placeDep ROOT regjsparser@0.13.0 OK for: regexpu-core@6.4.0 want: ^0.13.0
4349 silly placeDep ROOT unicode-match-property-ecmascript@2.0.0 OK for: regexpu-core@6.4.0 want: ^2.0.0
4350 silly placeDep ROOT unicode-match-property-value-ecmascript@2.2.1 OK for: regexpu-core@6.4.0 want: ^2.2.1
4351 silly fetch manifest unicode-canonical-property-names-ecmascript@^2.0.0
4352 silly packumentCache full:https://registry.npmjs.org/unicode-canonical-property-names-ecmascript cache-miss
4353 http fetch GET 200 https://registry.npmjs.org/unicode-canonical-property-names-ecmascript 2ms (cache hit)
4354 silly packumentCache full:https://registry.npmjs.org/unicode-canonical-property-names-ecmascript set size:17227 disposed:false
4355 silly fetch manifest unicode-property-aliases-ecmascript@^2.0.0
4356 silly packumentCache full:https://registry.npmjs.org/unicode-property-aliases-ecmascript cache-miss
4357 http fetch GET 200 https://registry.npmjs.org/unicode-property-aliases-ecmascript 2ms (cache hit)
4358 silly packumentCache full:https://registry.npmjs.org/unicode-property-aliases-ecmascript set size:28095 disposed:false
4359 silly placeDep ROOT hast-util-raw@9.1.0 OK for: rehype-raw@7.0.0 want: ^9.0.0
4360 silly fetch manifest @ungap/structured-clone@^1.0.0
4361 silly packumentCache full:https://registry.npmjs.org/@ungap%2fstructured-clone cache-miss
4362 http fetch GET 200 https://registry.npmjs.org/@ungap%2fstructured-clone 1ms (cache hit)
4363 silly packumentCache full:https://registry.npmjs.org/@ungap%2fstructured-clone set size:55958 disposed:false
4364 silly fetch manifest hast-util-from-parse5@^8.0.0
4365 silly packumentCache full:https://registry.npmjs.org/hast-util-from-parse5 cache-miss
4366 http fetch GET 200 https://registry.npmjs.org/hast-util-from-parse5 2ms (cache hit)
4367 silly packumentCache full:https://registry.npmjs.org/hast-util-from-parse5 set size:90289 disposed:false
4368 silly fetch manifest hast-util-to-parse5@^8.0.0
4369 silly packumentCache full:https://registry.npmjs.org/hast-util-to-parse5 cache-miss
4370 http fetch GET 200 https://registry.npmjs.org/hast-util-to-parse5 1ms (cache hit)
4371 silly packumentCache full:https://registry.npmjs.org/hast-util-to-parse5 set size:61003 disposed:false
4372 silly fetch manifest html-void-elements@^3.0.0
4373 silly packumentCache full:https://registry.npmjs.org/html-void-elements cache-miss
4374 http fetch GET 200 https://registry.npmjs.org/html-void-elements 2ms (cache hit)
4375 silly packumentCache full:https://registry.npmjs.org/html-void-elements set size:33031 disposed:false
4376 silly fetch manifest web-namespaces@^2.0.0
4377 silly packumentCache full:https://registry.npmjs.org/web-namespaces cache-miss
4378 http fetch GET 200 https://registry.npmjs.org/web-namespaces 2ms (cache hit)
4379 silly packumentCache full:https://registry.npmjs.org/web-namespaces set size:29686 disposed:false
4380 silly placeDep ROOT @ungap/structured-clone@1.3.0 OK for: hast-util-raw@9.1.0 want: ^1.0.0
4381 silly placeDep ROOT hast-util-from-parse5@8.0.3 OK for: hast-util-raw@9.1.0 want: ^8.0.0
4382 silly placeDep ROOT hast-util-to-parse5@8.0.1 OK for: hast-util-raw@9.1.0 want: ^8.0.0
4383 silly placeDep ROOT html-void-elements@3.0.0 OK for: hast-util-raw@9.1.0 want: ^3.0.0
4384 silly placeDep ROOT mdast-util-to-hast@13.2.1 OK for: hast-util-raw@9.1.0 want: ^13.0.0
4385 silly placeDep ROOT web-namespaces@2.0.1 OK for: hast-util-raw@9.1.0 want: ^2.0.0
4386 silly fetch manifest hastscript@^9.0.0
4387 silly packumentCache full:https://registry.npmjs.org/hastscript cache-miss
4388 http fetch GET 200 https://registry.npmjs.org/hastscript 3ms (cache hit)
4389 silly packumentCache full:https://registry.npmjs.org/hastscript set size:89704 disposed:false
4390 silly fetch manifest vfile-location@^5.0.0
4391 silly packumentCache full:https://registry.npmjs.org/vfile-location cache-miss
4392 http fetch GET 200 https://registry.npmjs.org/vfile-location 2ms (cache hit)
4393 silly packumentCache full:https://registry.npmjs.org/vfile-location set size:65379 disposed:false
4394 silly fetch manifest trim-lines@^3.0.0
4395 silly packumentCache full:https://registry.npmjs.org/trim-lines cache-miss
4396 http fetch GET 200 https://registry.npmjs.org/trim-lines 1ms (cache hit)
4397 silly packumentCache full:https://registry.npmjs.org/trim-lines set size:28474 disposed:false
4398 silly placeDep ROOT hastscript@9.0.1 OK for: hast-util-from-parse5@8.0.3 want: ^9.0.0
4399 silly placeDep ROOT vfile-location@5.0.3 OK for: hast-util-from-parse5@8.0.3 want: ^5.0.0
4400 silly fetch manifest hast-util-parse-selector@^4.0.0
4401 silly packumentCache full:https://registry.npmjs.org/hast-util-parse-selector cache-miss
4402 http fetch GET 200 https://registry.npmjs.org/hast-util-parse-selector 4ms (cache hit)
4403 silly packumentCache full:https://registry.npmjs.org/hast-util-parse-selector set size:53712 disposed:false
4404 silly placeDep ROOT hast-util-parse-selector@4.0.0 OK for: hastscript@9.0.1 want: ^4.0.0
4405 silly placeDep ROOT trim-lines@3.0.1 OK for: mdast-util-to-hast@13.2.1 want: ^3.0.0
4406 silly placeDep ROOT hast-util-to-estree@3.1.3 OK for: rehype-recma@1.0.0 want: ^3.0.0
4407 silly fetch manifest estree-util-attach-comments@^3.0.0
4408 silly packumentCache full:https://registry.npmjs.org/estree-util-attach-comments cache-miss
4409 http fetch GET 200 https://registry.npmjs.org/estree-util-attach-comments 3ms (cache hit)
4410 silly packumentCache full:https://registry.npmjs.org/estree-util-attach-comments set size:29489 disposed:false
4411 silly placeDep ROOT estree-util-attach-comments@3.0.0 OK for: hast-util-to-estree@3.1.3 want: ^3.0.0
4412 silly placeDep ROOT mdast-util-directive@3.1.0 OK for: remark-directive@3.0.1 want: ^3.0.0
4413 silly placeDep ROOT micromark-extension-directive@3.0.2 OK for: remark-directive@3.0.1 want: ^3.0.0
4414 silly placeDep ROOT unist-util-visit-parents@6.0.2 OK for: mdast-util-directive@3.1.0 want: ^6.0.0
4415 silly placeDep node_modules/micromark-extension-directive micromark-factory-space@2.0.1 OK for: micromark-extension-directive@3.0.2 want: ^2.0.0
4416 silly placeDep node_modules/micromark-extension-directive micromark-util-character@2.1.1 OK for: micromark-extension-directive@3.0.2 want: ^2.0.0
4417 silly placeDep node_modules/micromark-extension-directive micromark-util-symbol@2.0.1 OK for: micromark-extension-directive@3.0.2 want: ^2.0.0
4418 silly placeDep ROOT emoticon@4.1.0 OK for: remark-emoji@4.0.1 want: ^4.0.1
4419 silly placeDep ROOT mdast-util-find-and-replace@3.0.2 OK for: remark-emoji@4.0.1 want: ^3.0.1
4420 silly placeDep ROOT node-emoji@2.2.0 OK for: remark-emoji@4.0.1 want: ^2.1.0
4421 silly fetch manifest escape-string-regexp@^5.0.0
4422 silly packumentCache full:https://registry.npmjs.org/escape-string-regexp cache-hit
4423 silly fetch manifest @sindresorhus/is@^4.6.0
4424 silly packumentCache full:https://registry.npmjs.org/@sindresorhus%2fis cache-miss
4425 http fetch GET 200 https://registry.npmjs.org/@sindresorhus%2fis 1ms (cache hit)
4426 silly packumentCache full:https://registry.npmjs.org/@sindresorhus%2fis set size:194861 disposed:false
4427 silly fetch manifest char-regex@^1.0.2
4428 silly packumentCache full:https://registry.npmjs.org/char-regex cache-miss
4429 http fetch GET 200 https://registry.npmjs.org/char-regex 1ms (cache hit)
4430 silly packumentCache full:https://registry.npmjs.org/char-regex set size:20509 disposed:false
4431 silly fetch manifest emojilib@^2.4.0
4432 silly packumentCache full:https://registry.npmjs.org/emojilib cache-miss
4433 http fetch GET 200 https://registry.npmjs.org/emojilib 3ms (cache hit)
4434 silly packumentCache full:https://registry.npmjs.org/emojilib set size:84116 disposed:false
4435 silly fetch manifest skin-tone@^2.0.0
4436 silly packumentCache full:https://registry.npmjs.org/skin-tone cache-miss
4437 http fetch GET 200 https://registry.npmjs.org/skin-tone 2ms (cache hit)
4438 silly packumentCache full:https://registry.npmjs.org/skin-tone set size:16099 disposed:false
4439 silly placeDep node_modules/mdast-util-find-and-replace escape-string-regexp@5.0.0 OK for: mdast-util-find-and-replace@3.0.2 want: ^5.0.0
4440 silly placeDep ROOT @sindresorhus/is@4.6.0 OK for: node-emoji@2.2.0 want: ^4.6.0
4441 silly placeDep ROOT char-regex@1.0.2 OK for: node-emoji@2.2.0 want: ^1.0.2
4442 silly placeDep ROOT emojilib@2.4.0 OK for: node-emoji@2.2.0 want: ^2.4.0
4443 silly placeDep ROOT skin-tone@2.0.0 OK for: node-emoji@2.2.0 want: ^2.0.0
4444 silly fetch manifest unicode-emoji-modifier-base@^1.0.0
4445 silly packumentCache full:https://registry.npmjs.org/unicode-emoji-modifier-base cache-miss
4446 http fetch GET 200 https://registry.npmjs.org/unicode-emoji-modifier-base 1ms (cache hit)
4447 silly packumentCache full:https://registry.npmjs.org/unicode-emoji-modifier-base set size:4638 disposed:false
4448 silly placeDep ROOT mdast-util-frontmatter@2.0.1 OK for: remark-frontmatter@5.0.0 want: ^2.0.0
4449 silly placeDep ROOT micromark-extension-frontmatter@2.0.0 OK for: remark-frontmatter@5.0.0 want: ^2.0.0
4450 silly fetch manifest fault@^2.0.0
4451 silly packumentCache full:https://registry.npmjs.org/fault cache-miss
4452 http fetch GET 200 https://registry.npmjs.org/fault 2ms (cache hit)
4453 silly packumentCache full:https://registry.npmjs.org/fault set size:29979 disposed:false
4454 silly placeDep node_modules/mdast-util-frontmatter escape-string-regexp@5.0.0 OK for: mdast-util-frontmatter@2.0.1 want: ^5.0.0
4455 silly placeDep ROOT fault@2.0.1 OK for: micromark-extension-frontmatter@2.0.0 want: ^2.0.0
4456 silly placeDep node_modules/micromark-extension-frontmatter micromark-util-character@2.1.1 OK for: micromark-extension-frontmatter@2.0.0 want: ^2.0.0
4457 silly placeDep node_modules/micromark-extension-frontmatter micromark-util-symbol@2.0.1 OK for: micromark-extension-frontmatter@2.0.0 want: ^2.0.0
4458 silly fetch manifest format@^0.2.0
4459 silly packumentCache full:https://registry.npmjs.org/format cache-miss
4460 http fetch GET 200 https://registry.npmjs.org/format 3ms (cache hit)
4461 silly packumentCache full:https://registry.npmjs.org/format set size:11475 disposed:false
4462 silly placeDep ROOT format@0.2.2 OK for: fault@2.0.1 want: ^0.2.0
4463 silly placeDep ROOT mdast-util-gfm@3.1.0 OK for: remark-gfm@4.0.1 want: ^3.0.0
4464 silly placeDep ROOT micromark-extension-gfm@3.0.0 OK for: remark-gfm@4.0.1 want: ^3.0.0
4465 silly placeDep ROOT remark-stringify@11.0.0 OK for: remark-gfm@4.0.1 want: ^11.0.0
4466 silly fetch manifest mdast-util-gfm-autolink-literal@^2.0.0
4467 silly packumentCache full:https://registry.npmjs.org/mdast-util-gfm-autolink-literal cache-miss
4468 http fetch GET 200 https://registry.npmjs.org/mdast-util-gfm-autolink-literal 1ms (cache hit)
4469 silly packumentCache full:https://registry.npmjs.org/mdast-util-gfm-autolink-literal set size:49400 disposed:false
4470 silly fetch manifest mdast-util-gfm-footnote@^2.0.0
4471 silly packumentCache full:https://registry.npmjs.org/mdast-util-gfm-footnote cache-miss
4472 http fetch GET 200 https://registry.npmjs.org/mdast-util-gfm-footnote 1ms (cache hit)
4473 silly packumentCache full:https://registry.npmjs.org/mdast-util-gfm-footnote set size:31706 disposed:false
4474 silly fetch manifest mdast-util-gfm-strikethrough@^2.0.0
4475 silly packumentCache full:https://registry.npmjs.org/mdast-util-gfm-strikethrough cache-miss
4476 http fetch GET 200 https://registry.npmjs.org/mdast-util-gfm-strikethrough 1ms (cache hit)
4477 silly packumentCache full:https://registry.npmjs.org/mdast-util-gfm-strikethrough set size:48239 disposed:false
4478 silly fetch manifest mdast-util-gfm-table@^2.0.0
4479 silly packumentCache full:https://registry.npmjs.org/mdast-util-gfm-table cache-miss
4480 http fetch GET 200 https://registry.npmjs.org/mdast-util-gfm-table 2ms (cache hit)
4481 silly packumentCache full:https://registry.npmjs.org/mdast-util-gfm-table set size:76976 disposed:false
4482 silly fetch manifest mdast-util-gfm-task-list-item@^2.0.0
4483 silly packumentCache full:https://registry.npmjs.org/mdast-util-gfm-task-list-item cache-miss
4484 http fetch GET 200 https://registry.npmjs.org/mdast-util-gfm-task-list-item 1ms (cache hit)
4485 silly packumentCache full:https://registry.npmjs.org/mdast-util-gfm-task-list-item set size:51583 disposed:false
4486 silly fetch manifest micromark-extension-gfm-autolink-literal@^2.0.0
4487 silly packumentCache full:https://registry.npmjs.org/micromark-extension-gfm-autolink-literal cache-miss
4488 http fetch GET 200 https://registry.npmjs.org/micromark-extension-gfm-autolink-literal 1ms (cache hit)
4489 silly packumentCache full:https://registry.npmjs.org/micromark-extension-gfm-autolink-literal set size:86832 disposed:false
4490 silly fetch manifest micromark-extension-gfm-footnote@^2.0.0
4491 silly packumentCache full:https://registry.npmjs.org/micromark-extension-gfm-footnote cache-miss
4492 http fetch GET 200 https://registry.npmjs.org/micromark-extension-gfm-footnote 1ms (cache hit)
4493 silly packumentCache full:https://registry.npmjs.org/micromark-extension-gfm-footnote set size:60743 disposed:false
4494 silly fetch manifest micromark-extension-gfm-strikethrough@^2.0.0
4495 silly packumentCache full:https://registry.npmjs.org/micromark-extension-gfm-strikethrough cache-miss
4496 http fetch GET 200 https://registry.npmjs.org/micromark-extension-gfm-strikethrough 1ms (cache hit)
4497 silly packumentCache full:https://registry.npmjs.org/micromark-extension-gfm-strikethrough set size:85945 disposed:false
4498 silly fetch manifest micromark-extension-gfm-table@^2.0.0
4499 silly packumentCache full:https://registry.npmjs.org/micromark-extension-gfm-table cache-miss
4500 http fetch GET 200 https://registry.npmjs.org/micromark-extension-gfm-table 2ms (cache hit)
4501 silly packumentCache full:https://registry.npmjs.org/micromark-extension-gfm-table set size:81061 disposed:false
4502 silly fetch manifest micromark-extension-gfm-tagfilter@^2.0.0
4503 silly packumentCache full:https://registry.npmjs.org/micromark-extension-gfm-tagfilter cache-miss
4504 http fetch GET 200 https://registry.npmjs.org/micromark-extension-gfm-tagfilter 1ms (cache hit)
4505 silly packumentCache full:https://registry.npmjs.org/micromark-extension-gfm-tagfilter set size:32464 disposed:false
4506 silly fetch manifest micromark-extension-gfm-task-list-item@^2.0.0
4507 silly packumentCache full:https://registry.npmjs.org/micromark-extension-gfm-task-list-item cache-miss
4508 http fetch GET 200 https://registry.npmjs.org/micromark-extension-gfm-task-list-item 2ms (cache hit)
4509 silly packumentCache full:https://registry.npmjs.org/micromark-extension-gfm-task-list-item set size:64020 disposed:false
4510 silly placeDep ROOT mdast-util-gfm-autolink-literal@2.0.1 OK for: mdast-util-gfm@3.1.0 want: ^2.0.0
4511 silly placeDep ROOT mdast-util-gfm-footnote@2.1.0 OK for: mdast-util-gfm@3.1.0 want: ^2.0.0
4512 silly placeDep ROOT mdast-util-gfm-strikethrough@2.0.0 OK for: mdast-util-gfm@3.1.0 want: ^2.0.0
4513 silly placeDep ROOT mdast-util-gfm-table@2.0.0 OK for: mdast-util-gfm@3.1.0 want: ^2.0.0
4514 silly placeDep ROOT mdast-util-gfm-task-list-item@2.0.0 OK for: mdast-util-gfm@3.1.0 want: ^2.0.0
4515 silly fetch manifest markdown-table@^3.0.0
4516 silly packumentCache full:https://registry.npmjs.org/markdown-table cache-hit
4517 silly placeDep node_modules/mdast-util-gfm-autolink-literal micromark-util-character@2.1.1 OK for: mdast-util-gfm-autolink-literal@2.0.1 want: ^2.0.0
4518 silly placeDep ROOT markdown-table@3.0.4 OK for: mdast-util-gfm-table@2.0.0 want: ^3.0.0
4519 silly placeDep ROOT micromark-extension-gfm-autolink-literal@2.1.0 OK for: micromark-extension-gfm@3.0.0 want: ^2.0.0
4520 silly placeDep ROOT micromark-extension-gfm-footnote@2.1.0 OK for: micromark-extension-gfm@3.0.0 want: ^2.0.0
4521 silly placeDep ROOT micromark-extension-gfm-strikethrough@2.1.0 OK for: micromark-extension-gfm@3.0.0 want: ^2.0.0
4522 silly placeDep ROOT micromark-extension-gfm-table@2.1.1 OK for: micromark-extension-gfm@3.0.0 want: ^2.0.0
4523 silly placeDep ROOT micromark-extension-gfm-tagfilter@2.0.0 OK for: micromark-extension-gfm@3.0.0 want: ^2.0.0
4524 silly placeDep ROOT micromark-extension-gfm-task-list-item@2.1.0 OK for: micromark-extension-gfm@3.0.0 want: ^2.0.0
4525 silly placeDep node_modules/micromark-extension-gfm-autolink-literal micromark-util-character@2.1.1 OK for: micromark-extension-gfm-autolink-literal@2.1.0 want: ^2.0.0
4526 silly placeDep node_modules/micromark-extension-gfm-autolink-literal micromark-util-symbol@2.0.1 OK for: micromark-extension-gfm-autolink-literal@2.1.0 want: ^2.0.0
4527 silly placeDep node_modules/micromark-extension-gfm-footnote micromark-factory-space@2.0.1 OK for: micromark-extension-gfm-footnote@2.1.0 want: ^2.0.0
4528 silly placeDep node_modules/micromark-extension-gfm-footnote micromark-util-character@2.1.1 OK for: micromark-extension-gfm-footnote@2.1.0 want: ^2.0.0
4529 silly placeDep node_modules/micromark-extension-gfm-footnote micromark-util-symbol@2.0.1 OK for: micromark-extension-gfm-footnote@2.1.0 want: ^2.0.0
4530 silly placeDep node_modules/micromark-extension-gfm-strikethrough micromark-util-symbol@2.0.1 OK for: micromark-extension-gfm-strikethrough@2.1.0 want: ^2.0.0
4531 silly placeDep node_modules/micromark-extension-gfm-table micromark-factory-space@2.0.1 OK for: micromark-extension-gfm-table@2.1.1 want: ^2.0.0
4532 silly placeDep node_modules/micromark-extension-gfm-table micromark-util-character@2.1.1 OK for: micromark-extension-gfm-table@2.1.1 want: ^2.0.0
4533 silly placeDep node_modules/micromark-extension-gfm-table micromark-util-symbol@2.0.1 OK for: micromark-extension-gfm-table@2.1.1 want: ^2.0.0
4534 silly placeDep node_modules/micromark-extension-gfm-task-list-item micromark-factory-space@2.0.1 OK for: micromark-extension-gfm-task-list-item@2.1.0 want: ^2.0.0
4535 silly placeDep node_modules/micromark-extension-gfm-task-list-item micromark-util-character@2.1.1 OK for: micromark-extension-gfm-task-list-item@2.1.0 want: ^2.0.0
4536 silly placeDep node_modules/micromark-extension-gfm-task-list-item micromark-util-symbol@2.0.1 OK for: micromark-extension-gfm-task-list-item@2.1.0 want: ^2.0.0
4537 silly placeDep ROOT micromark-extension-mdxjs@3.0.0 OK for: remark-mdx@3.1.1 want: ^3.0.0
4538 silly fetch manifest micromark-extension-mdx-expression@^3.0.0
4539 silly packumentCache full:https://registry.npmjs.org/micromark-extension-mdx-expression cache-miss
4540 http fetch GET 200 https://registry.npmjs.org/micromark-extension-mdx-expression 6ms (cache hit)
4541 silly packumentCache full:https://registry.npmjs.org/micromark-extension-mdx-expression set size:83406 disposed:false
4542 silly fetch manifest micromark-extension-mdx-jsx@^3.0.0
4543 silly packumentCache full:https://registry.npmjs.org/micromark-extension-mdx-jsx cache-miss
4544 http fetch GET 200 https://registry.npmjs.org/micromark-extension-mdx-jsx 2ms (cache hit)
4545 silly packumentCache full:https://registry.npmjs.org/micromark-extension-mdx-jsx set size:96440 disposed:false
4546 silly fetch manifest micromark-extension-mdx-md@^2.0.0
4547 silly packumentCache full:https://registry.npmjs.org/micromark-extension-mdx-md cache-miss
4548 http fetch GET 200 https://registry.npmjs.org/micromark-extension-mdx-md 2ms (cache hit)
4549 silly packumentCache full:https://registry.npmjs.org/micromark-extension-mdx-md set size:23520 disposed:false
4550 silly fetch manifest micromark-extension-mdxjs-esm@^3.0.0
4551 silly packumentCache full:https://registry.npmjs.org/micromark-extension-mdxjs-esm cache-miss
4552 http fetch GET 200 https://registry.npmjs.org/micromark-extension-mdxjs-esm 2ms (cache hit)
4553 silly packumentCache full:https://registry.npmjs.org/micromark-extension-mdxjs-esm set size:63092 disposed:false
4554 silly placeDep ROOT micromark-extension-mdx-expression@3.0.1 OK for: micromark-extension-mdxjs@3.0.0 want: ^3.0.0
4555 silly placeDep ROOT micromark-extension-mdx-jsx@3.0.2 OK for: micromark-extension-mdxjs@3.0.0 want: ^3.0.0
4556 silly placeDep ROOT micromark-extension-mdx-md@2.0.0 OK for: micromark-extension-mdxjs@3.0.0 want: ^2.0.0
4557 silly placeDep ROOT micromark-extension-mdxjs-esm@3.0.0 OK for: micromark-extension-mdxjs@3.0.0 want: ^3.0.0
4558 silly fetch manifest micromark-factory-mdx-expression@^2.0.0
4559 silly packumentCache full:https://registry.npmjs.org/micromark-factory-mdx-expression cache-miss
4560 http fetch GET 200 https://registry.npmjs.org/micromark-factory-mdx-expression 1ms (cache hit)
4561 silly packumentCache full:https://registry.npmjs.org/micromark-factory-mdx-expression set size:48921 disposed:false
4562 silly fetch manifest micromark-util-events-to-acorn@^2.0.0
4563 silly packumentCache full:https://registry.npmjs.org/micromark-util-events-to-acorn cache-miss
4564 http fetch GET 200 https://registry.npmjs.org/micromark-util-events-to-acorn 1ms (cache hit)
4565 silly packumentCache full:https://registry.npmjs.org/micromark-util-events-to-acorn set size:56391 disposed:false
4566 silly placeDep ROOT micromark-factory-mdx-expression@2.0.3 OK for: micromark-extension-mdx-expression@3.0.1 want: ^2.0.0
4567 silly placeDep node_modules/micromark-extension-mdx-expression micromark-factory-space@2.0.1 OK for: micromark-extension-mdx-expression@3.0.1 want: ^2.0.0
4568 silly placeDep node_modules/micromark-extension-mdx-expression micromark-util-character@2.1.1 OK for: micromark-extension-mdx-expression@3.0.1 want: ^2.0.0
4569 silly placeDep ROOT micromark-util-events-to-acorn@2.0.3 OK for: micromark-extension-mdx-expression@3.0.1 want: ^2.0.0
4570 silly placeDep node_modules/micromark-extension-mdx-expression micromark-util-symbol@2.0.1 OK for: micromark-extension-mdx-expression@3.0.1 want: ^2.0.0
4571 silly placeDep node_modules/micromark-extension-mdx-jsx micromark-factory-space@2.0.1 OK for: micromark-extension-mdx-jsx@3.0.2 want: ^2.0.0
4572 silly placeDep node_modules/micromark-extension-mdx-jsx micromark-util-character@2.1.1 OK for: micromark-extension-mdx-jsx@3.0.2 want: ^2.0.0
4573 silly placeDep node_modules/micromark-extension-mdx-jsx micromark-util-symbol@2.0.1 OK for: micromark-extension-mdx-jsx@3.0.2 want: ^2.0.0
4574 silly placeDep node_modules/micromark-extension-mdxjs-esm micromark-util-character@2.1.1 OK for: micromark-extension-mdxjs-esm@3.0.0 want: ^2.0.0
4575 silly placeDep node_modules/micromark-extension-mdxjs-esm micromark-util-symbol@2.0.1 OK for: micromark-extension-mdxjs-esm@3.0.0 want: ^2.0.0
4576 silly placeDep node_modules/micromark-factory-mdx-expression micromark-factory-space@2.0.1 OK for: micromark-factory-mdx-expression@2.0.3 want: ^2.0.0
4577 silly placeDep node_modules/micromark-factory-mdx-expression micromark-util-character@2.1.1 OK for: micromark-factory-mdx-expression@2.0.3 want: ^2.0.0
4578 silly placeDep node_modules/micromark-factory-mdx-expression micromark-util-symbol@2.0.1 OK for: micromark-factory-mdx-expression@2.0.3 want: ^2.0.0
4579 silly placeDep node_modules/micromark-util-events-to-acorn micromark-util-symbol@2.0.1 OK for: micromark-util-events-to-acorn@2.0.3 want: ^2.0.0
4580 silly placeDep node_modules/renderkid css-select@4.3.0 OK for: renderkid@3.0.0 want: ^4.1.3
4581 silly placeDep ROOT dom-converter@0.2.0 OK for: renderkid@3.0.0 want: ^0.2.0
4582 silly placeDep node_modules/renderkid htmlparser2@6.1.0 OK for: renderkid@3.0.0 want: ^6.1.0
4583 silly placeDep ROOT strip-ansi@6.0.1 OK for: renderkid@3.0.0 want: ^6.0.1
4584 silly fetch manifest domutils@^2.8.0
4585 silly packumentCache full:https://registry.npmjs.org/domutils cache-hit
4586 silly fetch manifest domhandler@^4.3.1
4587 silly packumentCache full:https://registry.npmjs.org/domhandler cache-hit
4588 silly fetch manifest utila@~0.4
4589 silly packumentCache full:https://registry.npmjs.org/utila cache-miss
4590 http fetch GET 200 https://registry.npmjs.org/utila 2ms (cache hit)
4591 silly packumentCache full:https://registry.npmjs.org/utila set size:12722 disposed:false
4592 silly fetch manifest domutils@^2.5.2
4593 silly packumentCache full:https://registry.npmjs.org/domutils cache-hit
4594 silly fetch manifest entities@^2.0.0
4595 silly packumentCache full:https://registry.npmjs.org/entities cache-hit
4596 silly fetch manifest domhandler@^4.0.0
4597 silly packumentCache full:https://registry.npmjs.org/domhandler cache-hit
4598 silly fetch manifest ansi-regex@^5.0.1
4599 silly packumentCache full:https://registry.npmjs.org/ansi-regex cache-miss
4600 http fetch GET 200 https://registry.npmjs.org/ansi-regex 2ms (cache hit)
4601 silly packumentCache full:https://registry.npmjs.org/ansi-regex set size:43572 disposed:false
4602 silly placeDep ROOT utila@0.4.0 OK for: dom-converter@0.2.0 want: ~0.4
4603 silly placeDep ROOT is-core-module@2.16.1 OK for: resolve@1.22.11 want: ^2.16.1
4604 silly placeDep ROOT path-parse@1.0.7 OK for: resolve@1.22.11 want: ^1.0.7
4605 silly placeDep ROOT supports-preserve-symlinks-flag@1.0.0 OK for: resolve@1.22.11 want: ^1.0.0
4606 silly placeDep ROOT escalade@3.2.0 OK for: rtlcss@4.3.0 want: ^3.1.1
4607 silly placeDep ROOT strip-json-comments@3.1.1 OK for: rtlcss@4.3.0 want: ^3.1.1
4608 silly placeDep ROOT queue-microtask@1.2.3 OK for: run-parallel@1.2.0 want: ^1.2.2
4609 silly placeDep ROOT @types/json-schema@7.0.15 OK for: schema-utils@4.3.3 want: ^7.0.9
4610 silly placeDep ROOT ajv@8.18.0 OK for: schema-utils@4.3.3 want: ^8.9.0
4611 silly placeDep ROOT ajv-formats@2.1.1 OK for: schema-utils@4.3.3 want: ^2.1.1
4612 silly placeDep ROOT ajv-keywords@5.1.0 OK for: schema-utils@4.3.3 want: ^5.1.0
4613 silly fetch manifest fast-uri@^3.0.1
4614 silly packumentCache full:https://registry.npmjs.org/fast-uri cache-miss
4615 http fetch GET 200 https://registry.npmjs.org/fast-uri 3ms (cache hit)
4616 silly packumentCache full:https://registry.npmjs.org/fast-uri set size:61472 disposed:false
4617 silly fetch manifest fast-deep-equal@^3.1.3
4618 silly packumentCache full:https://registry.npmjs.org/fast-deep-equal cache-miss
4619 http fetch GET 200 https://registry.npmjs.org/fast-deep-equal 1ms (cache hit)
4620 silly packumentCache full:https://registry.npmjs.org/fast-deep-equal set size:48634 disposed:false
4621 silly fetch manifest require-from-string@^2.0.2
4622 silly packumentCache full:https://registry.npmjs.org/require-from-string cache-miss
4623 http fetch GET 200 https://registry.npmjs.org/require-from-string 1ms (cache hit)
4624 silly packumentCache full:https://registry.npmjs.org/require-from-string set size:15128 disposed:false
4625 silly fetch manifest json-schema-traverse@^1.0.0
4626 silly packumentCache full:https://registry.npmjs.org/json-schema-traverse cache-miss
4627 http fetch GET 200 https://registry.npmjs.org/json-schema-traverse 1ms (cache hit)
4628 silly packumentCache full:https://registry.npmjs.org/json-schema-traverse set size:23537 disposed:false
4629 silly placeDep ROOT fast-deep-equal@3.1.3 OK for: ajv@8.18.0 want: ^3.1.3
4630 silly placeDep ROOT fast-uri@3.1.0 OK for: ajv@8.18.0 want: ^3.0.1
4631 silly placeDep ROOT json-schema-traverse@1.0.0 OK for: ajv@8.18.0 want: ^1.0.0
4632 silly placeDep ROOT require-from-string@2.0.2 OK for: ajv@8.18.0 want: ^2.0.2
4633 silly placeDep ROOT extend-shallow@2.0.1 OK for: section-matter@1.0.0 want: ^2.0.1
4634 silly fetch manifest is-extendable@^0.1.0
4635 silly packumentCache full:https://registry.npmjs.org/is-extendable cache-miss
4636 http fetch GET 200 https://registry.npmjs.org/is-extendable 2ms (cache hit)
4637 silly packumentCache full:https://registry.npmjs.org/is-extendable set size:12265 disposed:false
4638 silly placeDep ROOT is-extendable@0.1.1 OK for: extend-shallow@2.0.1 want: ^0.1.0
4639 silly placeDep ROOT randombytes@2.1.0 OK for: serialize-javascript@6.0.2 want: ^2.1.0
4640 silly fetch manifest safe-buffer@^5.1.0
4641 silly packumentCache full:https://registry.npmjs.org/safe-buffer cache-miss
4642 http fetch GET 200 https://registry.npmjs.org/safe-buffer 3ms (cache hit)
4643 silly packumentCache full:https://registry.npmjs.org/safe-buffer set size:41183 disposed:false
4644 silly placeDep ROOT safe-buffer@5.2.1 OK for: randombytes@2.1.0 want: ^5.1.0
4645 silly placeDep ROOT bytes@3.0.0 OK for: serve-handler@6.1.7 want: 3.0.0
4646 silly placeDep ROOT content-disposition@0.5.2 OK for: serve-handler@6.1.7 want: 0.5.2
4647 silly placeDep ROOT mime-types@2.1.18 OK for: serve-handler@6.1.7 want: 2.1.18
4648 silly placeDep ROOT minimatch@3.1.5 OK for: serve-handler@6.1.7 want: 3.1.5
4649 silly placeDep ROOT path-is-inside@1.0.2 OK for: serve-handler@6.1.7 want: 1.0.2
4650 silly placeDep node_modules/serve-handler path-to-regexp@3.3.0 OK for: serve-handler@6.1.7 want: 3.3.0
4651 silly placeDep ROOT range-parser@1.2.0 OK for: serve-handler@6.1.7 want: 1.2.0
4652 silly fetch manifest mime-db@~1.33.0
4653 silly packumentCache full:https://registry.npmjs.org/mime-db cache-miss
4654 http fetch GET 200 https://registry.npmjs.org/mime-db 5ms (cache hit)
4655 silly packumentCache full:https://registry.npmjs.org/mime-db set size:164953 disposed:false
4656 silly fetch manifest brace-expansion@^1.1.7
4657 silly packumentCache full:https://registry.npmjs.org/brace-expansion cache-miss
4658 http fetch GET 200 https://registry.npmjs.org/brace-expansion 1ms (cache hit)
4659 silly packumentCache full:https://registry.npmjs.org/brace-expansion set size:58099 disposed:false
4660 silly placeDep ROOT mime-db@1.33.0 OK for: mime-types@2.1.18 want: ~1.33.0
4661 silly placeDep ROOT brace-expansion@1.1.12 OK for: minimatch@3.1.5 want: ^1.1.7
4662 silly fetch manifest concat-map@0.0.1
4663 silly packumentCache full:https://registry.npmjs.org/concat-map cache-miss
4664 http fetch GET 200 https://registry.npmjs.org/concat-map 2ms (cache hit)
4665 silly packumentCache full:https://registry.npmjs.org/concat-map set size:9290 disposed:false
4666 silly fetch manifest balanced-match@^1.0.0
4667 silly packumentCache full:https://registry.npmjs.org/balanced-match cache-miss
4668 http fetch GET 200 https://registry.npmjs.org/balanced-match 1ms (cache hit)
4669 silly packumentCache full:https://registry.npmjs.org/balanced-match set size:39082 disposed:false
4670 silly placeDep ROOT balanced-match@1.0.2 OK for: brace-expansion@1.1.12 want: ^1.0.0
4671 silly placeDep ROOT concat-map@0.0.1 OK for: brace-expansion@1.1.12 want: 0.0.1
4672 silly placeDep ROOT shebang-regex@3.0.0 OK for: shebang-command@2.0.0 want: ^3.0.0
4673 silly placeDep node_modules/sitemap @types/node@17.0.45 OK for: sitemap@7.1.3 want: ^17.0.5
4674 silly placeDep ROOT @types/sax@1.2.7 OK for: sitemap@7.1.3 want: ^1.2.1
4675 silly placeDep ROOT arg@5.0.2 OK for: sitemap@7.1.3 want: ^5.0.0
4676 silly placeDep ROOT sax@1.6.0 OK for: sitemap@7.1.3 want: ^1.2.4
4677 silly placeDep ROOT unicode-emoji-modifier-base@1.0.0 OK for: skin-tone@2.0.0 want: ^1.0.0
4678 silly placeDep ROOT eastasianwidth@0.2.0 OK for: string-width@5.1.2 want: ^0.2.0
4679 silly placeDep ROOT emoji-regex@9.2.2 OK for: string-width@5.1.2 want: ^9.2.2
4680 silly placeDep node_modules/string-width strip-ansi@7.2.0 OK for: string-width@5.1.2 want: ^7.0.1
4681 silly fetch manifest ansi-regex@^6.2.2
4682 silly packumentCache full:https://registry.npmjs.org/ansi-regex cache-hit
4683 silly placeDep ROOT character-entities-html4@2.1.0 OK for: stringify-entities@4.0.4 want: ^2.0.0
4684 silly placeDep ROOT get-own-enumerable-property-symbols@3.0.2 OK for: stringify-object@3.3.0 want: ^3.0.0
4685 silly placeDep ROOT is-obj@1.0.1 OK for: stringify-object@3.3.0 want: ^1.0.1
4686 silly placeDep ROOT is-regexp@1.0.0 OK for: stringify-object@3.3.0 want: ^1.0.0
4687 silly placeDep ROOT ansi-regex@5.0.1 OK for: strip-ansi@6.0.1 want: ^5.0.1
4688 silly placeDep ROOT style-to-object@1.0.14 OK for: style-to-js@1.1.21 want: 1.0.14
4689 silly fetch manifest inline-style-parser@0.2.7
4690 silly packumentCache full:https://registry.npmjs.org/inline-style-parser cache-miss
4691 http fetch GET 200 https://registry.npmjs.org/inline-style-parser 1ms (cache hit)
4692 silly packumentCache full:https://registry.npmjs.org/inline-style-parser set size:34534 disposed:false
4693 silly placeDep ROOT inline-style-parser@0.2.7 OK for: style-to-object@1.0.14 want: 0.2.7
4694 silly placeDep ROOT has-flag@4.0.0 OK for: supports-color@7.2.0 want: ^4.0.0
4695 silly placeDep node_modules/svgo commander@7.2.0 OK for: svgo@3.3.3 want: ^7.2.0
4696 silly placeDep ROOT css-tree@2.3.1 OK for: svgo@3.3.3 want: ^2.3.1
4697 silly placeDep ROOT csso@5.0.5 OK for: svgo@3.3.3 want: ^5.0.5
4698 silly fetch manifest mdn-data@2.0.30
4699 silly packumentCache full:https://registry.npmjs.org/mdn-data cache-miss
4700 http fetch GET 200 https://registry.npmjs.org/mdn-data 3ms (cache hit)
4701 silly packumentCache full:https://registry.npmjs.org/mdn-data set size:172326 disposed:false
4702 silly fetch manifest css-tree@~2.2.0
4703 silly packumentCache full:https://registry.npmjs.org/css-tree cache-hit
4704 silly placeDep ROOT mdn-data@2.0.30 OK for: css-tree@2.3.1 want: 2.0.30
4705 silly placeDep node_modules/csso css-tree@2.2.1 OK for: csso@5.0.5 want: ~2.2.0
4706 silly fetch manifest mdn-data@2.0.28
4707 silly packumentCache full:https://registry.npmjs.org/mdn-data cache-hit
4708 silly placeDep ROOT @jridgewell/source-map@0.3.11 OK for: terser@5.46.1 want: ^0.3.3
4709 silly placeDep node_modules/terser commander@2.20.3 OK for: terser@5.46.1 want: ^2.20.0
4710 silly placeDep ROOT source-map-support@0.5.21 OK for: terser@5.46.1 want: ~0.5.20
4711 silly fetch manifest buffer-from@^1.0.0
4712 silly packumentCache full:https://registry.npmjs.org/buffer-from cache-miss
4713 http fetch GET 200 https://registry.npmjs.org/buffer-from 1ms (cache hit)
4714 silly packumentCache full:https://registry.npmjs.org/buffer-from set size:15463 disposed:false
4715 silly fetch manifest source-map@^0.6.0
4716 silly packumentCache full:https://registry.npmjs.org/source-map cache-hit
4717 silly placeDep ROOT buffer-from@1.1.2 OK for: source-map-support@0.5.21 want: ^1.0.0
4718 silly placeDep node_modules/source-map-support source-map@0.6.1 OK for: source-map-support@0.5.21 want: ^0.6.0
4719 silly placeDep node_modules/terser-webpack-plugin jest-worker@27.5.1 OK for: terser-webpack-plugin@5.4.0 want: ^27.4.5
4720 silly placeDep ROOT is-number@7.0.0 OK for: to-regex-range@5.0.1 want: ^7.0.0
4721 silly placeDep ROOT unicode-canonical-property-names-ecmascript@2.0.1 OK for: unicode-match-property-ecmascript@2.0.0 want: ^2.0.0
4722 silly placeDep ROOT unicode-property-aliases-ecmascript@2.2.0 OK for: unicode-match-property-ecmascript@2.0.0 want: ^2.0.0
4723 silly placeDep ROOT bail@2.0.2 OK for: unified@11.0.5 want: ^2.0.0
4724 silly placeDep ROOT extend@3.0.2 OK for: unified@11.0.5 want: ^3.0.0
4725 silly placeDep ROOT is-plain-obj@4.1.0 OK for: unified@11.0.5 want: ^4.0.0
4726 silly placeDep ROOT trough@2.2.0 OK for: unified@11.0.5 want: ^2.0.0
4727 silly placeDep node_modules/update-notifier boxen@7.1.1 OK for: update-notifier@6.0.2 want: ^7.0.0
4728 silly placeDep node_modules/update-notifier chalk@5.6.2 OK for: update-notifier@6.0.2 want: ^5.0.1
4729 silly placeDep ROOT configstore@6.0.0 OK for: update-notifier@6.0.2 want: ^6.0.0
4730 silly placeDep ROOT has-yarn@3.0.0 OK for: update-notifier@6.0.2 want: ^3.0.0
4731 silly placeDep ROOT import-lazy@4.0.0 OK for: update-notifier@6.0.2 want: ^4.0.0
4732 silly placeDep ROOT is-ci@3.0.1 OK for: update-notifier@6.0.2 want: ^3.0.1
4733 silly placeDep ROOT is-installed-globally@0.4.0 OK for: update-notifier@6.0.2 want: ^0.4.0
4734 silly placeDep ROOT is-npm@6.1.0 OK for: update-notifier@6.0.2 want: ^6.0.0
4735 silly placeDep ROOT is-yarn-global@0.4.1 OK for: update-notifier@6.0.2 want: ^0.4.0
4736 silly placeDep ROOT latest-version@7.0.0 OK for: update-notifier@6.0.2 want: ^7.0.0
4737 silly placeDep ROOT pupa@3.3.0 OK for: update-notifier@6.0.2 want: ^3.1.0
4738 silly placeDep ROOT semver-diff@4.0.0 OK for: update-notifier@6.0.2 want: ^4.0.0
4739 silly placeDep ROOT xdg-basedir@5.1.0 OK for: update-notifier@6.0.2 want: ^5.1.0
4740 silly fetch manifest chalk@^5.2.0
4741 silly packumentCache full:https://registry.npmjs.org/chalk cache-hit
4742 silly fetch manifest camelcase@^7.0.1
4743 silly packumentCache full:https://registry.npmjs.org/camelcase cache-hit
4744 silly fetch manifest dot-prop@^6.0.1
4745 silly packumentCache full:https://registry.npmjs.org/dot-prop cache-miss
4746 http fetch GET 200 https://registry.npmjs.org/dot-prop 2ms (cache hit)
4747 silly packumentCache full:https://registry.npmjs.org/dot-prop set size:74769 disposed:false
4748 silly fetch manifest xdg-basedir@^5.0.1
4749 silly packumentCache full:https://registry.npmjs.org/xdg-basedir cache-hit
4750 silly fetch manifest unique-string@^3.0.0
4751 silly packumentCache full:https://registry.npmjs.org/unique-string cache-miss
4752 http fetch GET 200 https://registry.npmjs.org/unique-string 2ms (cache hit)
4753 silly packumentCache full:https://registry.npmjs.org/unique-string set size:8164 disposed:false
4754 silly fetch manifest write-file-atomic@^3.0.3
4755 silly packumentCache full:https://registry.npmjs.org/write-file-atomic cache-miss
4756 http fetch GET 200 https://registry.npmjs.org/write-file-atomic 1ms (cache hit)
4757 silly packumentCache full:https://registry.npmjs.org/write-file-atomic set size:80317 disposed:false
4758 silly fetch manifest global-dirs@^3.0.0
4759 silly packumentCache full:https://registry.npmjs.org/global-dirs cache-miss
4760 http fetch GET 200 https://registry.npmjs.org/global-dirs 1ms (cache hit)
4761 silly packumentCache full:https://registry.npmjs.org/global-dirs set size:24765 disposed:false
4762 silly fetch manifest is-path-inside@^3.0.2
4763 silly packumentCache full:https://registry.npmjs.org/is-path-inside cache-miss
4764 http fetch GET 200 https://registry.npmjs.org/is-path-inside 1ms (cache hit)
4765 silly packumentCache full:https://registry.npmjs.org/is-path-inside set size:23585 disposed:false
4766 silly fetch manifest package-json@^8.1.0
4767 silly packumentCache full:https://registry.npmjs.org/package-json cache-miss
4768 http fetch GET 200 https://registry.npmjs.org/package-json 3ms (cache hit)
4769 silly packumentCache full:https://registry.npmjs.org/package-json set size:73752 disposed:false
4770 silly fetch manifest escape-goat@^4.0.0
4771 silly packumentCache full:https://registry.npmjs.org/escape-goat cache-miss
4772 http fetch GET 200 https://registry.npmjs.org/escape-goat 2ms (cache hit)
4773 silly packumentCache full:https://registry.npmjs.org/escape-goat set size:24003 disposed:false
4774 silly placeDep ROOT dot-prop@6.0.1 OK for: configstore@6.0.0 want: ^6.0.1
4775 silly placeDep ROOT unique-string@3.0.0 OK for: configstore@6.0.0 want: ^3.0.0
4776 silly placeDep ROOT write-file-atomic@3.0.3 OK for: configstore@6.0.0 want: ^3.0.3
4777 silly fetch manifest is-obj@^2.0.0
4778 silly packumentCache full:https://registry.npmjs.org/is-obj cache-hit
4779 silly fetch manifest crypto-random-string@^4.0.0
4780 silly packumentCache full:https://registry.npmjs.org/crypto-random-string cache-miss
4781 http fetch GET 200 https://registry.npmjs.org/crypto-random-string 2ms (cache hit)
4782 silly packumentCache full:https://registry.npmjs.org/crypto-random-string set size:31541 disposed:false
4783 silly fetch manifest imurmurhash@^0.1.4
4784 silly packumentCache full:https://registry.npmjs.org/imurmurhash cache-miss
4785 http fetch GET 200 https://registry.npmjs.org/imurmurhash 2ms (cache hit)
4786 silly packumentCache full:https://registry.npmjs.org/imurmurhash set size:35819 disposed:false
4787 silly fetch manifest is-typedarray@^1.0.0
4788 silly packumentCache full:https://registry.npmjs.org/is-typedarray cache-miss
4789 http fetch GET 200 https://registry.npmjs.org/is-typedarray 3ms (cache hit)
4790 silly packumentCache full:https://registry.npmjs.org/is-typedarray set size:3992 disposed:false
4791 silly fetch manifest typedarray-to-buffer@^3.1.5
4792 silly packumentCache full:https://registry.npmjs.org/typedarray-to-buffer cache-miss
4793 http fetch GET 200 https://registry.npmjs.org/typedarray-to-buffer 2ms (cache hit)
4794 silly packumentCache full:https://registry.npmjs.org/typedarray-to-buffer set size:38803 disposed:false
4795 silly placeDep node_modules/dot-prop is-obj@2.0.0 OK for: dot-prop@6.0.1 want: ^2.0.0
4796 silly placeDep ROOT global-dirs@3.0.1 OK for: is-installed-globally@0.4.0 want: ^3.0.0
4797 silly placeDep ROOT is-path-inside@3.0.3 OK for: is-installed-globally@0.4.0 want: ^3.0.2
4798 silly fetch manifest ini@2.0.0
4799 silly packumentCache full:https://registry.npmjs.org/ini cache-miss
4800 http fetch GET 200 https://registry.npmjs.org/ini 1ms (cache hit)
4801 silly packumentCache full:https://registry.npmjs.org/ini set size:56961 disposed:false
4802 silly placeDep ROOT ini@2.0.0 OK for: global-dirs@3.0.1 want: 2.0.0
4803 silly placeDep ROOT package-json@8.1.1 OK for: latest-version@7.0.0 want: ^8.1.0
4804 silly fetch manifest got@^12.1.0
4805 silly packumentCache full:https://registry.npmjs.org/got cache-miss
4806 http fetch GET 200 https://registry.npmjs.org/got 3ms (cache hit)
4807 silly packumentCache full:https://registry.npmjs.org/got set size:662341 disposed:false
4808 silly fetch manifest registry-url@^6.0.0
4809 silly packumentCache full:https://registry.npmjs.org/registry-url cache-miss
4810 http fetch GET 200 https://registry.npmjs.org/registry-url 3ms (cache hit)
4811 silly packumentCache full:https://registry.npmjs.org/registry-url set size:35136 disposed:false
4812 silly fetch manifest registry-auth-token@^5.0.1
4813 silly packumentCache full:https://registry.npmjs.org/registry-auth-token cache-miss
4814 http fetch GET 200 https://registry.npmjs.org/registry-auth-token 1ms (cache hit)
4815 silly packumentCache full:https://registry.npmjs.org/registry-auth-token set size:64303 disposed:false
4816 silly placeDep ROOT got@12.6.1 OK for: package-json@8.1.1 want: ^12.1.0
4817 silly placeDep ROOT registry-auth-token@5.1.1 OK for: package-json@8.1.1 want: ^5.0.1
4818 silly placeDep ROOT registry-url@6.0.1 OK for: package-json@8.1.1 want: ^6.0.0
4819 silly fetch manifest p-cancelable@^3.0.0
4820 silly packumentCache full:https://registry.npmjs.org/p-cancelable cache-miss
4821 http fetch GET 200 https://registry.npmjs.org/p-cancelable 2ms (cache hit)
4822 silly packumentCache full:https://registry.npmjs.org/p-cancelable set size:41253 disposed:false
4823 silly fetch manifest responselike@^3.0.0
4824 silly packumentCache full:https://registry.npmjs.org/responselike cache-miss
4825 http fetch GET 200 https://registry.npmjs.org/responselike 2ms (cache hit)
4826 silly packumentCache full:https://registry.npmjs.org/responselike set size:24370 disposed:false
4827 silly fetch manifest http2-wrapper@^2.1.10
4828 silly packumentCache full:https://registry.npmjs.org/http2-wrapper cache-miss
4829 http fetch GET 200 https://registry.npmjs.org/http2-wrapper 57ms (cache hit)
4830 silly packumentCache full:https://registry.npmjs.org/http2-wrapper set size:186724 disposed:false
4831 silly fetch manifest lowercase-keys@^3.0.0
4832 silly packumentCache full:https://registry.npmjs.org/lowercase-keys cache-miss
4833 http fetch GET 200 https://registry.npmjs.org/lowercase-keys 10ms (cache hit)
4834 silly packumentCache full:https://registry.npmjs.org/lowercase-keys set size:13863 disposed:false
4835 silly fetch manifest @sindresorhus/is@^5.2.0
4836 silly packumentCache full:https://registry.npmjs.org/@sindresorhus%2fis cache-hit
4837 silly fetch manifest cacheable-lookup@^7.0.0
4838 silly packumentCache full:https://registry.npmjs.org/cacheable-lookup cache-miss
4839 http fetch GET 200 https://registry.npmjs.org/cacheable-lookup 2ms (cache hit)
4840 silly packumentCache full:https://registry.npmjs.org/cacheable-lookup set size:98104 disposed:false
4841 silly fetch manifest cacheable-request@^10.2.8
4842 silly packumentCache full:https://registry.npmjs.org/cacheable-request cache-miss
4843 http fetch GET 200 https://registry.npmjs.org/cacheable-request 1ms (cache hit)
4844 silly packumentCache full:https://registry.npmjs.org/cacheable-request set size:286102 disposed:false
4845 silly fetch manifest form-data-encoder@^2.1.2
4846 silly packumentCache full:https://registry.npmjs.org/form-data-encoder cache-miss
4847 http fetch GET 200 https://registry.npmjs.org/form-data-encoder 3ms (cache hit)
4848 silly packumentCache full:https://registry.npmjs.org/form-data-encoder set size:154082 disposed:false
4849 silly fetch manifest decompress-response@^6.0.0
4850 silly packumentCache full:https://registry.npmjs.org/decompress-response cache-miss
4851 http fetch GET 200 https://registry.npmjs.org/decompress-response 1ms (cache hit)
4852 silly packumentCache full:https://registry.npmjs.org/decompress-response set size:36213 disposed:false
4853 silly fetch manifest @szmarczak/http-timer@^5.0.1
4854 silly packumentCache full:https://registry.npmjs.org/@szmarczak%2fhttp-timer cache-miss
4855 http fetch GET 200 https://registry.npmjs.org/@szmarczak%2fhttp-timer 2ms (cache hit)
4856 silly packumentCache full:https://registry.npmjs.org/@szmarczak%2fhttp-timer set size:62682 disposed:false
4857 silly fetch manifest @pnpm/npm-conf@^3.0.2
4858 silly packumentCache full:https://registry.npmjs.org/@pnpm%2fnpm-conf cache-miss
4859 http fetch GET 200 https://registry.npmjs.org/@pnpm%2fnpm-conf 2ms (cache hit)
4860 silly packumentCache full:https://registry.npmjs.org/@pnpm%2fnpm-conf set size:54382 disposed:false
4861 silly fetch manifest rc@1.2.8
4862 silly packumentCache full:https://registry.npmjs.org/rc cache-miss
4863 http fetch GET 200 https://registry.npmjs.org/rc 3ms (cache hit)
4864 silly packumentCache full:https://registry.npmjs.org/rc set size:70417 disposed:false
4865 silly placeDep node_modules/got @sindresorhus/is@5.6.0 OK for: got@12.6.1 want: ^5.2.0
4866 silly placeDep ROOT @szmarczak/http-timer@5.0.1 OK for: got@12.6.1 want: ^5.0.1
4867 silly placeDep ROOT cacheable-lookup@7.0.0 OK for: got@12.6.1 want: ^7.0.0
4868 silly placeDep ROOT cacheable-request@10.2.14 OK for: got@12.6.1 want: ^10.2.8
4869 silly placeDep ROOT decompress-response@6.0.0 OK for: got@12.6.1 want: ^6.0.0
4870 silly placeDep ROOT form-data-encoder@2.1.4 OK for: got@12.6.1 want: ^2.1.2
4871 silly placeDep ROOT http2-wrapper@2.2.1 OK for: got@12.6.1 want: ^2.1.10
4872 silly placeDep ROOT lowercase-keys@3.0.0 OK for: got@12.6.1 want: ^3.0.0
4873 silly placeDep ROOT p-cancelable@3.0.0 OK for: got@12.6.1 want: ^3.0.0
4874 silly placeDep ROOT responselike@3.0.0 OK for: got@12.6.1 want: ^3.0.0
4875 silly fetch manifest defer-to-connect@^2.0.1
4876 silly packumentCache full:https://registry.npmjs.org/defer-to-connect cache-miss
4877 http fetch GET 200 https://registry.npmjs.org/defer-to-connect 2ms (cache hit)
4878 silly packumentCache full:https://registry.npmjs.org/defer-to-connect set size:26880 disposed:false
4879 silly fetch manifest keyv@^4.5.3
4880 silly packumentCache full:https://registry.npmjs.org/keyv cache-miss
4881 http fetch GET 200 https://registry.npmjs.org/keyv 2ms (cache hit)
4882 silly packumentCache full:https://registry.npmjs.org/keyv set size:215840 disposed:false
4883 silly fetch manifest normalize-url@^8.0.0
4884 silly packumentCache full:https://registry.npmjs.org/normalize-url cache-miss
4885 http fetch GET 200 https://registry.npmjs.org/normalize-url 4ms (cache hit)
4886 silly packumentCache full:https://registry.npmjs.org/normalize-url set size:137447 disposed:false
4887 silly fetch manifest mimic-response@^4.0.0
4888 silly packumentCache full:https://registry.npmjs.org/mimic-response cache-miss
4889 http fetch GET 200 https://registry.npmjs.org/mimic-response 3ms (cache hit)
4890 silly packumentCache full:https://registry.npmjs.org/mimic-response set size:20174 disposed:false
4891 silly fetch manifest http-cache-semantics@^4.1.1
4892 silly packumentCache full:https://registry.npmjs.org/http-cache-semantics cache-miss
4893 http fetch GET 200 https://registry.npmjs.org/http-cache-semantics 1ms (cache hit)
4894 silly packumentCache full:https://registry.npmjs.org/http-cache-semantics set size:66288 disposed:false
4895 silly fetch manifest @types/http-cache-semantics@^4.0.2
4896 silly packumentCache full:https://registry.npmjs.org/@types%2fhttp-cache-semantics cache-miss
4897 http fetch GET 200 https://registry.npmjs.org/@types%2fhttp-cache-semantics 3ms (cache hit)
4898 silly packumentCache full:https://registry.npmjs.org/@types%2fhttp-cache-semantics set size:12498 disposed:false
4899 silly fetch manifest mimic-response@^3.1.0
4900 silly packumentCache full:https://registry.npmjs.org/mimic-response cache-hit
4901 silly fetch manifest quick-lru@^5.1.1
4902 silly packumentCache full:https://registry.npmjs.org/quick-lru cache-miss
4903 http fetch GET 200 https://registry.npmjs.org/quick-lru 2ms (cache hit)
4904 silly packumentCache full:https://registry.npmjs.org/quick-lru set size:53443 disposed:false
4905 silly fetch manifest resolve-alpn@^1.2.0
4906 silly packumentCache full:https://registry.npmjs.org/resolve-alpn cache-miss
4907 http fetch GET 200 https://registry.npmjs.org/resolve-alpn 2ms (cache hit)
4908 silly packumentCache full:https://registry.npmjs.org/resolve-alpn set size:19627 disposed:false
4909 silly placeDep ROOT defer-to-connect@2.0.1 OK for: @szmarczak/http-timer@5.0.1 want: ^2.0.1
4910 silly placeDep ROOT @types/http-cache-semantics@4.2.0 OK for: cacheable-request@10.2.14 want: ^4.0.2
4911 silly placeDep ROOT http-cache-semantics@4.2.0 OK for: cacheable-request@10.2.14 want: ^4.1.1
4912 silly placeDep ROOT keyv@4.5.4 OK for: cacheable-request@10.2.14 want: ^4.5.3
4913 silly placeDep ROOT mimic-response@4.0.0 OK for: cacheable-request@10.2.14 want: ^4.0.0
4914 silly placeDep ROOT normalize-url@8.1.1 OK for: cacheable-request@10.2.14 want: ^8.0.0
4915 silly fetch manifest json-buffer@3.0.1
4916 silly packumentCache full:https://registry.npmjs.org/json-buffer cache-miss
4917 http fetch GET 200 https://registry.npmjs.org/json-buffer 3ms (cache hit)
4918 silly packumentCache full:https://registry.npmjs.org/json-buffer set size:23474 disposed:false
4919 silly placeDep node_modules/decompress-response mimic-response@3.1.0 OK for: decompress-response@6.0.0 want: ^3.1.0
4920 silly placeDep ROOT quick-lru@5.1.1 OK for: http2-wrapper@2.2.1 want: ^5.1.1
4921 silly placeDep ROOT resolve-alpn@1.2.1 OK for: http2-wrapper@2.2.1 want: ^1.2.0
4922 silly placeDep ROOT json-buffer@3.0.1 OK for: keyv@4.5.4 want: 3.0.1
4923 silly placeDep ROOT escape-goat@4.0.0 OK for: pupa@3.3.0 want: ^4.0.0
4924 silly placeDep ROOT @pnpm/npm-conf@3.0.2 OK for: registry-auth-token@5.1.1 want: ^3.0.2
4925 silly fetch manifest @pnpm/config.env-replace@^1.1.0
4926 silly packumentCache full:https://registry.npmjs.org/@pnpm%2fconfig.env-replace cache-miss
4927 http fetch GET 200 https://registry.npmjs.org/@pnpm%2fconfig.env-replace 4ms (cache hit)
4928 silly packumentCache full:https://registry.npmjs.org/@pnpm%2fconfig.env-replace set size:17984 disposed:false
4929 silly fetch manifest @pnpm/network.ca-file@^1.0.1
4930 silly packumentCache full:https://registry.npmjs.org/@pnpm%2fnetwork.ca-file cache-miss
4931 http fetch GET 200 https://registry.npmjs.org/@pnpm%2fnetwork.ca-file 3ms (cache hit)
4932 silly packumentCache full:https://registry.npmjs.org/@pnpm%2fnetwork.ca-file set size:20358 disposed:false
4933 silly fetch manifest config-chain@^1.1.11
4934 silly packumentCache full:https://registry.npmjs.org/config-chain cache-miss
4935 http fetch GET 200 https://registry.npmjs.org/config-chain 2ms (cache hit)
4936 silly packumentCache full:https://registry.npmjs.org/config-chain set size:38691 disposed:false
4937 silly placeDep ROOT @pnpm/config.env-replace@1.1.0 OK for: @pnpm/npm-conf@3.0.2 want: ^1.1.0
4938 silly placeDep ROOT @pnpm/network.ca-file@1.0.2 OK for: @pnpm/npm-conf@3.0.2 want: ^1.0.1
4939 silly placeDep ROOT config-chain@1.1.13 OK for: @pnpm/npm-conf@3.0.2 want: ^1.1.11
4940 silly fetch manifest graceful-fs@4.2.10
4941 silly packumentCache full:https://registry.npmjs.org/graceful-fs cache-hit
4942 silly fetch manifest proto-list@~1.2.1
4943 silly packumentCache full:https://registry.npmjs.org/proto-list cache-miss
4944 http fetch GET 200 https://registry.npmjs.org/proto-list 4ms (cache hit)
4945 silly packumentCache full:https://registry.npmjs.org/proto-list set size:8764 disposed:false
4946 silly fetch manifest ini@^1.3.4
4947 silly packumentCache full:https://registry.npmjs.org/ini cache-hit
4948 silly placeDep node_modules/@pnpm/network.ca-file graceful-fs@4.2.10 OK for: @pnpm/network.ca-file@1.0.2 want: 4.2.10
4949 silly placeDep node_modules/config-chain ini@1.3.8 OK for: config-chain@1.1.13 want: ^1.3.4
4950 silly placeDep ROOT proto-list@1.2.4 OK for: config-chain@1.1.13 want: ~1.2.1
4951 silly placeDep ROOT rc@1.2.8 OK for: registry-url@6.0.1 want: 1.2.8
4952 silly fetch manifest ini@~1.3.0
4953 silly packumentCache full:https://registry.npmjs.org/ini cache-hit
4954 silly fetch manifest minimist@^1.2.0
4955 silly packumentCache full:https://registry.npmjs.org/minimist cache-miss
4956 http fetch GET 200 https://registry.npmjs.org/minimist 4ms (cache hit)
4957 silly packumentCache full:https://registry.npmjs.org/minimist set size:77063 disposed:false
4958 silly fetch manifest deep-extend@^0.6.0
4959 silly packumentCache full:https://registry.npmjs.org/deep-extend cache-miss
4960 http fetch GET 200 https://registry.npmjs.org/deep-extend 6ms (cache hit)
4961 silly packumentCache full:https://registry.npmjs.org/deep-extend set size:34472 disposed:false
4962 silly fetch manifest strip-json-comments@~2.0.1
4963 silly packumentCache full:https://registry.npmjs.org/strip-json-comments cache-hit
4964 silly placeDep ROOT deep-extend@0.6.0 OK for: rc@1.2.8 want: ^0.6.0
4965 silly placeDep node_modules/rc ini@1.3.8 OK for: rc@1.2.8 want: ~1.3.0
4966 silly placeDep ROOT minimist@1.2.8 OK for: rc@1.2.8 want: ^1.2.0
4967 silly placeDep node_modules/rc strip-json-comments@2.0.1 OK for: rc@1.2.8 want: ~2.0.1
4968 silly placeDep ROOT crypto-random-string@4.0.0 OK for: unique-string@3.0.0 want: ^4.0.0
4969 silly fetch manifest type-fest@^1.0.1
4970 silly packumentCache full:https://registry.npmjs.org/type-fest cache-hit
4971 silly placeDep node_modules/crypto-random-string type-fest@1.4.0 OK for: crypto-random-string@4.0.0 want: ^1.0.1
4972 silly placeDep node_modules/url-loader mime-types@2.1.35 OK for: url-loader@4.1.1 want: ^2.1.27
4973 silly placeDep node_modules/url-loader schema-utils@3.3.0 OK for: url-loader@4.1.1 want: ^3.0.0
4974 silly fetch manifest mime-db@1.52.0
4975 silly packumentCache full:https://registry.npmjs.org/mime-db cache-hit
4976 silly placeDep ROOT @types/eslint-scope@3.7.7 OK for: webpack@5.105.4 want: ^3.7.7
4977 silly placeDep ROOT @webassemblyjs/ast@1.14.1 OK for: webpack@5.105.4 want: ^1.14.1
4978 silly placeDep ROOT @webassemblyjs/wasm-edit@1.14.1 OK for: webpack@5.105.4 want: ^1.14.1
4979 silly placeDep ROOT @webassemblyjs/wasm-parser@1.14.1 OK for: webpack@5.105.4 want: ^1.14.1
4980 silly placeDep ROOT acorn-import-phases@1.0.4 OK for: webpack@5.105.4 want: ^1.0.3
4981 silly placeDep ROOT chrome-trace-event@1.0.4 OK for: webpack@5.105.4 want: ^1.0.2
4982 silly placeDep ROOT enhanced-resolve@5.20.1 OK for: webpack@5.105.4 want: ^5.20.0
4983 silly placeDep ROOT es-module-lexer@2.0.0 OK for: webpack@5.105.4 want: ^2.0.0
4984 silly placeDep ROOT eslint-scope@5.1.1 OK for: webpack@5.105.4 want: 5.1.1
4985 silly placeDep ROOT events@3.3.0 OK for: webpack@5.105.4 want: ^3.2.0
4986 silly placeDep ROOT glob-to-regexp@0.4.1 OK for: webpack@5.105.4 want: ^0.4.1
4987 silly placeDep ROOT loader-runner@4.3.1 OK for: webpack@5.105.4 want: ^4.3.1
4988 silly placeDep node_modules/webpack mime-types@2.1.35 OK for: webpack@5.105.4 want: ^2.1.27
4989 silly placeDep ROOT neo-async@2.6.2 OK for: webpack@5.105.4 want: ^2.6.2
4990 silly placeDep ROOT watchpack@2.5.1 OK for: webpack@5.105.4 want: ^2.5.1
4991 silly placeDep ROOT webpack-sources@3.3.4 OK for: webpack@5.105.4 want: ^3.3.4
4992 silly fetch manifest @types/eslint@*
4993 silly packumentCache full:https://registry.npmjs.org/@types%2feslint cache-miss
4994 http fetch GET 200 https://registry.npmjs.org/@types%2feslint 3ms (cache hit)
4995 silly packumentCache full:https://registry.npmjs.org/@types%2feslint set size:220085 disposed:false
4996 silly fetch manifest @webassemblyjs/helper-numbers@1.13.2
4997 silly packumentCache full:https://registry.npmjs.org/@webassemblyjs%2fhelper-numbers cache-miss
4998 http fetch GET 200 https://registry.npmjs.org/@webassemblyjs%2fhelper-numbers 2ms (cache hit)
4999 silly packumentCache full:https://registry.npmjs.org/@webassemblyjs%2fhelper-numbers set size:23867 disposed:false
5000 silly fetch manifest @webassemblyjs/helper-wasm-bytecode@1.13.2
5001 silly packumentCache full:https://registry.npmjs.org/@webassemblyjs%2fhelper-wasm-bytecode cache-miss
5002 http fetch GET 200 https://registry.npmjs.org/@webassemblyjs%2fhelper-wasm-bytecode 2ms (cache hit)
5003 silly packumentCache full:https://registry.npmjs.org/@webassemblyjs%2fhelper-wasm-bytecode set size:179356 disposed:false
5004 silly fetch manifest @webassemblyjs/helper-buffer@1.14.1
5005 silly packumentCache full:https://registry.npmjs.org/@webassemblyjs%2fhelper-buffer cache-miss
5006 http fetch GET 200 https://registry.npmjs.org/@webassemblyjs%2fhelper-buffer 2ms (cache hit)
5007 silly packumentCache full:https://registry.npmjs.org/@webassemblyjs%2fhelper-buffer set size:178406 disposed:false
5008 silly fetch manifest @webassemblyjs/helper-wasm-section@1.14.1
5009 silly packumentCache full:https://registry.npmjs.org/@webassemblyjs%2fhelper-wasm-section cache-miss
5010 http fetch GET 200 https://registry.npmjs.org/@webassemblyjs%2fhelper-wasm-section 2ms (cache hit)
5011 silly packumentCache full:https://registry.npmjs.org/@webassemblyjs%2fhelper-wasm-section set size:191754 disposed:false
5012 silly fetch manifest @webassemblyjs/wasm-gen@1.14.1
5013 silly packumentCache full:https://registry.npmjs.org/@webassemblyjs%2fwasm-gen cache-miss
5014 http fetch GET 200 https://registry.npmjs.org/@webassemblyjs%2fwasm-gen 2ms (cache hit)
5015 silly packumentCache full:https://registry.npmjs.org/@webassemblyjs%2fwasm-gen set size:187955 disposed:false
5016 silly fetch manifest @webassemblyjs/wasm-opt@1.14.1
5017 silly packumentCache full:https://registry.npmjs.org/@webassemblyjs%2fwasm-opt cache-miss
5018 http fetch GET 200 https://registry.npmjs.org/@webassemblyjs%2fwasm-opt 1ms (cache hit)
5019 silly packumentCache full:https://registry.npmjs.org/@webassemblyjs%2fwasm-opt set size:150483 disposed:false
5020 silly fetch manifest @webassemblyjs/wasm-parser@1.14.1
5021 silly packumentCache full:https://registry.npmjs.org/@webassemblyjs%2fwasm-parser cache-hit
5022 silly fetch manifest @webassemblyjs/wast-printer@1.14.1
5023 silly packumentCache full:https://registry.npmjs.org/@webassemblyjs%2fwast-printer cache-miss
5024 http fetch GET 200 https://registry.npmjs.org/@webassemblyjs%2fwast-printer 3ms (cache hit)
5025 silly packumentCache full:https://registry.npmjs.org/@webassemblyjs%2fwast-printer set size:193690 disposed:false
5026 silly fetch manifest @webassemblyjs/helper-api-error@1.13.2
5027 silly packumentCache full:https://registry.npmjs.org/@webassemblyjs%2fhelper-api-error cache-miss
5028 http fetch GET 200 https://registry.npmjs.org/@webassemblyjs%2fhelper-api-error 3ms (cache hit)
5029 silly packumentCache full:https://registry.npmjs.org/@webassemblyjs%2fhelper-api-error set size:103778 disposed:false
5030 silly fetch manifest @webassemblyjs/ieee754@1.13.2
5031 silly packumentCache full:https://registry.npmjs.org/@webassemblyjs%2fieee754 cache-miss
5032 http fetch GET 200 https://registry.npmjs.org/@webassemblyjs%2fieee754 1ms (cache hit)
5033 silly packumentCache full:https://registry.npmjs.org/@webassemblyjs%2fieee754 set size:99475 disposed:false
5034 silly fetch manifest @webassemblyjs/leb128@1.13.2
5035 silly packumentCache full:https://registry.npmjs.org/@webassemblyjs%2fleb128 cache-miss
5036 http fetch GET 200 https://registry.npmjs.org/@webassemblyjs%2fleb128 2ms (cache hit)
5037 silly packumentCache full:https://registry.npmjs.org/@webassemblyjs%2fleb128 set size:248474 disposed:false
5038 silly fetch manifest @webassemblyjs/utf8@1.13.2
5039 silly packumentCache full:https://registry.npmjs.org/@webassemblyjs%2futf8 cache-miss
5040 http fetch GET 200 https://registry.npmjs.org/@webassemblyjs%2futf8 2ms (cache hit)
5041 silly packumentCache full:https://registry.npmjs.org/@webassemblyjs%2futf8 set size:102359 disposed:false
5042 silly fetch manifest esrecurse@^4.3.0
5043 silly packumentCache full:https://registry.npmjs.org/esrecurse cache-miss
5044 http fetch GET 200 https://registry.npmjs.org/esrecurse 1ms (cache hit)
5045 silly packumentCache full:https://registry.npmjs.org/esrecurse set size:29005 disposed:false
5046 silly fetch manifest estraverse@^4.1.1
5047 silly packumentCache full:https://registry.npmjs.org/estraverse cache-miss
5048 http fetch GET 200 https://registry.npmjs.org/estraverse 1ms (cache hit)
5049 silly packumentCache full:https://registry.npmjs.org/estraverse set size:62412 disposed:false
5050 silly placeDep ROOT @types/eslint@9.6.1 OK for: @types/eslint-scope@3.7.7 want: *
5051 silly placeDep ROOT @webassemblyjs/helper-numbers@1.13.2 OK for: @webassemblyjs/ast@1.14.1 want: 1.13.2
5052 silly placeDep ROOT @webassemblyjs/helper-wasm-bytecode@1.13.2 OK for: @webassemblyjs/ast@1.14.1 want: 1.13.2
5053 silly fetch manifest @xtuc/long@4.2.2
5054 silly packumentCache full:https://registry.npmjs.org/@xtuc%2flong cache-miss
5055 http fetch GET 200 https://registry.npmjs.org/@xtuc%2flong 1ms (cache hit)
5056 silly packumentCache full:https://registry.npmjs.org/@xtuc%2flong set size:23242 disposed:false
5057 silly fetch manifest @webassemblyjs/floating-point-hex-parser@1.13.2
5058 silly packumentCache full:https://registry.npmjs.org/@webassemblyjs%2ffloating-point-hex-parser cache-miss
5059 http fetch GET 200 https://registry.npmjs.org/@webassemblyjs%2ffloating-point-hex-parser 5ms (cache hit)
5060 silly packumentCache full:https://registry.npmjs.org/@webassemblyjs%2ffloating-point-hex-parser set size:186097 disposed:false
5061 silly placeDep ROOT @webassemblyjs/floating-point-hex-parser@1.13.2 OK for: @webassemblyjs/helper-numbers@1.13.2 want: 1.13.2
5062 silly placeDep ROOT @webassemblyjs/helper-api-error@1.13.2 OK for: @webassemblyjs/helper-numbers@1.13.2 want: 1.13.2
5063 silly placeDep ROOT @xtuc/long@4.2.2 OK for: @webassemblyjs/helper-numbers@1.13.2 want: 4.2.2
5064 silly placeDep ROOT @webassemblyjs/helper-buffer@1.14.1 OK for: @webassemblyjs/wasm-edit@1.14.1 want: 1.14.1
5065 silly placeDep ROOT @webassemblyjs/helper-wasm-section@1.14.1 OK for: @webassemblyjs/wasm-edit@1.14.1 want: 1.14.1
5066 silly placeDep ROOT @webassemblyjs/wasm-gen@1.14.1 OK for: @webassemblyjs/wasm-edit@1.14.1 want: 1.14.1
5067 silly placeDep ROOT @webassemblyjs/wasm-opt@1.14.1 OK for: @webassemblyjs/wasm-edit@1.14.1 want: 1.14.1
5068 silly placeDep ROOT @webassemblyjs/wast-printer@1.14.1 OK for: @webassemblyjs/wasm-edit@1.14.1 want: 1.14.1
5069 silly placeDep ROOT @webassemblyjs/ieee754@1.13.2 OK for: @webassemblyjs/wasm-gen@1.14.1 want: 1.13.2
5070 silly placeDep ROOT @webassemblyjs/leb128@1.13.2 OK for: @webassemblyjs/wasm-gen@1.14.1 want: 1.13.2
5071 silly placeDep ROOT @webassemblyjs/utf8@1.13.2 OK for: @webassemblyjs/wasm-gen@1.14.1 want: 1.13.2
5072 silly fetch manifest @xtuc/ieee754@^1.2.0
5073 silly packumentCache full:https://registry.npmjs.org/@xtuc%2fieee754 cache-miss
5074 http fetch GET 200 https://registry.npmjs.org/@xtuc%2fieee754 2ms (cache hit)
5075 silly packumentCache full:https://registry.npmjs.org/@xtuc%2fieee754 set size:5495 disposed:false
5076 silly placeDep ROOT @xtuc/ieee754@1.2.0 OK for: @webassemblyjs/ieee754@1.13.2 want: ^1.2.0
5077 silly placeDep ROOT esrecurse@4.3.0 OK for: eslint-scope@5.1.1 want: ^4.3.0
5078 silly placeDep ROOT estraverse@4.3.0 OK for: eslint-scope@5.1.1 want: ^4.1.1
5079 silly fetch manifest estraverse@^5.2.0
5080 silly packumentCache full:https://registry.npmjs.org/estraverse cache-hit
5081 silly placeDep node_modules/esrecurse estraverse@5.3.0 OK for: esrecurse@4.3.0 want: ^5.2.0
5082 silly placeDep ROOT @discoveryjs/json-ext@0.5.7 OK for: webpack-bundle-analyzer@4.10.2 want: 0.5.7
5083 silly placeDep ROOT acorn-walk@8.3.5 OK for: webpack-bundle-analyzer@4.10.2 want: ^8.0.0
5084 silly placeDep node_modules/webpack-bundle-analyzer commander@7.2.0 OK for: webpack-bundle-analyzer@4.10.2 want: ^7.2.0
5085 silly placeDep ROOT debounce@1.2.1 OK for: webpack-bundle-analyzer@4.10.2 want: ^1.2.1
5086 silly placeDep ROOT gzip-size@6.0.0 OK for: webpack-bundle-analyzer@4.10.2 want: ^6.0.0
5087 silly placeDep ROOT html-escaper@2.0.2 OK for: webpack-bundle-analyzer@4.10.2 want: ^2.0.2
5088 silly placeDep ROOT opener@1.5.2 OK for: webpack-bundle-analyzer@4.10.2 want: ^1.5.2
5089 silly placeDep ROOT sirv@2.0.4 OK for: webpack-bundle-analyzer@4.10.2 want: ^2.0.3
5090 silly placeDep ROOT ws@7.5.10 OK for: webpack-bundle-analyzer@4.10.2 want: ^7.3.1
5091 silly fetch manifest duplexer@^0.1.2
5092 silly packumentCache full:https://registry.npmjs.org/duplexer cache-miss
5093 http fetch GET 200 https://registry.npmjs.org/duplexer 1ms (cache hit)
5094 silly packumentCache full:https://registry.npmjs.org/duplexer set size:17171 disposed:false
5095 silly fetch manifest mrmime@^2.0.0
5096 silly packumentCache full:https://registry.npmjs.org/mrmime cache-miss
5097 http fetch GET 200 https://registry.npmjs.org/mrmime 2ms (cache hit)
5098 silly packumentCache full:https://registry.npmjs.org/mrmime set size:17044 disposed:false
5099 silly fetch manifest totalist@^3.0.0
5100 silly packumentCache full:https://registry.npmjs.org/totalist cache-miss
5101 http fetch GET 200 https://registry.npmjs.org/totalist 2ms (cache hit)
5102 silly packumentCache full:https://registry.npmjs.org/totalist set size:22268 disposed:false
5103 silly fetch manifest @polka/url@^1.0.0-next.24
5104 silly packumentCache full:https://registry.npmjs.org/@polka%2furl cache-miss
5105 http fetch GET 200 https://registry.npmjs.org/@polka%2furl 2ms (cache hit)
5106 silly packumentCache full:https://registry.npmjs.org/@polka%2furl set size:42587 disposed:false
5107 silly placeDep ROOT duplexer@0.1.2 OK for: gzip-size@6.0.0 want: ^0.1.2
5108 silly placeDep ROOT @polka/url@1.0.0-next.29 OK for: sirv@2.0.4 want: ^1.0.0-next.24
5109 silly placeDep ROOT mrmime@2.0.1 OK for: sirv@2.0.4 want: ^2.0.0
5110 silly placeDep ROOT totalist@3.0.1 OK for: sirv@2.0.4 want: ^3.0.0
5111 silly placeDep ROOT @types/bonjour@3.5.13 OK for: webpack-dev-server@5.2.3 want: ^3.5.13
5112 silly placeDep ROOT @types/connect-history-api-fallback@1.5.4 OK for: webpack-dev-server@5.2.3 want: ^1.5.4
5113 silly placeDep ROOT @types/express@4.17.25 OK for: webpack-dev-server@5.2.3 want: ^4.17.25
5114 silly placeDep ROOT @types/express-serve-static-core@4.19.8 OK for: webpack-dev-server@5.2.3 want: ^4.17.21
5115 silly placeDep ROOT @types/serve-index@1.9.4 OK for: webpack-dev-server@5.2.3 want: ^1.9.4
5116 silly placeDep ROOT @types/serve-static@1.15.10 OK for: webpack-dev-server@5.2.3 want: ^1.15.5
5117 silly placeDep ROOT @types/sockjs@0.3.36 OK for: webpack-dev-server@5.2.3 want: ^0.3.36
5118 silly placeDep ROOT @types/ws@8.18.1 OK for: webpack-dev-server@5.2.3 want: ^8.5.10
5119 silly placeDep ROOT ansi-html-community@0.0.8 OK for: webpack-dev-server@5.2.3 want: ^0.0.8
5120 silly placeDep ROOT bonjour-service@1.3.0 OK for: webpack-dev-server@5.2.3 want: ^1.2.1
5121 silly placeDep ROOT colorette@2.0.20 OK for: webpack-dev-server@5.2.3 want: ^2.0.10
5122 silly placeDep ROOT compression@1.8.1 OK for: webpack-dev-server@5.2.3 want: ^1.8.1
5123 silly placeDep ROOT connect-history-api-fallback@2.0.0 OK for: webpack-dev-server@5.2.3 want: ^2.0.0
5124 silly placeDep ROOT express@4.22.1 OK for: webpack-dev-server@5.2.3 want: ^4.22.1
5125 silly placeDep ROOT http-proxy-middleware@2.0.9 OK for: webpack-dev-server@5.2.3 want: ^2.0.9
5126 silly placeDep ROOT ipaddr.js@2.3.0 OK for: webpack-dev-server@5.2.3 want: ^2.1.0
5127 silly placeDep ROOT launch-editor@2.13.2 OK for: webpack-dev-server@5.2.3 want: ^2.6.1
5128 silly placeDep node_modules/webpack-dev-server open@10.2.0 OK for: webpack-dev-server@5.2.3 want: ^10.0.3
5129 silly placeDep ROOT p-retry@6.2.1 OK for: webpack-dev-server@5.2.3 want: ^6.2.0
5130 silly placeDep ROOT selfsigned@5.5.0 OK for: webpack-dev-server@5.2.3 want: ^5.5.0
5131 silly placeDep ROOT serve-index@1.9.2 OK for: webpack-dev-server@5.2.3 want: ^1.9.1
5132 silly placeDep ROOT sockjs@0.3.24 OK for: webpack-dev-server@5.2.3 want: ^0.3.24
5133 silly placeDep ROOT spdy@4.0.2 OK for: webpack-dev-server@5.2.3 want: ^4.0.2
5134 silly placeDep ROOT webpack-dev-middleware@7.4.5 OK for: webpack-dev-server@5.2.3 want: ^7.4.2
5135 silly placeDep node_modules/webpack-dev-server ws@8.20.0 OK for: webpack-dev-server@5.2.3 want: ^8.18.0
5136 silly fetch manifest @types/express-serve-static-core@*
5137 silly packumentCache full:https://registry.npmjs.org/@types%2fexpress-serve-static-core cache-hit
5138 silly fetch manifest @types/qs@*
5139 silly packumentCache full:https://registry.npmjs.org/@types%2fqs cache-miss
5140 http fetch GET 200 https://registry.npmjs.org/@types%2fqs 2ms (cache hit)
5141 silly packumentCache full:https://registry.npmjs.org/@types%2fqs set size:82355 disposed:false
5142 silly fetch manifest @types/body-parser@*
5143 silly packumentCache full:https://registry.npmjs.org/@types%2fbody-parser cache-miss
5144 http fetch GET 200 https://registry.npmjs.org/@types%2fbody-parser 2ms (cache hit)
5145 silly packumentCache full:https://registry.npmjs.org/@types%2fbody-parser set size:59466 disposed:false
5146 silly fetch manifest @types/serve-static@^1
5147 silly packumentCache full:https://registry.npmjs.org/@types%2fserve-static cache-hit
5148 silly fetch manifest @types/express-serve-static-core@^4.17.33
5149 silly packumentCache full:https://registry.npmjs.org/@types%2fexpress-serve-static-core cache-hit
5150 silly fetch manifest @types/send@*
5151 silly packumentCache full:https://registry.npmjs.org/@types%2fsend cache-miss
5152 http fetch GET 200 https://registry.npmjs.org/@types%2fsend 1ms (cache hit)
5153 silly packumentCache full:https://registry.npmjs.org/@types%2fsend set size:29985 disposed:false
5154 silly fetch manifest @types/range-parser@*
5155 silly packumentCache full:https://registry.npmjs.org/@types%2frange-parser cache-miss
5156 http fetch GET 200 https://registry.npmjs.org/@types%2frange-parser 2ms (cache hit)
5157 silly packumentCache full:https://registry.npmjs.org/@types%2frange-parser set size:15278 disposed:false
5158 silly fetch manifest @types/send@<1
5159 silly packumentCache full:https://registry.npmjs.org/@types%2fsend cache-hit
5160 silly fetch manifest @types/http-errors@*
5161 silly packumentCache full:https://registry.npmjs.org/@types%2fhttp-errors cache-miss
5162 http fetch GET 200 https://registry.npmjs.org/@types%2fhttp-errors 3ms (cache hit)
5163 silly packumentCache full:https://registry.npmjs.org/@types%2fhttp-errors set size:48994 disposed:false
5164 silly fetch manifest multicast-dns@^7.2.5
5165 silly packumentCache full:https://registry.npmjs.org/multicast-dns cache-miss
5166 http fetch GET 200 https://registry.npmjs.org/multicast-dns 2ms (cache hit)
5167 silly packumentCache full:https://registry.npmjs.org/multicast-dns set size:79303 disposed:false
5168 silly fetch manifest bytes@3.1.2
5169 silly packumentCache full:https://registry.npmjs.org/bytes cache-hit
5170 silly fetch manifest compressible@~2.0.18
5171 silly packumentCache full:https://registry.npmjs.org/compressible cache-miss
5172 http fetch GET 200 https://registry.npmjs.org/compressible 2ms (cache hit)
5173 silly packumentCache full:https://registry.npmjs.org/compressible set size:61733 disposed:false
5174 silly fetch manifest debug@2.6.9
5175 silly packumentCache full:https://registry.npmjs.org/debug cache-hit
5176 silly fetch manifest negotiator@~0.6.4
5177 silly packumentCache full:https://registry.npmjs.org/negotiator cache-miss
5178 http fetch GET 200 https://registry.npmjs.org/negotiator 1ms (cache hit)
5179 silly packumentCache full:https://registry.npmjs.org/negotiator set size:48046 disposed:false
5180 silly fetch manifest on-headers@~1.1.0
5181 silly packumentCache full:https://registry.npmjs.org/on-headers cache-miss
5182 http fetch GET 200 https://registry.npmjs.org/on-headers 1ms (cache hit)
5183 silly packumentCache full:https://registry.npmjs.org/on-headers set size:13226 disposed:false
5184 silly fetch manifest vary@~1.1.2
5185 silly packumentCache full:https://registry.npmjs.org/vary cache-miss
5186 http fetch GET 200 https://registry.npmjs.org/vary 3ms (cache hit)
5187 silly packumentCache full:https://registry.npmjs.org/vary set size:16018 disposed:false
5188 silly fetch manifest qs@~6.14.0
5189 silly packumentCache full:https://registry.npmjs.org/qs cache-miss
5190 http fetch GET 200 https://registry.npmjs.org/qs 2ms (cache hit)
5191 silly packumentCache full:https://registry.npmjs.org/qs set size:350258 disposed:false
5192 silly fetch manifest depd@2.0.0
5193 silly packumentCache full:https://registry.npmjs.org/depd cache-miss
5194 http fetch GET 200 https://registry.npmjs.org/depd 2ms (cache hit)
5195 silly packumentCache full:https://registry.npmjs.org/depd set size:40182 disposed:false
5196 silly fetch manifest etag@~1.8.1
5197 silly packumentCache full:https://registry.npmjs.org/etag cache-miss
5198 http fetch GET 200 https://registry.npmjs.org/etag 1ms (cache hit)
5199 silly packumentCache full:https://registry.npmjs.org/etag set size:30032 disposed:false
5200 silly fetch manifest send@~0.19.0
5201 silly packumentCache full:https://registry.npmjs.org/send cache-miss
5202 http fetch GET 200 https://registry.npmjs.org/send 3ms (cache hit)
5203 silly packumentCache full:https://registry.npmjs.org/send set size:152810 disposed:false
5204 silly fetch manifest fresh@~0.5.2
5205 silly packumentCache full:https://registry.npmjs.org/fresh cache-miss
5206 http fetch GET 200 https://registry.npmjs.org/fresh 2ms (cache hit)
5207 silly packumentCache full:https://registry.npmjs.org/fresh set size:25427 disposed:false
5208 silly fetch manifest cookie@~0.7.1
5209 silly packumentCache full:https://registry.npmjs.org/cookie cache-miss
5210 http fetch GET 200 https://registry.npmjs.org/cookie 2ms (cache hit)
5211 silly packumentCache full:https://registry.npmjs.org/cookie set size:72891 disposed:false
5212 silly fetch manifest accepts@~1.3.8
5213 silly packumentCache full:https://registry.npmjs.org/accepts cache-miss
5214 http fetch GET 200 https://registry.npmjs.org/accepts 1ms (cache hit)
5215 silly packumentCache full:https://registry.npmjs.org/accepts set size:77054 disposed:false
5216 silly fetch manifest methods@~1.1.2
5217 silly packumentCache full:https://registry.npmjs.org/methods cache-miss
5218 http fetch GET 200 https://registry.npmjs.org/methods 2ms (cache hit)
5219 silly packumentCache full:https://registry.npmjs.org/methods set size:12600 disposed:false
5220 silly fetch manifest type-is@~1.6.18
5221 silly packumentCache full:https://registry.npmjs.org/type-is cache-miss
5222 http fetch GET 200 https://registry.npmjs.org/type-is 3ms (cache hit)
5223 silly packumentCache full:https://registry.npmjs.org/type-is set size:86196 disposed:false
5224 silly fetch manifest parseurl@~1.3.3
5225 silly packumentCache full:https://registry.npmjs.org/parseurl cache-miss
5226 http fetch GET 200 https://registry.npmjs.org/parseurl 1ms (cache hit)
5227 silly packumentCache full:https://registry.npmjs.org/parseurl set size:24148 disposed:false
5228 silly fetch manifest statuses@~2.0.1
5229 silly packumentCache full:https://registry.npmjs.org/statuses cache-miss
5230 http fetch GET 200 https://registry.npmjs.org/statuses 1ms (cache hit)
5231 silly packumentCache full:https://registry.npmjs.org/statuses set size:37117 disposed:false
5232 silly fetch manifest encodeurl@~2.0.0
5233 silly packumentCache full:https://registry.npmjs.org/encodeurl cache-miss
5234 http fetch GET 200 https://registry.npmjs.org/encodeurl 1ms (cache hit)
5235 silly packumentCache full:https://registry.npmjs.org/encodeurl set size:12296 disposed:false
5236 silly fetch manifest proxy-addr@~2.0.7
5237 silly packumentCache full:https://registry.npmjs.org/proxy-addr cache-miss
5238 http fetch GET 200 https://registry.npmjs.org/proxy-addr 1ms (cache hit)
5239 silly packumentCache full:https://registry.npmjs.org/proxy-addr set size:61619 disposed:false
5240 silly fetch manifest body-parser@~1.20.3
5241 silly packumentCache full:https://registry.npmjs.org/body-parser cache-miss
5242 http fetch GET 200 https://registry.npmjs.org/body-parser 3ms (cache hit)
5243 silly packumentCache full:https://registry.npmjs.org/body-parser set size:216830 disposed:false
5244 silly fetch manifest http-errors@~2.0.0
5245 silly packumentCache full:https://registry.npmjs.org/http-errors cache-miss
5246 http fetch GET 200 https://registry.npmjs.org/http-errors 3ms (cache hit)
5247 silly packumentCache full:https://registry.npmjs.org/http-errors set size:71987 disposed:false
5248 silly fetch manifest on-finished@~2.4.1
5249 silly packumentCache full:https://registry.npmjs.org/on-finished cache-miss
5250 http fetch GET 200 https://registry.npmjs.org/on-finished 1ms (cache hit)
5251 silly packumentCache full:https://registry.npmjs.org/on-finished set size:23212 disposed:false
5252 silly fetch manifest utils-merge@1.0.1
5253 silly packumentCache full:https://registry.npmjs.org/utils-merge cache-miss
5254 http fetch GET 200 https://registry.npmjs.org/utils-merge 1ms (cache hit)
5255 silly packumentCache full:https://registry.npmjs.org/utils-merge set size:5237 disposed:false
5256 silly fetch manifest content-type@~1.0.4
5257 silly packumentCache full:https://registry.npmjs.org/content-type cache-miss
5258 http fetch GET 200 https://registry.npmjs.org/content-type 2ms (cache hit)
5259 silly packumentCache full:https://registry.npmjs.org/content-type set size:17311 disposed:false
5260 silly fetch manifest finalhandler@~1.3.1
5261 silly packumentCache full:https://registry.npmjs.org/finalhandler cache-miss
5262 http fetch GET 200 https://registry.npmjs.org/finalhandler 1ms (cache hit)
5263 silly packumentCache full:https://registry.npmjs.org/finalhandler set size:79291 disposed:false
5264 silly fetch manifest range-parser@~1.2.1
5265 silly packumentCache full:https://registry.npmjs.org/range-parser cache-hit
5266 silly fetch manifest serve-static@~1.16.2
5267 silly packumentCache full:https://registry.npmjs.org/serve-static cache-miss
5268 http fetch GET 200 https://registry.npmjs.org/serve-static 3ms (cache hit)
5269 silly packumentCache full:https://registry.npmjs.org/serve-static set size:150391 disposed:false
5270 silly fetch manifest array-flatten@1.1.1
5271 silly packumentCache full:https://registry.npmjs.org/array-flatten cache-miss
5272 http fetch GET 200 https://registry.npmjs.org/array-flatten 4ms (cache hit)
5273 silly packumentCache full:https://registry.npmjs.org/array-flatten set size:24005 disposed:false
5274 silly fetch manifest path-to-regexp@~0.1.12
5275 silly packumentCache full:https://registry.npmjs.org/path-to-regexp cache-hit
5276 silly fetch manifest setprototypeof@1.2.0
5277 silly packumentCache full:https://registry.npmjs.org/setprototypeof cache-miss
5278 http fetch GET 200 https://registry.npmjs.org/setprototypeof 2ms (cache hit)
5279 silly packumentCache full:https://registry.npmjs.org/setprototypeof set size:14532 disposed:false
5280 silly fetch manifest cookie-signature@~1.0.6
5281 silly packumentCache full:https://registry.npmjs.org/cookie-signature cache-miss
5282 http fetch GET 200 https://registry.npmjs.org/cookie-signature 3ms (cache hit)
5283 silly packumentCache full:https://registry.npmjs.org/cookie-signature set size:21777 disposed:false
5284 silly fetch manifest merge-descriptors@1.0.3
5285 silly packumentCache full:https://registry.npmjs.org/merge-descriptors cache-miss
5286 http fetch GET 200 https://registry.npmjs.org/merge-descriptors 2ms (cache hit)
5287 silly packumentCache full:https://registry.npmjs.org/merge-descriptors set size:16527 disposed:false
5288 silly fetch manifest content-disposition@~0.5.4
5289 silly packumentCache full:https://registry.npmjs.org/content-disposition cache-hit
5290 silly fetch manifest http-proxy@^1.18.1
5291 silly packumentCache full:https://registry.npmjs.org/http-proxy cache-miss
5292 http fetch GET 200 https://registry.npmjs.org/http-proxy 2ms (cache hit)
5293 silly packumentCache full:https://registry.npmjs.org/http-proxy set size:183156 disposed:false
5294 silly fetch manifest is-plain-obj@^3.0.0
5295 silly packumentCache full:https://registry.npmjs.org/is-plain-obj cache-hit
5296 silly fetch manifest @types/http-proxy@^1.17.8
5297 silly packumentCache full:https://registry.npmjs.org/@types%2fhttp-proxy cache-miss
5298 http fetch GET 200 https://registry.npmjs.org/@types%2fhttp-proxy 3ms (cache hit)
5299 silly packumentCache full:https://registry.npmjs.org/@types%2fhttp-proxy set size:58652 disposed:false
5300 silly fetch manifest shell-quote@^1.8.3
5301 silly packumentCache full:https://registry.npmjs.org/shell-quote cache-miss
5302 http fetch GET 200 https://registry.npmjs.org/shell-quote 1ms (cache hit)
5303 silly packumentCache full:https://registry.npmjs.org/shell-quote set size:61937 disposed:false
5304 silly fetch manifest wsl-utils@^0.1.0
5305 silly packumentCache full:https://registry.npmjs.org/wsl-utils cache-miss
5306 http fetch GET 200 https://registry.npmjs.org/wsl-utils 2ms (cache hit)
5307 silly packumentCache full:https://registry.npmjs.org/wsl-utils set size:15127 disposed:false
5308 silly fetch manifest default-browser@^5.2.1
5309 silly packumentCache full:https://registry.npmjs.org/default-browser cache-miss
5310 http fetch GET 200 https://registry.npmjs.org/default-browser 1ms (cache hit)
5311 silly packumentCache full:https://registry.npmjs.org/default-browser set size:31475 disposed:false
5312 silly fetch manifest define-lazy-prop@^3.0.0
5313 silly packumentCache full:https://registry.npmjs.org/define-lazy-prop cache-hit
5314 silly fetch manifest is-inside-container@^1.0.0
5315 silly packumentCache full:https://registry.npmjs.org/is-inside-container cache-miss
5316 http fetch GET 200 https://registry.npmjs.org/is-inside-container 1ms (cache hit)
5317 silly packumentCache full:https://registry.npmjs.org/is-inside-container set size:4403 disposed:false
5318 silly fetch manifest retry@^0.13.1
5319 silly packumentCache full:https://registry.npmjs.org/retry cache-miss
5320 http fetch GET 200 https://registry.npmjs.org/retry 2ms (cache hit)
5321 silly packumentCache full:https://registry.npmjs.org/retry set size:31161 disposed:false
5322 silly fetch manifest @types/retry@0.12.2
5323 silly packumentCache full:https://registry.npmjs.org/@types%2fretry cache-miss
5324 http fetch GET 200 https://registry.npmjs.org/@types%2fretry 2ms (cache hit)
5325 silly packumentCache full:https://registry.npmjs.org/@types%2fretry set size:17008 disposed:false
5326 silly fetch manifest is-network-error@^1.0.0
5327 silly packumentCache full:https://registry.npmjs.org/is-network-error cache-miss
5328 http fetch GET 200 https://registry.npmjs.org/is-network-error 3ms (cache hit)
5329 silly packumentCache full:https://registry.npmjs.org/is-network-error set size:12891 disposed:false
5330 silly fetch manifest @peculiar/x509@^1.14.2
5331 silly packumentCache full:https://registry.npmjs.org/@peculiar%2fx509 cache-miss
5332 http fetch GET 200 https://registry.npmjs.org/@peculiar%2fx509 2ms (cache hit)
5333 silly packumentCache full:https://registry.npmjs.org/@peculiar%2fx509 set size:263262 disposed:false
5334 silly fetch manifest pkijs@^3.3.3
5335 silly packumentCache full:https://registry.npmjs.org/pkijs cache-miss
5336 http fetch GET 200 https://registry.npmjs.org/pkijs 3ms (cache hit)
5337 silly packumentCache full:https://registry.npmjs.org/pkijs set size:762246 disposed:false
5338 silly fetch manifest batch@0.6.1
5339 silly packumentCache full:https://registry.npmjs.org/batch cache-miss
5340 http fetch GET 200 https://registry.npmjs.org/batch 2ms (cache hit)
5341 silly packumentCache full:https://registry.npmjs.org/batch set size:18505 disposed:false
5342 silly fetch manifest http-errors@~1.8.0
5343 silly packumentCache full:https://registry.npmjs.org/http-errors cache-hit
5344 silly fetch manifest mime-types@~2.1.35
5345 silly packumentCache full:https://registry.npmjs.org/mime-types cache-hit
5346 silly fetch manifest faye-websocket@^0.11.3
5347 silly packumentCache full:https://registry.npmjs.org/faye-websocket cache-miss
5348 http fetch GET 200 https://registry.npmjs.org/faye-websocket 3ms (cache hit)
5349 silly packumentCache full:https://registry.npmjs.org/faye-websocket set size:45682 disposed:false
5350 silly fetch manifest uuid@^8.3.2
5351 silly packumentCache full:https://registry.npmjs.org/uuid cache-miss
5352 http fetch GET 200 https://registry.npmjs.org/uuid 1ms (cache hit)
5353 silly packumentCache full:https://registry.npmjs.org/uuid set size:224608 disposed:false
5354 silly fetch manifest websocket-driver@^0.7.4
5355 silly packumentCache full:https://registry.npmjs.org/websocket-driver cache-miss
5356 http fetch GET 200 https://registry.npmjs.org/websocket-driver 2ms (cache hit)
5357 silly packumentCache full:https://registry.npmjs.org/websocket-driver set size:55869 disposed:false
5358 silly fetch manifest handle-thing@^2.0.0
5359 silly packumentCache full:https://registry.npmjs.org/handle-thing cache-miss
5360 http fetch GET 200 https://registry.npmjs.org/handle-thing 2ms (cache hit)
5361 silly packumentCache full:https://registry.npmjs.org/handle-thing set size:20817 disposed:false
5362 silly fetch manifest http-deceiver@^1.2.7
5363 silly packumentCache full:https://registry.npmjs.org/http-deceiver cache-miss
5364 http fetch GET 200 https://registry.npmjs.org/http-deceiver 3ms (cache hit)
5365 silly packumentCache full:https://registry.npmjs.org/http-deceiver set size:16525 disposed:false
5366 silly fetch manifest select-hose@^2.0.0
5367 silly packumentCache full:https://registry.npmjs.org/select-hose cache-miss
5368 http fetch GET 200 https://registry.npmjs.org/select-hose 1ms (cache hit)
5369 silly packumentCache full:https://registry.npmjs.org/select-hose set size:5125 disposed:false
5370 silly fetch manifest spdy-transport@^3.0.0
5371 silly packumentCache full:https://registry.npmjs.org/spdy-transport cache-miss
5372 http fetch GET 200 https://registry.npmjs.org/spdy-transport 1ms (cache hit)
5373 silly packumentCache full:https://registry.npmjs.org/spdy-transport set size:89673 disposed:false
5374 silly fetch manifest memfs@^4.43.1
5375 silly packumentCache full:https://registry.npmjs.org/memfs cache-miss
5376 http fetch GET 200 https://registry.npmjs.org/memfs 3ms (cache hit)
5377 silly packumentCache full:https://registry.npmjs.org/memfs set size:840081 disposed:false
5378 silly fetch manifest mime-types@^3.0.1
5379 silly packumentCache full:https://registry.npmjs.org/mime-types cache-hit
5380 silly fetch manifest on-finished@^2.4.1
5381 silly packumentCache full:https://registry.npmjs.org/on-finished cache-hit
5382 silly fetch manifest range-parser@^1.2.1
5383 silly packumentCache full:https://registry.npmjs.org/range-parser cache-hit
5384 silly placeDep ROOT @types/body-parser@1.19.6 OK for: @types/express@4.17.25 want: *
5385 silly placeDep ROOT @types/qs@6.15.0 OK for: @types/express@4.17.25 want: *
5386 silly fetch manifest @types/connect@*
5387 silly packumentCache full:https://registry.npmjs.org/@types%2fconnect cache-miss
5388 http fetch GET 200 https://registry.npmjs.org/@types%2fconnect 3ms (cache hit)
5389 silly packumentCache full:https://registry.npmjs.org/@types%2fconnect set size:31512 disposed:false
5390 silly placeDep ROOT @types/connect@3.4.38 OK for: @types/body-parser@1.19.6 want: *
5391 silly placeDep ROOT @types/range-parser@1.2.7 OK for: @types/express-serve-static-core@4.19.8 want: *
5392 silly placeDep ROOT @types/send@1.2.1 OK for: @types/express-serve-static-core@4.19.8 want: *
5393 silly placeDep ROOT @types/http-errors@2.0.5 OK for: @types/serve-static@1.15.10 want: *
5394 silly placeDep node_modules/@types/serve-static @types/send@0.17.6 OK for: @types/serve-static@1.15.10 want: <1
5395 silly fetch manifest @types/mime@^1
5396 silly packumentCache full:https://registry.npmjs.org/@types%2fmime cache-miss
5397 http fetch GET 200 https://registry.npmjs.org/@types%2fmime 1ms (cache hit)
5398 silly packumentCache full:https://registry.npmjs.org/@types%2fmime set size:43242 disposed:false
5399 silly placeDep ROOT multicast-dns@7.2.5 OK for: bonjour-service@1.3.0 want: ^7.2.5
5400 silly fetch manifest thunky@^1.0.2
5401 silly packumentCache full:https://registry.npmjs.org/thunky cache-miss
5402 http fetch GET 200 https://registry.npmjs.org/thunky 2ms (cache hit)
5403 silly packumentCache full:https://registry.npmjs.org/thunky set size:14018 disposed:false
5404 silly fetch manifest dns-packet@^5.2.2
5405 silly packumentCache full:https://registry.npmjs.org/dns-packet cache-miss
5406 http fetch GET 200 https://registry.npmjs.org/dns-packet 3ms (cache hit)
5407 silly packumentCache full:https://registry.npmjs.org/dns-packet set size:96184 disposed:false
5408 silly placeDep node_modules/compression bytes@3.1.2 OK for: compression@1.8.1 want: 3.1.2
5409 silly placeDep ROOT compressible@2.0.18 OK for: compression@1.8.1 want: ~2.0.18
5410 silly placeDep node_modules/compression debug@2.6.9 OK for: compression@1.8.1 want: 2.6.9
5411 silly placeDep ROOT negotiator@0.6.4 OK for: compression@1.8.1 want: ~0.6.4
5412 silly placeDep ROOT on-headers@1.1.0 OK for: compression@1.8.1 want: ~1.1.0
5413 silly placeDep ROOT vary@1.1.2 OK for: compression@1.8.1 want: ~1.1.2
5414 silly fetch manifest mime-db@>= 1.43.0 < 2
5415 silly packumentCache full:https://registry.npmjs.org/mime-db cache-hit
5416 silly fetch manifest ms@2.0.0
5417 silly packumentCache full:https://registry.npmjs.org/ms cache-hit
5418 silly placeDep node_modules/compressible mime-db@1.54.0 OK for: compressible@2.0.18 want: >= 1.43.0 < 2
5419 silly placeDep ROOT accepts@1.3.8 OK for: express@4.22.1 want: ~1.3.8
5420 silly placeDep ROOT array-flatten@1.1.1 OK for: express@4.22.1 want: 1.1.1
5421 silly placeDep ROOT body-parser@1.20.4 OK for: express@4.22.1 want: ~1.20.3
5422 silly placeDep node_modules/express content-disposition@0.5.4 OK for: express@4.22.1 want: ~0.5.4
5423 silly placeDep ROOT content-type@1.0.5 OK for: express@4.22.1 want: ~1.0.4
5424 silly placeDep ROOT cookie@0.7.2 OK for: express@4.22.1 want: ~0.7.1
5425 silly placeDep ROOT cookie-signature@1.0.7 OK for: express@4.22.1 want: ~1.0.6
5426 silly placeDep node_modules/express debug@2.6.9 OK for: express@4.22.1 want: 2.6.9
5427 silly placeDep ROOT depd@2.0.0 OK for: express@4.22.1 want: 2.0.0
5428 silly placeDep ROOT encodeurl@2.0.0 OK for: express@4.22.1 want: ~2.0.0
5429 silly placeDep ROOT etag@1.8.1 OK for: express@4.22.1 want: ~1.8.1
5430 silly placeDep ROOT finalhandler@1.3.2 OK for: express@4.22.1 want: ~1.3.1
5431 silly placeDep ROOT fresh@0.5.2 OK for: express@4.22.1 want: ~0.5.2
5432 silly placeDep ROOT http-errors@2.0.1 OK for: express@4.22.1 want: ~2.0.0
5433 silly placeDep ROOT merge-descriptors@1.0.3 OK for: express@4.22.1 want: 1.0.3
5434 silly placeDep ROOT methods@1.1.2 OK for: express@4.22.1 want: ~1.1.2
5435 silly placeDep ROOT on-finished@2.4.1 OK for: express@4.22.1 want: ~2.4.1
5436 silly placeDep ROOT parseurl@1.3.3 OK for: express@4.22.1 want: ~1.3.3
5437 silly placeDep node_modules/express path-to-regexp@0.1.12 OK for: express@4.22.1 want: ~0.1.12
5438 silly placeDep ROOT proxy-addr@2.0.7 OK for: express@4.22.1 want: ~2.0.7
5439 silly placeDep ROOT qs@6.14.2 OK for: express@4.22.1 want: ~6.14.0
5440 silly placeDep node_modules/express range-parser@1.2.1 OK for: express@4.22.1 want: ~1.2.1
5441 silly placeDep ROOT send@0.19.2 OK for: express@4.22.1 want: ~0.19.0
5442 silly placeDep ROOT serve-static@1.16.3 OK for: express@4.22.1 want: ~1.16.2
5443 silly placeDep ROOT setprototypeof@1.2.0 OK for: express@4.22.1 want: 1.2.0
5444 silly placeDep ROOT statuses@2.0.2 OK for: express@4.22.1 want: ~2.0.1
5445 silly placeDep ROOT type-is@1.6.18 OK for: express@4.22.1 want: ~1.6.18
5446 silly placeDep ROOT utils-merge@1.0.1 OK for: express@4.22.1 want: 1.0.1
5447 silly fetch manifest mime-types@~2.1.34
5448 silly packumentCache full:https://registry.npmjs.org/mime-types cache-hit
5449 silly fetch manifest negotiator@0.6.3
5450 silly packumentCache full:https://registry.npmjs.org/negotiator cache-hit
5451 silly fetch manifest bytes@~3.1.2
5452 silly packumentCache full:https://registry.npmjs.org/bytes cache-hit
5453 silly fetch manifest unpipe@~1.0.0
5454 silly packumentCache full:https://registry.npmjs.org/unpipe cache-miss
5455 http fetch GET 200 https://registry.npmjs.org/unpipe 2ms (cache hit)
5456 silly packumentCache full:https://registry.npmjs.org/unpipe set size:3609 disposed:false
5457 silly fetch manifest destroy@~1.2.0
5458 silly packumentCache full:https://registry.npmjs.org/destroy cache-miss
5459 http fetch GET 200 https://registry.npmjs.org/destroy 1ms (cache hit)
5460 silly packumentCache full:https://registry.npmjs.org/destroy set size:15738 disposed:false
5461 silly fetch manifest raw-body@~2.5.3
5462 silly packumentCache full:https://registry.npmjs.org/raw-body cache-miss
5463 http fetch GET 200 https://registry.npmjs.org/raw-body 1ms (cache hit)
5464 silly packumentCache full:https://registry.npmjs.org/raw-body set size:117822 disposed:false
5465 silly fetch manifest iconv-lite@~0.4.24
5466 silly packumentCache full:https://registry.npmjs.org/iconv-lite cache-miss
5467 http fetch GET 200 https://registry.npmjs.org/iconv-lite 1ms (cache hit)
5468 silly packumentCache full:https://registry.npmjs.org/iconv-lite set size:120557 disposed:false
5469 silly fetch manifest http-errors@~2.0.1
5470 silly packumentCache full:https://registry.npmjs.org/http-errors cache-hit
5471 silly fetch manifest content-type@~1.0.5
5472 silly packumentCache full:https://registry.npmjs.org/content-type cache-hit
5473 silly fetch manifest statuses@~2.0.2
5474 silly packumentCache full:https://registry.npmjs.org/statuses cache-hit
5475 silly fetch manifest inherits@~2.0.4
5476 silly packumentCache full:https://registry.npmjs.org/inherits cache-miss
5477 http fetch GET 200 https://registry.npmjs.org/inherits 2ms (cache hit)
5478 silly packumentCache full:https://registry.npmjs.org/inherits set size:12925 disposed:false
5479 silly fetch manifest setprototypeof@~1.2.0
5480 silly packumentCache full:https://registry.npmjs.org/setprototypeof cache-hit
5481 silly fetch manifest toidentifier@~1.0.1
5482 silly packumentCache full:https://registry.npmjs.org/toidentifier cache-miss
5483 http fetch GET 200 https://registry.npmjs.org/toidentifier 3ms (cache hit)
5484 silly packumentCache full:https://registry.npmjs.org/toidentifier set size:12006 disposed:false
5485 silly fetch manifest ee-first@1.1.1
5486 silly packumentCache full:https://registry.npmjs.org/ee-first cache-miss
5487 http fetch GET 200 https://registry.npmjs.org/ee-first 1ms (cache hit)
5488 silly packumentCache full:https://registry.npmjs.org/ee-first set size:15327 disposed:false
5489 silly fetch manifest forwarded@0.2.0
5490 silly packumentCache full:https://registry.npmjs.org/forwarded cache-miss
5491 http fetch GET 200 https://registry.npmjs.org/forwarded 2ms (cache hit)
5492 silly packumentCache full:https://registry.npmjs.org/forwarded set size:11229 disposed:false
5493 silly fetch manifest ipaddr.js@1.9.1
5494 silly packumentCache full:https://registry.npmjs.org/ipaddr.js cache-hit
5495 silly fetch manifest side-channel@^1.1.0
5496 silly packumentCache full:https://registry.npmjs.org/side-channel cache-miss
5497 http fetch GET 200 https://registry.npmjs.org/side-channel 2ms (cache hit)
5498 silly packumentCache full:https://registry.npmjs.org/side-channel set size:24660 disposed:false
5499 silly fetch manifest mime@1.6.0
5500 silly packumentCache full:https://registry.npmjs.org/mime cache-miss
5501 http fetch GET 200 https://registry.npmjs.org/mime 2ms (cache hit)
5502 silly packumentCache full:https://registry.npmjs.org/mime set size:119236 disposed:false
5503 silly fetch manifest destroy@1.2.0
5504 silly packumentCache full:https://registry.npmjs.org/destroy cache-hit
5505 silly fetch manifest mime-types@~2.1.24
5506 silly packumentCache full:https://registry.npmjs.org/mime-types cache-hit
5507 silly fetch manifest media-typer@0.3.0
5508 silly packumentCache full:https://registry.npmjs.org/media-typer cache-miss
5509 http fetch GET 200 https://registry.npmjs.org/media-typer 3ms (cache hit)
5510 silly packumentCache full:https://registry.npmjs.org/media-typer set size:20873 disposed:false
5511 silly placeDep node_modules/accepts mime-types@2.1.35 OK for: accepts@1.3.8 want: ~2.1.34
5512 silly placeDep node_modules/accepts negotiator@0.6.3 OK for: accepts@1.3.8 want: 0.6.3
5513 silly placeDep node_modules/body-parser bytes@3.1.2 OK for: body-parser@1.20.4 want: ~3.1.2
5514 silly placeDep node_modules/body-parser debug@2.6.9 OK for: body-parser@1.20.4 want: 2.6.9
5515 silly placeDep ROOT destroy@1.2.0 OK for: body-parser@1.20.4 want: ~1.2.0
5516 silly placeDep ROOT iconv-lite@0.4.24 OK for: body-parser@1.20.4 want: ~0.4.24
5517 silly placeDep ROOT raw-body@2.5.3 OK for: body-parser@1.20.4 want: ~2.5.3
5518 silly placeDep ROOT unpipe@1.0.0 OK for: body-parser@1.20.4 want: ~1.0.0
5519 silly fetch manifest safer-buffer@>= 2.1.2 < 3
5520 silly packumentCache full:https://registry.npmjs.org/safer-buffer cache-miss
5521 http fetch GET 200 https://registry.npmjs.org/safer-buffer 1ms (cache hit)
5522 silly packumentCache full:https://registry.npmjs.org/safer-buffer set size:18521 disposed:false
5523 silly placeDep node_modules/finalhandler debug@2.6.9 OK for: finalhandler@1.3.2 want: 2.6.9
5524 silly placeDep ROOT inherits@2.0.4 OK for: http-errors@2.0.1 want: ~2.0.4
5525 silly placeDep ROOT toidentifier@1.0.1 OK for: http-errors@2.0.1 want: ~1.0.1
5526 silly placeDep ROOT @types/http-proxy@1.17.17 OK for: http-proxy-middleware@2.0.9 want: ^1.17.8
5527 silly placeDep ROOT http-proxy@1.18.1 OK for: http-proxy-middleware@2.0.9 want: ^1.18.1
5528 silly placeDep node_modules/http-proxy-middleware is-plain-obj@3.0.0 OK for: http-proxy-middleware@2.0.9 want: ^3.0.0
5529 silly fetch manifest requires-port@^1.0.0
5530 silly packumentCache full:https://registry.npmjs.org/requires-port cache-miss
5531 http fetch GET 200 https://registry.npmjs.org/requires-port 2ms (cache hit)
5532 silly packumentCache full:https://registry.npmjs.org/requires-port set size:8110 disposed:false
5533 silly fetch manifest follow-redirects@^1.0.0
5534 silly packumentCache full:https://registry.npmjs.org/follow-redirects cache-miss
5535 http fetch GET 200 https://registry.npmjs.org/follow-redirects 2ms (cache hit)
5536 silly packumentCache full:https://registry.npmjs.org/follow-redirects set size:186700 disposed:false
5537 silly placeDep ROOT follow-redirects@1.15.11 OK for: http-proxy@1.18.1 want: ^1.0.0
5538 silly placeDep ROOT requires-port@1.0.0 OK for: http-proxy@1.18.1 want: ^1.0.0
5539 silly placeDep ROOT safer-buffer@2.1.2 OK for: iconv-lite@0.4.24 want: >= 2.1.2 < 3
5540 silly placeDep ROOT shell-quote@1.8.3 OK for: launch-editor@2.13.2 want: ^1.8.3
5541 silly placeDep ROOT dns-packet@5.6.1 OK for: multicast-dns@7.2.5 want: ^5.2.2
5542 silly placeDep ROOT thunky@1.1.0 OK for: multicast-dns@7.2.5 want: ^1.0.2
5543 silly fetch manifest @leichtgewicht/ip-codec@^2.0.1
5544 silly packumentCache full:https://registry.npmjs.org/@leichtgewicht%2fip-codec cache-miss
5545 http fetch GET 200 https://registry.npmjs.org/@leichtgewicht%2fip-codec 1ms (cache hit)
5546 silly packumentCache full:https://registry.npmjs.org/@leichtgewicht%2fip-codec set size:20495 disposed:false
5547 silly placeDep ROOT @leichtgewicht/ip-codec@2.0.5 OK for: dns-packet@5.6.1 want: ^2.0.1
5548 silly placeDep ROOT ee-first@1.1.1 OK for: on-finished@2.4.1 want: 1.1.1
5549 silly placeDep ROOT @types/retry@0.12.2 OK for: p-retry@6.2.1 want: 0.12.2
5550 silly placeDep ROOT is-network-error@1.3.1 OK for: p-retry@6.2.1 want: ^1.0.0
5551 silly placeDep ROOT retry@0.13.1 OK for: p-retry@6.2.1 want: ^0.13.1
5552 silly placeDep ROOT forwarded@0.2.0 OK for: proxy-addr@2.0.7 want: 0.2.0
5553 silly placeDep node_modules/proxy-addr ipaddr.js@1.9.1 OK for: proxy-addr@2.0.7 want: 1.9.1
5554 silly placeDep ROOT side-channel@1.1.0 OK for: qs@6.14.2 want: ^1.1.0
5555 silly fetch manifest object-inspect@^1.13.3
5556 silly packumentCache full:https://registry.npmjs.org/object-inspect cache-miss
5557 http fetch GET 200 https://registry.npmjs.org/object-inspect 1ms (cache hit)
5558 silly packumentCache full:https://registry.npmjs.org/object-inspect set size:101912 disposed:false
5559 silly fetch manifest side-channel-list@^1.0.0
5560 silly packumentCache full:https://registry.npmjs.org/side-channel-list cache-miss
5561 http fetch GET 200 https://registry.npmjs.org/side-channel-list 3ms (cache hit)
5562 silly packumentCache full:https://registry.npmjs.org/side-channel-list set size:6005 disposed:false
5563 silly fetch manifest side-channel-map@^1.0.1
5564 silly packumentCache full:https://registry.npmjs.org/side-channel-map cache-miss
5565 http fetch GET 200 https://registry.npmjs.org/side-channel-map 1ms (cache hit)
5566 silly packumentCache full:https://registry.npmjs.org/side-channel-map set size:9126 disposed:false
5567 silly fetch manifest side-channel-weakmap@^1.0.2
5568 silly packumentCache full:https://registry.npmjs.org/side-channel-weakmap cache-miss
5569 http fetch GET 200 https://registry.npmjs.org/side-channel-weakmap 1ms (cache hit)
5570 silly packumentCache full:https://registry.npmjs.org/side-channel-weakmap set size:12620 disposed:false
5571 silly placeDep node_modules/raw-body bytes@3.1.2 OK for: raw-body@2.5.3 want: ~3.1.2
5572 silly placeDep ROOT @peculiar/x509@1.14.3 OK for: selfsigned@5.5.0 want: ^1.14.2
5573 silly placeDep ROOT pkijs@3.4.0 OK for: selfsigned@5.5.0 want: ^3.3.3
5574 silly fetch manifest tsyringe@^4.10.0
5575 silly packumentCache full:https://registry.npmjs.org/tsyringe cache-miss
5576 http fetch GET 200 https://registry.npmjs.org/tsyringe 2ms (cache hit)
5577 silly packumentCache full:https://registry.npmjs.org/tsyringe set size:107081 disposed:false
5578 silly fetch manifest pvtsutils@^1.3.6
5579 silly packumentCache full:https://registry.npmjs.org/pvtsutils cache-miss
5580 http fetch GET 200 https://registry.npmjs.org/pvtsutils 2ms (cache hit)
5581 silly packumentCache full:https://registry.npmjs.org/pvtsutils set size:111560 disposed:false
5582 silly fetch manifest reflect-metadata@^0.2.2
5583 silly packumentCache full:https://registry.npmjs.org/reflect-metadata cache-miss
5584 http fetch GET 200 https://registry.npmjs.org/reflect-metadata 2ms (cache hit)
5585 silly packumentCache full:https://registry.npmjs.org/reflect-metadata set size:61305 disposed:false
5586 silly fetch manifest @peculiar/asn1-cms@^2.6.0
5587 silly packumentCache full:https://registry.npmjs.org/@peculiar%2fasn1-cms cache-miss
5588 http fetch GET 200 https://registry.npmjs.org/@peculiar%2fasn1-cms 2ms (cache hit)
5589 silly packumentCache full:https://registry.npmjs.org/@peculiar%2fasn1-cms set size:182488 disposed:false
5590 silly fetch manifest @peculiar/asn1-csr@^2.6.0
5591 silly packumentCache full:https://registry.npmjs.org/@peculiar%2fasn1-csr cache-miss
5592 http fetch GET 200 https://registry.npmjs.org/@peculiar%2fasn1-csr 1ms (cache hit)
5593 silly packumentCache full:https://registry.npmjs.org/@peculiar%2fasn1-csr set size:163478 disposed:false
5594 silly fetch manifest @peculiar/asn1-ecc@^2.6.0
5595 silly packumentCache full:https://registry.npmjs.org/@peculiar%2fasn1-ecc cache-miss
5596 http fetch GET 200 https://registry.npmjs.org/@peculiar%2fasn1-ecc 3ms (cache hit)
5597 silly packumentCache full:https://registry.npmjs.org/@peculiar%2fasn1-ecc set size:140806 disposed:false
5598 silly fetch manifest @peculiar/asn1-rsa@^2.6.0
5599 silly packumentCache full:https://registry.npmjs.org/@peculiar%2fasn1-rsa cache-miss
5600 http fetch GET 200 https://registry.npmjs.org/@peculiar%2fasn1-rsa 3ms (cache hit)
5601 silly packumentCache full:https://registry.npmjs.org/@peculiar%2fasn1-rsa set size:165696 disposed:false
5602 silly fetch manifest @peculiar/asn1-x509@^2.6.0
5603 silly packumentCache full:https://registry.npmjs.org/@peculiar%2fasn1-x509 cache-miss
5604 http fetch GET 200 https://registry.npmjs.org/@peculiar%2fasn1-x509 1ms (cache hit)
5605 silly packumentCache full:https://registry.npmjs.org/@peculiar%2fasn1-x509 set size:167091 disposed:false
5606 silly fetch manifest @peculiar/asn1-pkcs9@^2.6.0
5607 silly packumentCache full:https://registry.npmjs.org/@peculiar%2fasn1-pkcs9 cache-miss
5608 http fetch GET 200 https://registry.npmjs.org/@peculiar%2fasn1-pkcs9 2ms (cache hit)
5609 silly packumentCache full:https://registry.npmjs.org/@peculiar%2fasn1-pkcs9 set size:135854 disposed:false
5610 silly fetch manifest @peculiar/asn1-schema@^2.6.0
5611 silly packumentCache full:https://registry.npmjs.org/@peculiar%2fasn1-schema cache-miss
5612 http fetch GET 200 https://registry.npmjs.org/@peculiar%2fasn1-schema 1ms (cache hit)
5613 silly packumentCache full:https://registry.npmjs.org/@peculiar%2fasn1-schema set size:154340 disposed:false
5614 silly fetch manifest @noble/hashes@1.4.0
5615 silly packumentCache full:https://registry.npmjs.org/@noble%2fhashes cache-miss
5616 http fetch GET 200 https://registry.npmjs.org/@noble%2fhashes 2ms (cache hit)
5617 silly packumentCache full:https://registry.npmjs.org/@noble%2fhashes set size:214622 disposed:false
5618 silly fetch manifest asn1js@^3.0.6
5619 silly packumentCache full:https://registry.npmjs.org/asn1js cache-miss
5620 http fetch GET 200 https://registry.npmjs.org/asn1js 2ms (cache hit)
5621 silly packumentCache full:https://registry.npmjs.org/asn1js set size:121714 disposed:false
5622 silly fetch manifest bytestreamjs@^2.0.1
5623 silly packumentCache full:https://registry.npmjs.org/bytestreamjs cache-miss
5624 http fetch GET 200 https://registry.npmjs.org/bytestreamjs 2ms (cache hit)
5625 silly packumentCache full:https://registry.npmjs.org/bytestreamjs set size:132679 disposed:false
5626 silly fetch manifest pvutils@^1.1.3
5627 silly packumentCache full:https://registry.npmjs.org/pvutils cache-miss
5628 http fetch GET 200 https://registry.npmjs.org/pvutils 2ms (cache hit)
5629 silly packumentCache full:https://registry.npmjs.org/pvutils set size:52835 disposed:false
5630 silly placeDep ROOT @peculiar/asn1-cms@2.6.1 OK for: @peculiar/x509@1.14.3 want: ^2.6.0
5631 silly placeDep ROOT @peculiar/asn1-csr@2.6.1 OK for: @peculiar/x509@1.14.3 want: ^2.6.0
5632 silly placeDep ROOT @peculiar/asn1-ecc@2.6.1 OK for: @peculiar/x509@1.14.3 want: ^2.6.0
5633 silly placeDep ROOT @peculiar/asn1-pkcs9@2.6.1 OK for: @peculiar/x509@1.14.3 want: ^2.6.0
5634 silly placeDep ROOT @peculiar/asn1-rsa@2.6.1 OK for: @peculiar/x509@1.14.3 want: ^2.6.0
5635 silly placeDep ROOT @peculiar/asn1-schema@2.6.0 OK for: @peculiar/x509@1.14.3 want: ^2.6.0
5636 silly placeDep ROOT @peculiar/asn1-x509@2.6.1 OK for: @peculiar/x509@1.14.3 want: ^2.6.0
5637 silly placeDep ROOT pvtsutils@1.3.6 OK for: @peculiar/x509@1.14.3 want: ^1.3.6
5638 silly placeDep ROOT reflect-metadata@0.2.2 OK for: @peculiar/x509@1.14.3 want: ^0.2.2
5639 silly placeDep ROOT tsyringe@4.10.0 OK for: @peculiar/x509@1.14.3 want: ^4.10.0
5640 silly fetch manifest @peculiar/asn1-x509@^2.6.1
5641 silly packumentCache full:https://registry.npmjs.org/@peculiar%2fasn1-x509 cache-hit
5642 silly fetch manifest @peculiar/asn1-x509-attr@^2.6.1
5643 silly packumentCache full:https://registry.npmjs.org/@peculiar%2fasn1-x509-attr cache-miss
5644 http fetch GET 200 https://registry.npmjs.org/@peculiar%2fasn1-x509-attr 3ms (cache hit)
5645 silly packumentCache full:https://registry.npmjs.org/@peculiar%2fasn1-x509-attr set size:167095 disposed:false
5646 silly fetch manifest @peculiar/asn1-pfx@^2.6.1
5647 silly packumentCache full:https://registry.npmjs.org/@peculiar%2fasn1-pfx cache-miss
5648 http fetch GET 200 https://registry.npmjs.org/@peculiar%2fasn1-pfx 2ms (cache hit)
5649 silly packumentCache full:https://registry.npmjs.org/@peculiar%2fasn1-pfx set size:185546 disposed:false
5650 silly fetch manifest @peculiar/asn1-pkcs8@^2.6.1
5651 silly packumentCache full:https://registry.npmjs.org/@peculiar%2fasn1-pkcs8 cache-miss
5652 http fetch GET 200 https://registry.npmjs.org/@peculiar%2fasn1-pkcs8 2ms (cache hit)
5653 silly packumentCache full:https://registry.npmjs.org/@peculiar%2fasn1-pkcs8 set size:165895 disposed:false
5654 silly fetch manifest tslib@^1.9.3
5655 silly packumentCache full:https://registry.npmjs.org/tslib cache-hit
5656 silly placeDep ROOT @peculiar/asn1-x509-attr@2.6.1 OK for: @peculiar/asn1-cms@2.6.1 want: ^2.6.1
5657 silly placeDep ROOT asn1js@3.0.7 OK for: @peculiar/asn1-cms@2.6.1 want: ^3.0.6
5658 silly placeDep ROOT @peculiar/asn1-pfx@2.6.1 OK for: @peculiar/asn1-pkcs9@2.6.1 want: ^2.6.1
5659 silly placeDep ROOT @peculiar/asn1-pkcs8@2.6.1 OK for: @peculiar/asn1-pkcs9@2.6.1 want: ^2.6.1
5660 silly placeDep ROOT pvutils@1.1.5 OK for: asn1js@3.0.7 want: ^1.1.3
5661 silly placeDep ROOT @noble/hashes@1.4.0 OK for: pkijs@3.4.0 want: 1.4.0
5662 silly placeDep ROOT bytestreamjs@2.0.1 OK for: pkijs@3.4.0 want: ^2.0.1
5663 silly placeDep node_modules/send debug@2.6.9 OK for: send@0.19.2 want: 2.6.9
5664 silly placeDep ROOT mime@1.6.0 OK for: send@0.19.2 want: 1.6.0
5665 silly placeDep node_modules/send range-parser@1.2.1 OK for: send@0.19.2 want: ~1.2.1
5666 silly placeDep ROOT batch@0.6.1 OK for: serve-index@1.9.2 want: 0.6.1
5667 silly placeDep node_modules/serve-index debug@2.6.9 OK for: serve-index@1.9.2 want: 2.6.9
5668 silly placeDep node_modules/serve-index http-errors@1.8.1 OK for: serve-index@1.9.2 want: ~1.8.0
5669 silly placeDep node_modules/serve-index mime-types@2.1.35 OK for: serve-index@1.9.2 want: ~2.1.35
5670 silly fetch manifest depd@~1.1.2
5671 silly packumentCache full:https://registry.npmjs.org/depd cache-hit
5672 silly fetch manifest statuses@>= 1.5.0 < 2
5673 silly packumentCache full:https://registry.npmjs.org/statuses cache-hit
5674 silly placeDep ROOT object-inspect@1.13.4 OK for: side-channel@1.1.0 want: ^1.13.3
5675 silly placeDep ROOT side-channel-list@1.0.0 OK for: side-channel@1.1.0 want: ^1.0.0
5676 silly placeDep ROOT side-channel-map@1.0.1 OK for: side-channel@1.1.0 want: ^1.0.1
5677 silly placeDep ROOT side-channel-weakmap@1.0.2 OK for: side-channel@1.1.0 want: ^1.0.2
5678 silly placeDep ROOT faye-websocket@0.11.4 OK for: sockjs@0.3.24 want: ^0.11.3
5679 silly placeDep ROOT uuid@8.3.2 OK for: sockjs@0.3.24 want: ^8.3.2
5680 silly placeDep ROOT websocket-driver@0.7.4 OK for: sockjs@0.3.24 want: ^0.7.4
5681 silly fetch manifest websocket-driver@>=0.5.1
5682 silly packumentCache full:https://registry.npmjs.org/websocket-driver cache-hit
5683 silly fetch manifest http-parser-js@>=0.5.1
5684 silly packumentCache full:https://registry.npmjs.org/http-parser-js cache-miss
5685 http fetch GET 200 https://registry.npmjs.org/http-parser-js 2ms (cache hit)
5686 silly packumentCache full:https://registry.npmjs.org/http-parser-js set size:68161 disposed:false
5687 silly fetch manifest websocket-extensions@>=0.1.1
5688 silly packumentCache full:https://registry.npmjs.org/websocket-extensions cache-miss
5689 http fetch GET 200 https://registry.npmjs.org/websocket-extensions 1ms (cache hit)
5690 silly packumentCache full:https://registry.npmjs.org/websocket-extensions set size:22792 disposed:false
5691 silly placeDep ROOT handle-thing@2.0.1 OK for: spdy@4.0.2 want: ^2.0.0
5692 silly placeDep ROOT http-deceiver@1.2.7 OK for: spdy@4.0.2 want: ^1.2.7
5693 silly placeDep ROOT select-hose@2.0.0 OK for: spdy@4.0.2 want: ^2.0.0
5694 silly placeDep ROOT spdy-transport@3.0.0 OK for: spdy@4.0.2 want: ^3.0.0
5695 silly fetch manifest detect-node@^2.0.4
5696 silly packumentCache full:https://registry.npmjs.org/detect-node cache-miss
5697 http fetch GET 200 https://registry.npmjs.org/detect-node 1ms (cache hit)
5698 silly packumentCache full:https://registry.npmjs.org/detect-node set size:14548 disposed:false
5699 silly fetch manifest hpack.js@^2.1.6
5700 silly packumentCache full:https://registry.npmjs.org/hpack.js cache-miss
5701 http fetch GET 200 https://registry.npmjs.org/hpack.js 2ms (cache hit)
5702 silly packumentCache full:https://registry.npmjs.org/hpack.js set size:15353 disposed:false
5703 silly fetch manifest obuf@^1.1.2
5704 silly packumentCache full:https://registry.npmjs.org/obuf cache-miss
5705 http fetch GET 200 https://registry.npmjs.org/obuf 2ms (cache hit)
5706 silly packumentCache full:https://registry.npmjs.org/obuf set size:14024 disposed:false
5707 silly fetch manifest readable-stream@^3.0.6
5708 silly packumentCache full:https://registry.npmjs.org/readable-stream cache-miss
5709 http fetch GET 200 https://registry.npmjs.org/readable-stream 2ms (cache hit)
5710 silly packumentCache full:https://registry.npmjs.org/readable-stream set size:261096 disposed:false
5711 silly fetch manifest wbuf@^1.7.3
5712 silly packumentCache full:https://registry.npmjs.org/wbuf cache-miss
5713 http fetch GET 200 https://registry.npmjs.org/wbuf 2ms (cache hit)
5714 silly packumentCache full:https://registry.npmjs.org/wbuf set size:20540 disposed:false
5715 silly placeDep ROOT detect-node@2.1.0 OK for: spdy-transport@3.0.0 want: ^2.0.4
5716 silly placeDep ROOT hpack.js@2.1.6 OK for: spdy-transport@3.0.0 want: ^2.1.6
5717 silly placeDep ROOT obuf@1.1.2 OK for: spdy-transport@3.0.0 want: ^1.1.2
5718 silly placeDep ROOT readable-stream@3.6.2 OK for: spdy-transport@3.0.0 want: ^3.0.6
5719 silly placeDep ROOT wbuf@1.7.3 OK for: spdy-transport@3.0.0 want: ^1.7.3
5720 silly fetch manifest obuf@^1.0.0
5721 silly packumentCache full:https://registry.npmjs.org/obuf cache-hit
5722 silly fetch manifest readable-stream@^2.0.1
5723 silly packumentCache full:https://registry.npmjs.org/readable-stream cache-hit
5724 silly fetch manifest wbuf@^1.1.0
5725 silly packumentCache full:https://registry.npmjs.org/wbuf cache-hit
5726 silly fetch manifest string_decoder@^1.1.1
5727 silly packumentCache full:https://registry.npmjs.org/string_decoder cache-miss
5728 http fetch GET 200 https://registry.npmjs.org/string_decoder 2ms (cache hit)
5729 silly packumentCache full:https://registry.npmjs.org/string_decoder set size:28441 disposed:false
5730 silly fetch manifest minimalistic-assert@^1.0.0
5731 silly packumentCache full:https://registry.npmjs.org/minimalistic-assert cache-miss
5732 http fetch GET 200 https://registry.npmjs.org/minimalistic-assert 2ms (cache hit)
5733 silly packumentCache full:https://registry.npmjs.org/minimalistic-assert set size:3465 disposed:false
5734 silly placeDep node_modules/hpack.js readable-stream@2.3.8 OK for: hpack.js@2.1.6 want: ^2.0.1
5735 silly fetch manifest isarray@~1.0.0
5736 silly packumentCache full:https://registry.npmjs.org/isarray cache-hit
5737 silly fetch manifest safe-buffer@~5.1.1
5738 silly packumentCache full:https://registry.npmjs.org/safe-buffer cache-hit
5739 silly fetch manifest core-util-is@~1.0.0
5740 silly packumentCache full:https://registry.npmjs.org/core-util-is cache-miss
5741 http fetch GET 200 https://registry.npmjs.org/core-util-is 1ms (cache hit)
5742 silly packumentCache full:https://registry.npmjs.org/core-util-is set size:7163 disposed:false
5743 silly fetch manifest string_decoder@~1.1.1
5744 silly packumentCache full:https://registry.npmjs.org/string_decoder cache-hit
5745 silly fetch manifest process-nextick-args@~2.0.0
5746 silly packumentCache full:https://registry.npmjs.org/process-nextick-args cache-miss
5747 http fetch GET 200 https://registry.npmjs.org/process-nextick-args 1ms (cache hit)
5748 silly packumentCache full:https://registry.npmjs.org/process-nextick-args set size:15428 disposed:false
5749 silly placeDep ROOT string_decoder@1.3.0 OK for: readable-stream@3.6.2 want: ^1.1.1
5750 silly placeDep node_modules/tsyringe tslib@1.14.1 OK for: tsyringe@4.10.0 want: ^1.9.3
5751 silly placeDep ROOT media-typer@0.3.0 OK for: type-is@1.6.18 want: 0.3.0
5752 silly placeDep node_modules/type-is mime-types@2.1.35 OK for: type-is@1.6.18 want: ~2.1.24
5753 silly placeDep ROOT minimalistic-assert@1.0.1 OK for: wbuf@1.7.3 want: ^1.0.0
5754 silly placeDep ROOT memfs@4.57.1 OK for: webpack-dev-middleware@7.4.5 want: ^4.43.1
5755 silly placeDep node_modules/webpack-dev-middleware mime-types@3.0.2 OK for: webpack-dev-middleware@7.4.5 want: ^3.0.1
5756 silly placeDep node_modules/webpack-dev-middleware range-parser@1.2.1 OK for: webpack-dev-middleware@7.4.5 want: ^1.2.1
5757 silly fetch manifest @jsonjoy.com/fs-core@4.57.1
5758 silly packumentCache full:https://registry.npmjs.org/@jsonjoy.com%2ffs-core cache-miss
5759 http fetch GET 200 https://registry.npmjs.org/@jsonjoy.com%2ffs-core 3ms (cache hit)
5760 silly packumentCache full:https://registry.npmjs.org/@jsonjoy.com%2ffs-core set size:34251 disposed:false
5761 silly fetch manifest @jsonjoy.com/fs-fsa@4.57.1
5762 silly packumentCache full:https://registry.npmjs.org/@jsonjoy.com%2ffs-fsa cache-miss
5763 http fetch GET 200 https://registry.npmjs.org/@jsonjoy.com%2ffs-fsa 2ms (cache hit)
5764 silly packumentCache full:https://registry.npmjs.org/@jsonjoy.com%2ffs-fsa set size:34978 disposed:false
5765 silly fetch manifest @jsonjoy.com/fs-node@4.57.1
5766 silly packumentCache full:https://registry.npmjs.org/@jsonjoy.com%2ffs-node cache-miss
5767 http fetch GET 200 https://registry.npmjs.org/@jsonjoy.com%2ffs-node 2ms (cache hit)
5768 silly packumentCache full:https://registry.npmjs.org/@jsonjoy.com%2ffs-node set size:35446 disposed:false
5769 silly fetch manifest @jsonjoy.com/fs-node-builtins@4.57.1
5770 silly packumentCache full:https://registry.npmjs.org/@jsonjoy.com%2ffs-node-builtins cache-miss
5771 http fetch GET 200 https://registry.npmjs.org/@jsonjoy.com%2ffs-node-builtins 2ms (cache hit)
5772 silly packumentCache full:https://registry.npmjs.org/@jsonjoy.com%2ffs-node-builtins set size:30572 disposed:false
5773 silly fetch manifest @jsonjoy.com/fs-node-to-fsa@4.57.1
5774 silly packumentCache full:https://registry.npmjs.org/@jsonjoy.com%2ffs-node-to-fsa cache-miss
5775 http fetch GET 200 https://registry.npmjs.org/@jsonjoy.com%2ffs-node-to-fsa 2ms (cache hit)
5776 silly packumentCache full:https://registry.npmjs.org/@jsonjoy.com%2ffs-node-to-fsa set size:32578 disposed:false
5777 silly fetch manifest @jsonjoy.com/fs-node-utils@4.57.1
5778 silly packumentCache full:https://registry.npmjs.org/@jsonjoy.com%2ffs-node-utils cache-miss
5779 http fetch GET 200 https://registry.npmjs.org/@jsonjoy.com%2ffs-node-utils 1ms (cache hit)
5780 silly packumentCache full:https://registry.npmjs.org/@jsonjoy.com%2ffs-node-utils set size:31194 disposed:false
5781 silly fetch manifest @jsonjoy.com/fs-print@4.57.1
5782 silly packumentCache full:https://registry.npmjs.org/@jsonjoy.com%2ffs-print cache-miss
5783 http fetch GET 200 https://registry.npmjs.org/@jsonjoy.com%2ffs-print 2ms (cache hit)
5784 silly packumentCache full:https://registry.npmjs.org/@jsonjoy.com%2ffs-print set size:31517 disposed:false
5785 silly fetch manifest @jsonjoy.com/fs-snapshot@4.57.1
5786 silly packumentCache full:https://registry.npmjs.org/@jsonjoy.com%2ffs-snapshot cache-miss
5787 http fetch GET 200 https://registry.npmjs.org/@jsonjoy.com%2ffs-snapshot 3ms (cache hit)
5788 silly packumentCache full:https://registry.npmjs.org/@jsonjoy.com%2ffs-snapshot set size:34232 disposed:false
5789 silly fetch manifest @jsonjoy.com/json-pack@^1.11.0
5790 silly packumentCache full:https://registry.npmjs.org/@jsonjoy.com%2fjson-pack cache-miss
5791 http fetch GET 200 https://registry.npmjs.org/@jsonjoy.com%2fjson-pack 1ms (cache hit)
5792 silly packumentCache full:https://registry.npmjs.org/@jsonjoy.com%2fjson-pack set size:168318 disposed:false
5793 silly fetch manifest @jsonjoy.com/util@^1.9.0
5794 silly packumentCache full:https://registry.npmjs.org/@jsonjoy.com%2futil cache-miss
5795 http fetch GET 200 https://registry.npmjs.org/@jsonjoy.com%2futil 2ms (cache hit)
5796 silly packumentCache full:https://registry.npmjs.org/@jsonjoy.com%2futil set size:77746 disposed:false
5797 silly fetch manifest glob-to-regex.js@^1.0.1
5798 silly packumentCache full:https://registry.npmjs.org/glob-to-regex.js cache-miss
5799 http fetch GET 200 https://registry.npmjs.org/glob-to-regex.js 46ms (cache hit)
5800 silly packumentCache full:https://registry.npmjs.org/glob-to-regex.js set size:13062 disposed:false
5801 silly fetch manifest thingies@^2.5.0
5802 silly packumentCache full:https://registry.npmjs.org/thingies cache-miss
5803 http fetch GET 200 https://registry.npmjs.org/thingies 20ms (cache hit)
5804 silly packumentCache full:https://registry.npmjs.org/thingies set size:123554 disposed:false
5805 silly fetch manifest tree-dump@^1.0.3
5806 silly packumentCache full:https://registry.npmjs.org/tree-dump cache-miss
5807 http fetch GET 200 https://registry.npmjs.org/tree-dump 1ms (cache hit)
5808 silly packumentCache full:https://registry.npmjs.org/tree-dump set size:17522 disposed:false
5809 silly fetch manifest mime-db@^1.54.0
5810 silly packumentCache full:https://registry.npmjs.org/mime-db cache-hit
5811 silly placeDep ROOT @jsonjoy.com/fs-core@4.57.1 OK for: memfs@4.57.1 want: 4.57.1
5812 silly placeDep ROOT @jsonjoy.com/fs-fsa@4.57.1 OK for: memfs@4.57.1 want: 4.57.1
5813 silly placeDep ROOT @jsonjoy.com/fs-node@4.57.1 OK for: memfs@4.57.1 want: 4.57.1
5814 silly placeDep ROOT @jsonjoy.com/fs-node-builtins@4.57.1 OK for: memfs@4.57.1 want: 4.57.1
5815 silly placeDep ROOT @jsonjoy.com/fs-node-to-fsa@4.57.1 OK for: memfs@4.57.1 want: 4.57.1
5816 silly placeDep ROOT @jsonjoy.com/fs-node-utils@4.57.1 OK for: memfs@4.57.1 want: 4.57.1
5817 silly placeDep ROOT @jsonjoy.com/fs-print@4.57.1 OK for: memfs@4.57.1 want: 4.57.1
5818 silly placeDep ROOT @jsonjoy.com/fs-snapshot@4.57.1 OK for: memfs@4.57.1 want: 4.57.1
5819 silly placeDep ROOT @jsonjoy.com/json-pack@1.21.0 OK for: memfs@4.57.1 want: ^1.11.0
5820 silly placeDep ROOT @jsonjoy.com/util@1.9.0 OK for: memfs@4.57.1 want: ^1.9.0
5821 silly placeDep ROOT glob-to-regex.js@1.2.0 OK for: memfs@4.57.1 want: ^1.0.1
5822 silly placeDep ROOT thingies@2.6.0 OK for: memfs@4.57.1 want: ^2.5.0
5823 silly placeDep ROOT tree-dump@1.1.0 OK for: memfs@4.57.1 want: ^1.0.3
5824 silly fetch manifest glob-to-regex.js@^1.0.0
5825 silly packumentCache full:https://registry.npmjs.org/glob-to-regex.js cache-hit
5826 silly fetch manifest tree-dump@^1.1.0
5827 silly packumentCache full:https://registry.npmjs.org/tree-dump cache-hit
5828 silly fetch manifest @jsonjoy.com/buffers@^17.65.0
5829 silly packumentCache full:https://registry.npmjs.org/@jsonjoy.com%2fbuffers cache-miss
5830 http fetch GET 200 https://registry.npmjs.org/@jsonjoy.com%2fbuffers 2ms (cache hit)
5831 silly packumentCache full:https://registry.npmjs.org/@jsonjoy.com%2fbuffers set size:51741 disposed:false
5832 silly fetch manifest @jsonjoy.com/json-pack@^17.65.0
5833 silly packumentCache full:https://registry.npmjs.org/@jsonjoy.com%2fjson-pack cache-hit
5834 silly fetch manifest @jsonjoy.com/util@^17.65.0
5835 silly packumentCache full:https://registry.npmjs.org/@jsonjoy.com%2futil cache-hit
5836 silly fetch manifest hyperdyperid@^1.2.0
5837 silly packumentCache full:https://registry.npmjs.org/hyperdyperid cache-miss
5838 http fetch GET 200 https://registry.npmjs.org/hyperdyperid 1ms (cache hit)
5839 silly packumentCache full:https://registry.npmjs.org/hyperdyperid set size:15077 disposed:false
5840 silly fetch manifest @jsonjoy.com/base64@^1.1.2
5841 silly packumentCache full:https://registry.npmjs.org/@jsonjoy.com%2fbase64 cache-miss
5842 http fetch GET 200 https://registry.npmjs.org/@jsonjoy.com%2fbase64 1ms (cache hit)
5843 silly packumentCache full:https://registry.npmjs.org/@jsonjoy.com%2fbase64 set size:38711 disposed:false
5844 silly fetch manifest @jsonjoy.com/buffers@^1.2.0
5845 silly packumentCache full:https://registry.npmjs.org/@jsonjoy.com%2fbuffers cache-hit
5846 silly fetch manifest @jsonjoy.com/codegen@^1.0.0
5847 silly packumentCache full:https://registry.npmjs.org/@jsonjoy.com%2fcodegen cache-miss
5848 http fetch GET 200 https://registry.npmjs.org/@jsonjoy.com%2fcodegen 1ms (cache hit)
5849 silly packumentCache full:https://registry.npmjs.org/@jsonjoy.com%2fcodegen set size:35852 disposed:false
5850 silly fetch manifest @jsonjoy.com/json-pointer@^1.0.2
5851 silly packumentCache full:https://registry.npmjs.org/@jsonjoy.com%2fjson-pointer cache-miss
5852 http fetch GET 200 https://registry.npmjs.org/@jsonjoy.com%2fjson-pointer 1ms (cache hit)
5853 silly packumentCache full:https://registry.npmjs.org/@jsonjoy.com%2fjson-pointer set size:38206 disposed:false
5854 silly fetch manifest @jsonjoy.com/buffers@^1.0.0
5855 silly packumentCache full:https://registry.npmjs.org/@jsonjoy.com%2fbuffers cache-hit
5856 silly placeDep ROOT @jsonjoy.com/buffers@17.67.0 OK for: @jsonjoy.com/fs-snapshot@4.57.1 want: ^17.65.0
5857 silly placeDep node_modules/@jsonjoy.com/fs-snapshot @jsonjoy.com/json-pack@17.67.0 OK for: @jsonjoy.com/fs-snapshot@4.57.1 want: ^17.65.0
5858 silly placeDep node_modules/@jsonjoy.com/fs-snapshot @jsonjoy.com/util@17.67.0 OK for: @jsonjoy.com/fs-snapshot@4.57.1 want: ^17.65.0
5859 silly fetch manifest @jsonjoy.com/util@17.67.0
5860 silly packumentCache full:https://registry.npmjs.org/@jsonjoy.com%2futil cache-hit
5861 silly fetch manifest @jsonjoy.com/base64@17.67.0
5862 silly packumentCache full:https://registry.npmjs.org/@jsonjoy.com%2fbase64 cache-hit
5863 silly fetch manifest @jsonjoy.com/codegen@17.67.0
5864 silly packumentCache full:https://registry.npmjs.org/@jsonjoy.com%2fcodegen cache-hit
5865 silly fetch manifest @jsonjoy.com/json-pointer@17.67.0
5866 silly packumentCache full:https://registry.npmjs.org/@jsonjoy.com%2fjson-pointer cache-hit
5867 silly placeDep ROOT @jsonjoy.com/base64@1.1.2 OK for: @jsonjoy.com/json-pack@1.21.0 want: ^1.1.2
5868 silly placeDep node_modules/@jsonjoy.com/json-pack @jsonjoy.com/buffers@1.2.1 OK for: @jsonjoy.com/json-pack@1.21.0 want: ^1.2.0
5869 silly placeDep ROOT @jsonjoy.com/codegen@1.0.0 OK for: @jsonjoy.com/json-pack@1.21.0 want: ^1.0.0
5870 silly placeDep ROOT @jsonjoy.com/json-pointer@1.0.2 OK for: @jsonjoy.com/json-pack@1.21.0 want: ^1.0.2
5871 silly placeDep ROOT hyperdyperid@1.2.0 OK for: @jsonjoy.com/json-pack@1.21.0 want: ^1.2.0
5872 silly placeDep node_modules/@jsonjoy.com/util @jsonjoy.com/buffers@1.2.1 OK for: @jsonjoy.com/util@1.9.0 want: ^1.0.0
5873 silly placeDep ROOT clone-deep@4.0.1 OK for: webpack-merge@6.0.1 want: ^4.0.1
5874 silly placeDep ROOT flat@5.0.2 OK for: webpack-merge@6.0.1 want: ^5.0.2
5875 silly placeDep ROOT wildcard@2.0.1 OK for: webpack-merge@6.0.1 want: ^2.0.1
5876 silly fetch manifest is-plain-object@^2.0.4
5877 silly packumentCache full:https://registry.npmjs.org/is-plain-object cache-miss
5878 http fetch GET 200 https://registry.npmjs.org/is-plain-object 2ms (cache hit)
5879 silly packumentCache full:https://registry.npmjs.org/is-plain-object set size:47016 disposed:false
5880 silly fetch manifest shallow-clone@^3.0.0
5881 silly packumentCache full:https://registry.npmjs.org/shallow-clone cache-miss
5882 http fetch GET 200 https://registry.npmjs.org/shallow-clone 1ms (cache hit)
5883 silly packumentCache full:https://registry.npmjs.org/shallow-clone set size:24716 disposed:false
5884 silly placeDep ROOT is-plain-object@2.0.4 OK for: clone-deep@4.0.1 want: ^2.0.4
5885 silly placeDep ROOT shallow-clone@3.0.1 OK for: clone-deep@4.0.1 want: ^3.0.0
5886 silly fetch manifest isobject@^3.0.1
5887 silly packumentCache full:https://registry.npmjs.org/isobject cache-miss
5888 http fetch GET 200 https://registry.npmjs.org/isobject 1ms (cache hit)
5889 silly packumentCache full:https://registry.npmjs.org/isobject set size:26140 disposed:false
5890 silly placeDep ROOT isobject@3.0.1 OK for: is-plain-object@2.0.4 want: ^3.0.1
5891 silly placeDep ROOT ansi-escapes@4.3.2 OK for: webpackbar@6.0.1 want: ^4.3.2
5892 silly placeDep ROOT consola@3.4.2 OK for: webpackbar@6.0.1 want: ^3.2.3
5893 silly placeDep ROOT figures@3.2.0 OK for: webpackbar@6.0.1 want: ^3.2.0
5894 silly placeDep node_modules/webpackbar markdown-table@2.0.0 OK for: webpackbar@6.0.1 want: ^2.0.0
5895 silly placeDep ROOT pretty-time@1.1.0 OK for: webpackbar@6.0.1 want: ^1.1.0
5896 silly placeDep ROOT std-env@3.10.0 OK for: webpackbar@6.0.1 want: ^3.7.0
5897 silly placeDep node_modules/webpackbar wrap-ansi@7.0.0 OK for: webpackbar@6.0.1 want: ^7.0.0
5898 silly fetch manifest type-fest@^0.21.3
5899 silly packumentCache full:https://registry.npmjs.org/type-fest cache-hit
5900 silly fetch manifest escape-string-regexp@^1.0.5
5901 silly packumentCache full:https://registry.npmjs.org/escape-string-regexp cache-hit
5902 silly fetch manifest repeat-string@^1.0.0
5903 silly packumentCache full:https://registry.npmjs.org/repeat-string cache-miss
5904 http fetch GET 200 https://registry.npmjs.org/repeat-string 3ms (cache hit)
5905 silly packumentCache full:https://registry.npmjs.org/repeat-string set size:35494 disposed:false
5906 silly placeDep node_modules/ansi-escapes type-fest@0.21.3 OK for: ansi-escapes@4.3.2 want: ^0.21.3
5907 silly placeDep node_modules/figures escape-string-regexp@1.0.5 OK for: figures@3.2.0 want: ^1.0.5
5908 silly placeDep ROOT http-parser-js@0.5.10 OK for: websocket-driver@0.7.4 want: >=0.5.1
5909 silly placeDep ROOT websocket-extensions@0.1.4 OK for: websocket-driver@0.7.4 want: >=0.1.1
5910 silly placeDep ROOT isexe@2.0.0 OK for: which@2.0.2 want: ^2.0.0
5911 silly placeDep node_modules/wrap-ansi ansi-styles@6.2.3 OK for: wrap-ansi@8.1.0 want: ^6.1.0
5912 silly placeDep node_modules/wrap-ansi strip-ansi@7.2.0 OK for: wrap-ansi@8.1.0 want: ^7.0.1
5913 silly placeDep ROOT imurmurhash@0.1.4 OK for: write-file-atomic@3.0.3 want: ^0.1.4
5914 silly placeDep ROOT is-typedarray@1.0.0 OK for: write-file-atomic@3.0.3 want: ^1.0.0
5915 silly placeDep ROOT typedarray-to-buffer@3.1.5 OK for: write-file-atomic@3.0.3 want: ^3.1.5
5916 silly placeDep node_modules/@jsonjoy.com/fs-snapshot @jsonjoy.com/base64@17.67.0 OK for: @jsonjoy.com/json-pack@17.67.0 want: 17.67.0
5917 silly placeDep node_modules/@jsonjoy.com/fs-snapshot @jsonjoy.com/codegen@17.67.0 OK for: @jsonjoy.com/json-pack@17.67.0 want: 17.67.0
5918 silly placeDep node_modules/@jsonjoy.com/fs-snapshot @jsonjoy.com/json-pointer@17.67.0 OK for: @jsonjoy.com/json-pack@17.67.0 want: 17.67.0
5919 silly placeDep ROOT @types/mime@1.3.5 OK for: @types/send@0.17.6 want: ^1
5920 silly placeDep node_modules/accepts mime-db@1.52.0 OK for: mime-types@2.1.35 want: 1.52.0
5921 silly placeDep node_modules/ansi-align emoji-regex@8.0.0 OK for: string-width@4.2.3 want: ^8.0.0
5922 silly placeDep ROOT is-fullwidth-code-point@3.0.0 OK for: string-width@4.2.3 want: ^3.0.0
5923 silly placeDep node_modules/body-parser ms@2.0.0 OK for: debug@2.6.9 want: 2.0.0
5924 silly placeDep node_modules/cli-table3 emoji-regex@8.0.0 OK for: string-width@4.2.3 want: ^8.0.0
5925 silly placeDep node_modules/compression ms@2.0.0 OK for: debug@2.6.9 want: 2.0.0
5926 silly placeDep node_modules/copy-webpack-plugin slash@4.0.0 OK for: globby@13.2.2 want: ^4.0.0
5927 silly placeDep node_modules/csso mdn-data@2.0.28 OK for: css-tree@2.2.1 want: 2.0.28
5928 silly placeDep node_modules/express ms@2.0.0 OK for: debug@2.6.9 want: 2.0.0
5929 silly placeDep node_modules/file-loader ajv@6.14.0 OK for: schema-utils@3.3.0 want: ^6.12.5
5930 silly placeDep node_modules/file-loader ajv-keywords@3.5.2 OK for: schema-utils@3.3.0 want: ^3.5.2
5931 silly fetch manifest fast-json-stable-stringify@^2.0.0
5932 silly packumentCache full:https://registry.npmjs.org/fast-json-stable-stringify cache-miss
5933 http fetch GET 200 https://registry.npmjs.org/fast-json-stable-stringify 2ms (cache hit)
5934 silly packumentCache full:https://registry.npmjs.org/fast-json-stable-stringify set size:11337 disposed:false
5935 silly fetch manifest json-schema-traverse@^0.4.1
5936 silly packumentCache full:https://registry.npmjs.org/json-schema-traverse cache-hit
5937 silly fetch manifest uri-js@^4.2.2
5938 silly packumentCache full:https://registry.npmjs.org/uri-js cache-miss
5939 http fetch GET 200 https://registry.npmjs.org/uri-js 2ms (cache hit)
5940 silly packumentCache full:https://registry.npmjs.org/uri-js set size:42559 disposed:false
5941 silly placeDep ROOT fast-json-stable-stringify@2.1.0 OK for: ajv@6.14.0 want: ^2.0.0
5942 silly placeDep node_modules/file-loader json-schema-traverse@0.4.1 OK for: ajv@6.14.0 want: ^0.4.1
5943 silly placeDep ROOT uri-js@4.4.1 OK for: ajv@6.14.0 want: ^4.2.2
5944 silly fetch manifest punycode@^2.1.0
5945 silly packumentCache full:https://registry.npmjs.org/punycode cache-miss
5946 http fetch GET 200 https://registry.npmjs.org/punycode 2ms (cache hit)
5947 silly packumentCache full:https://registry.npmjs.org/punycode set size:61302 disposed:false
5948 silly placeDep ROOT punycode@2.3.1 OK for: uri-js@4.4.1 want: ^2.1.0
5949 silly placeDep node_modules/finalhandler ms@2.0.0 OK for: debug@2.6.9 want: 2.0.0
5950 silly placeDep node_modules/gray-matter argparse@1.0.10 OK for: js-yaml@3.14.2 want: ^1.0.7
5951 silly placeDep ROOT esprima@4.0.1 OK for: js-yaml@3.14.2 want: ^4.0.0
5952 silly fetch manifest sprintf-js@~1.0.2
5953 silly packumentCache full:https://registry.npmjs.org/sprintf-js cache-miss
5954 http fetch GET 200 https://registry.npmjs.org/sprintf-js 1ms (cache hit)
5955 silly packumentCache full:https://registry.npmjs.org/sprintf-js set size:20495 disposed:false
5956 silly placeDep ROOT sprintf-js@1.0.3 OK for: argparse@1.0.10 want: ~1.0.2
5957 silly placeDep ROOT core-util-is@1.0.3 OK for: readable-stream@2.3.8 want: ~1.0.0
5958 silly placeDep node_modules/hpack.js isarray@1.0.0 OK for: readable-stream@2.3.8 want: ~1.0.0
5959 silly placeDep ROOT process-nextick-args@2.0.1 OK for: readable-stream@2.3.8 want: ~2.0.0
5960 silly placeDep node_modules/hpack.js safe-buffer@5.1.2 OK for: readable-stream@2.3.8 want: ~5.1.1
5961 silly placeDep node_modules/hpack.js string_decoder@1.1.1 OK for: readable-stream@2.3.8 want: ~1.1.1
5962 silly placeDep node_modules/html-webpack-plugin commander@8.3.0 OK for: html-minifier-terser@6.1.0 want: ^8.3.0
5963 silly placeDep ROOT he@1.2.0 OK for: html-minifier-terser@6.1.0 want: ^1.2.0
5964 silly placeDep node_modules/mdast-util-gfm-autolink-literal micromark-util-symbol@2.0.1 OK for: micromark-util-character@2.1.1 want: ^2.0.0
5965 silly placeDep node_modules/null-loader ajv@6.14.0 OK for: schema-utils@3.3.0 want: ^6.12.5
5966 silly placeDep node_modules/null-loader ajv-keywords@3.5.2 OK for: schema-utils@3.3.0 want: ^3.5.2
5967 silly placeDep node_modules/null-loader json-schema-traverse@0.4.1 OK for: ajv@6.14.0 want: ^0.4.1
5968 silly placeDep node_modules/renderkid domhandler@4.3.1 OK for: css-select@4.3.0 want: ^4.3.1
5969 silly placeDep node_modules/renderkid domutils@2.8.0 OK for: css-select@4.3.0 want: ^2.8.0
5970 silly fetch manifest dom-serializer@^1.0.1
5971 silly packumentCache full:https://registry.npmjs.org/dom-serializer cache-hit
5972 silly placeDep node_modules/renderkid dom-serializer@1.4.1 OK for: domutils@2.8.0 want: ^1.0.1
5973 silly placeDep node_modules/renderkid entities@2.2.0 OK for: dom-serializer@1.4.1 want: ^2.0.0
5974 silly placeDep node_modules/send/node_modules/debug ms@2.0.0 OK for: debug@2.6.9 want: 2.0.0
5975 silly placeDep node_modules/serve-index ms@2.0.0 OK for: debug@2.6.9 want: 2.0.0
5976 silly placeDep node_modules/serve-index depd@1.1.2 OK for: http-errors@1.8.1 want: ~1.1.2
5977 silly placeDep node_modules/serve-index statuses@1.5.0 OK for: http-errors@1.8.1 want: >= 1.5.0 < 2
5978 silly placeDep node_modules/serve-index mime-db@1.52.0 OK for: mime-types@2.1.35 want: 1.52.0
5979 silly placeDep node_modules/string-width ansi-regex@6.2.2 OK for: strip-ansi@7.2.0 want: ^6.2.2
5980 silly placeDep node_modules/terser-webpack-plugin supports-color@8.1.1 OK for: jest-worker@27.5.1 want: ^8.0.0
5981 silly placeDep node_modules/type-is mime-db@1.52.0 OK for: mime-types@2.1.35 want: 1.52.0
5982 silly placeDep node_modules/update-notifier camelcase@7.0.1 OK for: boxen@7.1.1 want: ^7.0.1
5983 silly placeDep node_modules/url-loader mime-db@1.52.0 OK for: mime-types@2.1.35 want: 1.52.0
5984 silly placeDep node_modules/url-loader ajv@6.14.0 OK for: schema-utils@3.3.0 want: ^6.12.5
5985 silly placeDep node_modules/url-loader ajv-keywords@3.5.2 OK for: schema-utils@3.3.0 want: ^3.5.2
5986 silly placeDep node_modules/url-loader json-schema-traverse@0.4.1 OK for: ajv@6.14.0 want: ^0.4.1
5987 silly placeDep node_modules/webpack-dev-middleware mime-db@1.54.0 OK for: mime-types@3.0.2 want: ^1.54.0
5988 silly placeDep ROOT default-browser@5.5.0 OK for: open@10.2.0 want: ^5.2.1
5989 silly placeDep node_modules/webpack-dev-server define-lazy-prop@3.0.0 OK for: open@10.2.0 want: ^3.0.0
5990 silly placeDep ROOT is-inside-container@1.0.0 OK for: open@10.2.0 want: ^1.0.0
5991 silly placeDep ROOT wsl-utils@0.1.0 OK for: open@10.2.0 want: ^0.1.0
5992 silly fetch manifest bundle-name@^4.1.0
5993 silly packumentCache full:https://registry.npmjs.org/bundle-name cache-miss
5994 http fetch GET 200 https://registry.npmjs.org/bundle-name 2ms (cache hit)
5995 silly packumentCache full:https://registry.npmjs.org/bundle-name set size:17344 disposed:false
5996 silly fetch manifest default-browser-id@^5.0.0
5997 silly packumentCache full:https://registry.npmjs.org/default-browser-id cache-miss
5998 http fetch GET 200 https://registry.npmjs.org/default-browser-id 2ms (cache hit)
5999 silly packumentCache full:https://registry.npmjs.org/default-browser-id set size:24398 disposed:false
6000 silly fetch manifest is-docker@^3.0.0
6001 silly packumentCache full:https://registry.npmjs.org/is-docker cache-hit
6002 silly fetch manifest is-wsl@^3.1.0
6003 silly packumentCache full:https://registry.npmjs.org/is-wsl cache-hit
6004 silly placeDep ROOT bundle-name@4.1.0 OK for: default-browser@5.5.0 want: ^4.1.0
6005 silly placeDep ROOT default-browser-id@5.0.1 OK for: default-browser@5.5.0 want: ^5.0.0
6006 silly fetch manifest run-applescript@^7.0.0
6007 silly packumentCache full:https://registry.npmjs.org/run-applescript cache-miss
6008 http fetch GET 200 https://registry.npmjs.org/run-applescript 2ms (cache hit)
6009 silly packumentCache full:https://registry.npmjs.org/run-applescript set size:27897 disposed:false
6010 silly placeDep ROOT run-applescript@7.1.0 OK for: bundle-name@4.1.0 want: ^7.0.0
6011 silly placeDep node_modules/is-inside-container is-docker@3.0.0 OK for: is-inside-container@1.0.0 want: ^3.0.0
6012 silly placeDep node_modules/wsl-utils is-wsl@3.1.1 OK for: wsl-utils@0.1.0 want: ^3.1.0
6013 silly placeDep node_modules/webpack mime-db@1.52.0 OK for: mime-types@2.1.35 want: 1.52.0
6014 silly placeDep ROOT repeat-string@1.6.1 OK for: markdown-table@2.0.0 want: ^1.0.0
6015 silly placeDep node_modules/webpackbar string-width@4.2.3 OK for: wrap-ansi@7.0.0 want: ^4.1.0
6016 silly placeDep node_modules/webpackbar emoji-regex@8.0.0 OK for: string-width@4.2.3 want: ^8.0.0
6017 silly placeDep node_modules/wrap-ansi ansi-regex@6.2.2 OK for: strip-ansi@7.2.0 want: ^6.2.2
6018 silly reify moves {}
6019 silly audit bulk request {
6019 silly audit   '@docusaurus/core': [ '3.9.2' ],
6019 silly audit   '@docusaurus/module-type-aliases': [ '3.9.2' ],
6019 silly audit   '@docusaurus/preset-classic': [ '3.9.2' ],
6019 silly audit   '@docusaurus/types': [ '3.9.2' ],
6019 silly audit   '@mdx-js/react': [ '3.1.1' ],
6019 silly audit   clsx: [ '2.1.1' ],
6019 silly audit   'prism-react-renderer': [ '2.4.1' ],
6019 silly audit   react: [ '18.3.1' ],
6019 silly audit   'react-dom': [ '18.3.1' ],
6019 silly audit   '@docusaurus/babel': [ '3.9.2' ],
6019 silly audit   '@docusaurus/bundler': [ '3.9.2' ],
6019 silly audit   '@docusaurus/logger': [ '3.9.2' ],
6019 silly audit   '@docusaurus/mdx-loader': [ '3.9.2' ],
6019 silly audit   '@docusaurus/utils': [ '3.9.2' ],
6019 silly audit   '@docusaurus/utils-common': [ '3.9.2' ],
6019 silly audit   '@docusaurus/utils-validation': [ '3.9.2' ],
6019 silly audit   boxen: [ '6.2.1', '7.1.1' ],
6019 silly audit   chalk: [ '4.1.2', '5.6.2' ],
6019 silly audit   chokidar: [ '3.6.0' ],
6019 silly audit   'cli-table3': [ '0.6.5' ],
6019 silly audit   'combine-promises': [ '1.2.0' ],
6019 silly audit   commander: [ '5.1.0', '10.0.1', '7.2.0', '2.20.3', '8.3.0' ],
6019 silly audit   'core-js': [ '3.49.0' ],
6019 silly audit   'detect-port': [ '1.6.1' ],
6019 silly audit   'escape-html': [ '1.0.3' ],
6019 silly audit   eta: [ '2.2.0' ],
6019 silly audit   eval: [ '0.1.8' ],
6019 silly audit   execa: [ '5.1.1' ],
6019 silly audit   'fs-extra': [ '11.3.4' ],
6019 silly audit   'html-tags': [ '3.3.1' ],
6019 silly audit   'html-webpack-plugin': [ '5.6.6' ],
6019 silly audit   leven: [ '3.1.0' ],
6019 silly audit   lodash: [ '4.17.23' ],
6019 silly audit   open: [ '8.4.2', '10.2.0' ],
6019 silly audit   'p-map': [ '4.0.0' ],
6019 silly audit   prompts: [ '2.4.2' ],
6019 silly audit   '@slorber/react-helmet-async': [ '1.3.0' ],
6019 silly audit   '@docusaurus/react-loadable': [ '6.0.0' ],
6019 silly audit   'react-loadable-ssr-addon-v5-slorber': [ '1.0.1' ],
6019 silly audit   'react-router': [ '5.3.4' ],
6019 silly audit   'react-router-config': [ '5.1.1' ],
6019 silly audit   'react-router-dom': [ '5.3.4' ],
6019 silly audit   semver: [ '7.7.4', '6.3.1' ],
6019 silly audit   'serve-handler': [ '6.1.7' ],
6019 silly audit   tinypool: [ '1.1.1' ],
6019 silly audit   tslib: [ '2.8.1', '1.14.1' ],
6019 silly audit   'update-notifier': [ '6.0.2' ],
6019 silly audit   webpack: [ '5.105.4' ],
6019 silly audit   'webpack-bundle-analyzer': [ '4.10.2' ],
6019 silly audit   'webpack-dev-server': [ '5.2.3' ],
6019 silly audit   'webpack-merge': [ '6.0.1', '5.10.0' ],
6019 silly audit   '@babel/core': [ '7.29.0' ],
6019 silly audit   '@babel/generator': [ '7.29.1' ],
6019 silly audit   '@babel/plugin-syntax-dynamic-import': [ '7.8.3' ],
6019 silly audit   '@babel/plugin-transform-runtime': [ '7.29.0' ],
6019 silly audit   '@babel/preset-env': [ '7.29.2' ],
6019 silly audit   '@babel/preset-react': [ '7.28.5' ],
6019 silly audit   '@babel/preset-typescript': [ '7.28.5' ],
6019 silly audit   '@babel/runtime': [ '7.29.2' ],
6019 silly audit   '@babel/runtime-corejs3': [ '7.29.2' ],
6019 silly audit   '@babel/traverse': [ '7.29.0' ],
6019 silly audit   'babel-plugin-dynamic-import-node': [ '2.3.3' ],
6019 silly audit   '@babel/code-frame': [ '7.29.0' ],
6019 silly audit   '@babel/helper-compilation-targets': [ '7.28.6' ],
6019 silly audit   '@babel/helper-module-transforms': [ '7.28.6' ],
6019 silly audit   '@babel/helpers': [ '7.29.2' ],
6019 silly audit   '@babel/parser': [ '7.29.2' ],
6019 silly audit   '@babel/template': [ '7.28.6' ],
6019 silly audit   '@babel/types': [ '7.29.0' ],
6019 silly audit   '@jridgewell/remapping': [ '2.3.5' ],
6019 silly audit   'convert-source-map': [ '2.0.0' ],
6019 silly audit   debug: [ '4.4.3', '2.6.9' ],
6019 silly audit   gensync: [ '1.0.0-beta.2' ],
6019 silly audit   json5: [ '2.2.3' ],
6019 silly audit   '@babel/helper-validator-identifier': [ '7.28.5' ],
6019 silly audit   'js-tokens': [ '4.0.0' ],
6019 silly audit   picocolors: [ '1.1.1' ],
6019 silly audit   '@jridgewell/gen-mapping': [ '0.3.13' ],
6019 silly audit   '@jridgewell/trace-mapping': [ '0.3.31' ],
6019 silly audit   jsesc: [ '3.1.0' ],
6019 silly audit   '@babel/compat-data': [ '7.29.0' ],
6019 silly audit   '@babel/helper-validator-option': [ '7.27.1' ],
6019 silly audit   browserslist: [ '4.28.1' ],
6019 silly audit   'lru-cache': [ '5.1.1' ],
6019 silly audit   '@babel/helper-module-imports': [ '7.28.6' ],
6019 silly audit   '@babel/helper-plugin-utils': [ '7.28.6' ],
6019 silly audit   'babel-plugin-polyfill-corejs2': [ '0.4.17' ],
6019 silly audit   'babel-plugin-polyfill-corejs3': [ '0.13.0', '0.14.2' ],
6019 silly audit   'babel-plugin-polyfill-regenerator': [ '0.6.8' ],
6019 silly audit   '@babel/plugin-bugfix-firefox-class-in-computed-class-key': [ '7.28.5' ],
6019 silly audit   '@babel/plugin-bugfix-safari-class-field-initializer-scope': [ '7.27.1' ],
6019 silly audit   '@babel/plugin-bugfix-safari-id-destructuring-collision-in-function-expression': [ '7.27.1' ],
6019 silly audit   '@babel/plugin-bugfix-v8-spread-parameters-in-optional-chaining': [ '7.27.1' ],
6019 silly audit   '@babel/plugin-bugfix-v8-static-class-fields-redefine-readonly': [ '7.28.6' ],
6019 silly audit   '@babel/plugin-proposal-private-property-in-object': [ '7.21.0-placeholder-for-preset-env.2' ],
6019 silly audit   '@babel/plugin-syntax-import-assertions': [ '7.28.6' ],
6019 silly audit   '@babel/plugin-syntax-import-attributes': [ '7.28.6' ],
6019 silly audit   '@babel/plugin-syntax-unicode-sets-regex': [ '7.18.6' ],
6019 silly audit   '@babel/plugin-transform-arrow-functions': [ '7.27.1' ],
6019 silly audit   '@babel/plugin-transform-async-generator-functions': [ '7.29.0' ],
6019 silly audit   '@babel/plugin-transform-async-to-generator': [ '7.28.6' ],
6019 silly audit   '@babel/plugin-transform-block-scoped-functions': [ '7.27.1' ],
6019 silly audit   '@babel/plugin-transform-block-scoping': [ '7.28.6' ],
6019 silly audit   '@babel/plugin-transform-class-properties': [ '7.28.6' ],
6019 silly audit   '@babel/plugin-transform-class-static-block': [ '7.28.6' ],
6019 silly audit   '@babel/plugin-transform-classes': [ '7.28.6' ],
6019 silly audit   '@babel/plugin-transform-computed-properties': [ '7.28.6' ],
6019 silly audit   '@babel/plugin-transform-destructuring': [ '7.28.5' ],
6019 silly audit   '@babel/plugin-transform-dotall-regex': [ '7.28.6' ],
6019 silly audit   '@babel/plugin-transform-duplicate-keys': [ '7.27.1' ],
6019 silly audit   '@babel/plugin-transform-duplicate-named-capturing-groups-regex': [ '7.29.0' ],
6019 silly audit   '@babel/plugin-transform-dynamic-import': [ '7.27.1' ],
6019 silly audit   '@babel/plugin-transform-explicit-resource-management': [ '7.28.6' ],
6019 silly audit   '@babel/plugin-transform-exponentiation-operator': [ '7.28.6' ],
6019 silly audit   '@babel/plugin-transform-export-namespace-from': [ '7.27.1' ],
6019 silly audit   '@babel/plugin-transform-for-of': [ '7.27.1' ],
6019 silly audit   '@babel/plugin-transform-function-name': [ '7.27.1' ],
6019 silly audit   '@babel/plugin-transform-json-strings': [ '7.28.6' ],
6019 silly audit   '@babel/plugin-transform-literals': [ '7.27.1' ],
6019 silly audit   '@babel/plugin-transform-logical-assignment-operators': [ '7.28.6' ],
6019 silly audit   '@babel/plugin-transform-member-expression-literals': [ '7.27.1' ],
6019 silly audit   '@babel/plugin-transform-modules-amd': [ '7.27.1' ],
6019 silly audit   '@babel/plugin-transform-modules-commonjs': [ '7.28.6' ],
6019 silly audit   '@babel/plugin-transform-modules-systemjs': [ '7.29.0' ],
6019 silly audit   '@babel/plugin-transform-modules-umd': [ '7.27.1' ],
6019 silly audit   '@babel/plugin-transform-named-capturing-groups-regex': [ '7.29.0' ],
6019 silly audit   '@babel/plugin-transform-new-target': [ '7.27.1' ],
6019 silly audit   '@babel/plugin-transform-nullish-coalescing-operator': [ '7.28.6' ],
6019 silly audit   '@babel/plugin-transform-numeric-separator': [ '7.28.6' ],
6019 silly audit   '@babel/plugin-transform-object-rest-spread': [ '7.28.6' ],
6019 silly audit   '@babel/plugin-transform-object-super': [ '7.27.1' ],
6019 silly audit   '@babel/plugin-transform-optional-catch-binding': [ '7.28.6' ],
6019 silly audit   '@babel/plugin-transform-optional-chaining': [ '7.28.6' ],
6019 silly audit   '@babel/plugin-transform-parameters': [ '7.27.7' ],
6019 silly audit   '@babel/plugin-transform-private-methods': [ '7.28.6' ],
6019 silly audit   '@babel/plugin-transform-private-property-in-object': [ '7.28.6' ],
6019 silly audit   '@babel/plugin-transform-property-literals': [ '7.27.1' ],
6019 silly audit   '@babel/plugin-transform-regenerator': [ '7.29.0' ],
6019 silly audit   '@babel/plugin-transform-regexp-modifiers': [ '7.28.6' ],
6019 silly audit   '@babel/plugin-transform-reserved-words': [ '7.27.1' ],
6019 silly audit   '@babel/plugin-transform-shorthand-properties': [ '7.27.1' ],
6019 silly audit   '@babel/plugin-transform-spread': [ '7.28.6' ],
6019 silly audit   '@babel/plugin-transform-sticky-regex': [ '7.27.1' ],
6019 silly audit   '@babel/plugin-transform-template-literals': [ '7.27.1' ],
6019 silly audit   '@babel/plugin-transform-typeof-symbol': [ '7.27.1' ],
6019 silly audit   '@babel/plugin-transform-unicode-escapes': [ '7.27.1' ],
6019 silly audit   '@babel/plugin-transform-unicode-property-regex': [ '7.28.6' ],
6019 silly audit   '@babel/plugin-transform-unicode-regex': [ '7.27.1' ],
6019 silly audit   '@babel/plugin-transform-unicode-sets-regex': [ '7.28.6' ],
6019 silly audit   '@babel/preset-modules': [ '0.1.6-no-external-plugins' ],
6019 silly audit   'core-js-compat': [ '3.49.0' ],
6019 silly audit   '@babel/helper-skip-transparent-expression-wrappers': [ '7.27.1' ],
6019 silly audit   '@babel/helper-create-regexp-features-plugin': [ '7.28.5' ],
6019 silly audit   '@babel/helper-annotate-as-pure': [ '7.27.3' ],
6019 silly audit   'regexpu-core': [ '6.4.0' ],
6019 silly audit   '@babel/helper-remap-async-to-generator': [ '7.27.1' ],
6019 silly audit   '@babel/helper-wrap-function': [ '7.28.6' ],
6019 silly audit   '@babel/helper-create-class-features-plugin': [ '7.28.6' ],
6019 silly audit   '@babel/helper-member-expression-to-functions': [ '7.28.5' ],
6019 silly audit   '@babel/helper-optimise-call-expression': [ '7.27.1' ],
6019 silly audit   '@babel/helper-replace-supers': [ '7.28.6' ],
6019 silly audit   '@babel/helper-globals': [ '7.28.0' ],
6019 silly audit   esutils: [ '2.0.3' ],
6019 silly audit   '@babel/plugin-transform-react-display-name': [ '7.28.0' ],
6019 silly audit   '@babel/plugin-transform-react-jsx': [ '7.28.6' ],
6019 silly audit   '@babel/plugin-transform-react-jsx-development': [ '7.27.1' ],
6019 silly audit   '@babel/plugin-transform-react-pure-annotations': [ '7.27.1' ],
6019 silly audit   '@babel/plugin-syntax-jsx': [ '7.28.6' ],
6019 silly audit   '@babel/plugin-transform-typescript': [ '7.28.6' ],
6019 silly audit   '@babel/plugin-syntax-typescript': [ '7.28.6' ],
6019 silly audit   'core-js-pure': [ '3.49.0' ],
6019 silly audit   '@babel/helper-string-parser': [ '7.27.1' ],
6019 silly audit   '@docusaurus/cssnano-preset': [ '3.9.2' ],
6019 silly audit   'babel-loader': [ '9.2.1' ],
6019 silly audit   'clean-css': [ '5.3.3' ],
6019 silly audit   'copy-webpack-plugin': [ '11.0.0' ],
6019 silly audit   'css-loader': [ '6.11.0' ],
6019 silly audit   'css-minimizer-webpack-plugin': [ '5.0.1' ],
6019 silly audit   cssnano: [ '6.1.2' ],
6019 silly audit   'file-loader': [ '6.2.0' ],
6019 silly audit   'html-minifier-terser': [ '7.2.0', '6.1.0' ],
6019 silly audit   'mini-css-extract-plugin': [ '2.10.1' ],
6019 silly audit   'null-loader': [ '4.0.1' ],
6019 silly audit   postcss: [ '8.5.8' ],
6019 silly audit   'postcss-loader': [ '7.3.4' ],
6019 silly audit   'postcss-preset-env': [ '10.6.1' ],
6019 silly audit   'terser-webpack-plugin': [ '5.4.0' ],
6019 silly audit   'url-loader': [ '4.1.1' ],
6019 silly audit   webpackbar: [ '6.0.1' ],
6019 silly audit   'cssnano-preset-advanced': [ '6.1.2' ],
6019 silly audit   'postcss-sort-media-queries': [ '5.2.0' ],
6019 silly audit   '@mdx-js/mdx': [ '3.1.1' ],
6019 silly audit   '@slorber/remark-comment': [ '1.0.0' ],
6019 silly audit   'estree-util-value-to-estree': [ '3.5.0' ],
6019 silly audit   'image-size': [ '2.0.2' ],
6019 silly audit   'mdast-util-mdx': [ '3.0.0' ],
6019 silly audit   'mdast-util-to-string': [ '4.0.0' ],
6019 silly audit   'rehype-raw': [ '7.0.0' ],
6019 silly audit   'remark-directive': [ '3.0.1' ],
6019 silly audit   'remark-emoji': [ '4.0.1' ],
6019 silly audit   'remark-frontmatter': [ '5.0.0' ],
6019 silly audit   'remark-gfm': [ '4.0.1' ],
6019 silly audit   'stringify-object': [ '3.3.0' ],
6019 silly audit   unified: [ '11.0.5' ],
6019 silly audit   'unist-util-visit': [ '5.1.0' ],
6019 silly audit   vfile: [ '6.0.3' ],
6019 silly audit   '@types/history': [ '4.7.11' ],
6019 silly audit   '@types/react': [ '19.2.14' ],
6019 silly audit   '@types/react-router-config': [ '5.0.11' ],
6019 silly audit   '@types/react-router-dom': [ '5.3.3' ],
6019 silly audit   '@docusaurus/plugin-content-blog': [ '3.9.2' ],
6019 silly audit   '@docusaurus/plugin-content-docs': [ '3.9.2' ],
6019 silly audit   '@docusaurus/plugin-content-pages': [ '3.9.2' ],
6019 silly audit   '@docusaurus/plugin-css-cascade-layers': [ '3.9.2' ],
6019 silly audit   '@docusaurus/plugin-debug': [ '3.9.2' ],
6019 silly audit   '@docusaurus/plugin-google-analytics': [ '3.9.2' ],
6019 silly audit   '@docusaurus/plugin-google-gtag': [ '3.9.2' ],
6019 silly audit   '@docusaurus/plugin-google-tag-manager': [ '3.9.2' ],
6019 silly audit   '@docusaurus/plugin-sitemap': [ '3.9.2' ],
6019 silly audit   '@docusaurus/plugin-svgr': [ '3.9.2' ],
6019 silly audit   '@docusaurus/theme-classic': [ '3.9.2' ],
6019 silly audit   '@docusaurus/theme-common': [ '3.9.2' ],
6019 silly audit   '@docusaurus/theme-search-algolia': [ '3.9.2' ],
6019 silly audit   cheerio: [ '1.0.0-rc.12' ],
6019 silly audit   feed: [ '4.2.2' ],
6019 silly audit   'schema-dts': [ '1.1.5' ],
6019 silly audit   srcset: [ '4.0.0' ],
6019 silly audit   'utility-types': [ '3.11.0' ],
6019 silly audit   'js-yaml': [ '4.1.1', '3.14.2' ],
6019 silly audit   'react-json-view-lite': [ '2.5.0' ],
6019 silly audit   '@types/gtag.js': [ '0.0.12' ],
6019 silly audit   sitemap: [ '7.1.3' ],
6019 silly audit   '@svgr/core': [ '8.1.0' ],
6019 silly audit   '@svgr/webpack': [ '8.1.0' ],
6019 silly audit   '@docusaurus/theme-translations': [ '3.9.2' ],
6019 silly audit   infima: [ '0.2.0-alpha.45' ],
6019 silly audit   nprogress: [ '0.2.0' ],
6019 silly audit   prismjs: [ '1.30.0' ],
6019 silly audit   rtlcss: [ '4.3.0' ],
6019 silly audit   'parse-numeric-range': [ '1.3.0' ],
6019 silly audit   '@docsearch/react': [ '4.6.1' ],
6019 silly audit   algoliasearch: [ '5.50.0' ],
6019 silly audit   'algoliasearch-helper': [ '3.28.1' ],
6019 silly audit   '@algolia/autocomplete-core': [ '1.19.2' ],
6019 silly audit   '@docsearch/core': [ '4.6.1' ],
6019 silly audit   '@docsearch/css': [ '4.6.1' ],
6019 silly audit   '@algolia/autocomplete-plugin-algolia-insights': [ '1.19.2' ],
6019 silly audit   '@algolia/autocomplete-shared': [ '1.19.2' ],
6019 silly audit   '@types/mdast': [ '4.0.4' ],
6019 silly audit   joi: [ '17.13.3' ],
6019 silly audit   'escape-string-regexp': [ '4.0.0', '5.0.0', '1.0.5' ],
6019 silly audit   'github-slugger': [ '1.5.0' ],
6019 silly audit   globby: [ '11.1.0', '13.2.2' ],
6019 silly audit   'gray-matter': [ '4.0.3' ],
6019 silly audit   jiti: [ '1.21.7' ],
6019 silly audit   micromatch: [ '4.0.8' ],
6019 silly audit   'p-queue': [ '6.6.2' ],
6019 silly audit   'resolve-pathname': [ '3.0.0' ],
6019 silly audit   '@jridgewell/sourcemap-codec': [ '1.5.5' ],
6019 silly audit   '@jridgewell/resolve-uri': [ '3.1.2' ],
6019 silly audit   '@types/estree': [ '1.0.8' ],
6019 silly audit   '@types/estree-jsx': [ '1.0.5' ],
6019 silly audit   '@types/hast': [ '3.0.4' ],
6019 silly audit   '@types/mdx': [ '2.0.13' ],
6019 silly audit   acorn: [ '8.16.0' ],
6019 silly audit   'collapse-white-space': [ '2.1.0' ],
6019 silly audit   devlop: [ '1.1.0' ],
6019 silly audit   'estree-util-is-identifier-name': [ '3.0.0' ],
6019 silly audit   'estree-util-scope': [ '1.0.0' ],
6019 silly audit   'estree-walker': [ '3.0.3' ],
6019 silly audit   'hast-util-to-jsx-runtime': [ '2.3.6' ],
6019 silly audit   'markdown-extensions': [ '2.0.0' ],
6019 silly audit   'recma-build-jsx': [ '1.0.0' ],
6019 silly audit   'recma-jsx': [ '1.0.1' ],
6019 silly audit   'recma-stringify': [ '1.0.0' ],
6019 silly audit   'rehype-recma': [ '1.0.0' ],
6019 silly audit   'remark-mdx': [ '3.1.1' ],
6019 silly audit   'remark-parse': [ '11.0.0' ],
6019 silly audit   'remark-rehype': [ '11.1.2' ],
6019 silly audit   'source-map': [ '0.7.6', '0.6.1' ],
6019 silly audit   'unist-util-position-from-estree': [ '2.0.0' ],
6019 silly audit   'unist-util-stringify-position': [ '4.0.0' ],
6019 silly audit   'micromark-factory-space': [ '1.1.0', '2.0.1' ],
6019 silly audit   'micromark-util-character': [ '1.2.0', '2.1.1' ],
6019 silly audit   'micromark-util-symbol': [ '1.1.0', '2.0.1' ],
6019 silly audit   '@svgr/babel-preset': [ '8.1.0' ],
6019 silly audit   camelcase: [ '6.3.0', '7.0.1' ],
6019 silly audit   cosmiconfig: [ '8.3.6' ],
6019 silly audit   'snake-case': [ '3.0.4' ],
6019 silly audit   '@svgr/babel-plugin-add-jsx-attribute': [ '8.0.0' ],
6019 silly audit   '@svgr/babel-plugin-remove-jsx-attribute': [ '8.0.0' ],
6019 silly audit   '@svgr/babel-plugin-remove-jsx-empty-expression': [ '8.0.0' ],
6019 silly audit   '@svgr/babel-plugin-replace-jsx-attribute-value': [ '8.0.0' ],
6019 silly audit   '@svgr/babel-plugin-svg-dynamic-title': [ '8.0.0' ],
6019 silly audit   '@svgr/babel-plugin-svg-em-dimensions': [ '8.0.0' ],
6019 silly audit   '@svgr/babel-plugin-transform-react-native-svg': [ '8.1.0' ],
6019 silly audit   '@svgr/babel-plugin-transform-svg-component': [ '8.0.0' ],
6019 silly audit   '@babel/plugin-transform-react-constant-elements': [ '7.27.1' ],
6019 silly audit   '@svgr/plugin-jsx': [ '8.1.0' ],
6019 silly audit   '@svgr/plugin-svgo': [ '8.1.0' ],
6019 silly audit   '@svgr/hast-util-to-babel-ast': [ '8.0.0' ],
6019 silly audit   'svg-parser': [ '2.0.4' ],
6019 silly audit   entities: [ '4.5.0', '6.0.1', '2.2.0' ],
6019 silly audit   deepmerge: [ '4.3.1' ],
6019 silly audit   svgo: [ '3.3.3' ],
6019 silly audit   '@types/unist': [ '3.0.3', '2.0.11' ],
6019 silly audit   csstype: [ '3.2.3' ],
6019 silly audit   '@types/react-router': [ '5.1.20' ],
6019 silly audit   '@algolia/abtesting': [ '1.16.0' ],
6019 silly audit   '@algolia/client-abtesting': [ '5.50.0' ],
6019 silly audit   '@algolia/client-analytics': [ '5.50.0' ],
6019 silly audit   '@algolia/client-common': [ '5.50.0' ],
6019 silly audit   '@algolia/client-insights': [ '5.50.0' ],
6019 silly audit   '@algolia/client-personalization': [ '5.50.0' ],
6019 silly audit   '@algolia/client-query-suggestions': [ '5.50.0' ],
6019 silly audit   '@algolia/client-search': [ '5.50.0' ],
6019 silly audit   '@algolia/ingestion': [ '1.50.0' ],
6019 silly audit   '@algolia/monitoring': [ '1.50.0' ],
6019 silly audit   '@algolia/recommend': [ '5.50.0' ],
6019 silly audit   '@algolia/requester-browser-xhr': [ '5.50.0' ],
6019 silly audit   '@algolia/requester-fetch': [ '5.50.0' ],
6019 silly audit   '@algolia/requester-node-http': [ '5.50.0' ],
6019 silly audit   '@algolia/events': [ '4.0.1' ],
6019 silly audit   'find-cache-dir': [ '4.0.0' ],
6019 silly audit   'schema-utils': [ '4.3.3', '3.3.0' ],
6019 silly audit   'object.assign': [ '4.1.7' ],
6019 silly audit   '@babel/helper-define-polyfill-provider': [ '0.6.8' ],
6019 silly audit   'lodash.debounce': [ '4.0.8' ],
6019 silly audit   resolve: [ '1.22.11' ],
6019 silly audit   'ansi-align': [ '3.0.1' ],
6019 silly audit   'cli-boxes': [ '3.0.0' ],
6019 silly audit   'string-width': [ '5.1.2', '4.2.3' ],
6019 silly audit   'type-fest': [ '2.19.0', '1.4.0', '0.21.3' ],
6019 silly audit   'widest-line': [ '4.0.1' ],
6019 silly audit   'wrap-ansi': [ '8.1.0', '7.0.0' ],
6019 silly audit   'baseline-browser-mapping': [ '2.10.10' ],
6019 silly audit   'caniuse-lite': [ '1.0.30001781' ],
6019 silly audit   'electron-to-chromium': [ '1.5.325' ],
6019 silly audit   'node-releases': [ '2.0.36' ],
6019 silly audit   'update-browserslist-db': [ '1.2.3' ],
6019 silly audit   'ansi-styles': [ '4.3.0', '6.2.3' ],
6019 silly audit   'supports-color': [ '7.2.0', '8.1.1' ],
6019 silly audit   'color-convert': [ '2.0.1' ],
6019 silly audit   'cheerio-select': [ '2.1.0' ],
6019 silly audit   'dom-serializer': [ '2.0.0', '1.4.1' ],
6019 silly audit   domhandler: [ '5.0.3', '4.3.1' ],
6019 silly audit   domutils: [ '3.2.2', '2.8.0' ],
6019 silly audit   htmlparser2: [ '8.0.2', '6.1.0' ],
6019 silly audit   parse5: [ '7.3.0' ],
6019 silly audit   'parse5-htmlparser2-tree-adapter': [ '7.1.0' ],
6019 silly audit   boolbase: [ '1.0.0' ],
6019 silly audit   'css-select': [ '5.2.2', '4.3.0' ],
6019 silly audit   'css-what': [ '6.2.2' ],
6019 silly audit   domelementtype: [ '2.3.0' ],
6019 silly audit   anymatch: [ '3.1.3' ],
6019 silly audit   braces: [ '3.0.3' ],
6019 silly audit   fsevents: [ '2.3.3' ],
6019 silly audit   'glob-parent': [ '5.1.2', '6.0.2' ],
6019 silly audit   'is-binary-path': [ '2.1.0' ],
6019 silly audit   'is-glob': [ '4.0.3' ],
6019 silly audit   'normalize-path': [ '3.0.0' ],
6019 silly audit   readdirp: [ '3.6.0' ],
6019 silly audit   picomatch: [ '2.3.2' ],
6019 silly audit   'fill-range': [ '7.1.1' ],
6019 silly audit   '@colors/colors': [ '1.5.0' ],
6019 silly audit   'color-name': [ '1.1.4' ],
6019 silly audit   'fast-glob': [ '3.3.3' ],
6019 silly audit   'serialize-javascript': [ '6.0.2' ],
6019 silly audit   'import-fresh': [ '3.3.1' ],
6019 silly audit   'parse-json': [ '5.2.0' ],
6019 silly audit   'path-type': [ '4.0.0' ],
6019 silly audit   'icss-utils': [ '5.1.0' ],
6019 silly audit   'postcss-modules-extract-imports': [ '3.1.0' ],
6019 silly audit   'postcss-modules-local-by-default': [ '4.2.0' ],
6019 silly audit   'postcss-modules-scope': [ '3.2.1' ],
6019 silly audit   'postcss-modules-values': [ '4.0.0' ],
6019 silly audit   'postcss-value-parser': [ '4.2.0' ],
6019 silly audit   'jest-worker': [ '29.7.0', '27.5.1' ],
6019 silly audit   'nth-check': [ '2.1.1' ],
6019 silly audit   'cssnano-preset-default': [ '6.1.2' ],
6019 silly audit   lilconfig: [ '3.1.3' ],
6019 silly audit   autoprefixer: [ '10.4.27' ],
6019 silly audit   'postcss-discard-unused': [ '6.0.5' ],
6019 silly audit   'postcss-merge-idents': [ '6.0.3' ],
6019 silly audit   'postcss-reduce-idents': [ '6.0.3' ],
6019 silly audit   'postcss-zindex': [ '6.0.2' ],
6019 silly audit   'fraction.js': [ '5.3.4' ],
6019 silly audit   'css-declaration-sorter': [ '7.3.1' ],
6019 silly audit   'cssnano-utils': [ '4.0.2' ],
6019 silly audit   'postcss-calc': [ '9.0.1' ],
6019 silly audit   'postcss-colormin': [ '6.1.0' ],
6019 silly audit   'postcss-convert-values': [ '6.1.0' ],
6019 silly audit   'postcss-discard-comments': [ '6.0.2' ],
6019 silly audit   'postcss-discard-duplicates': [ '6.0.3' ],
6019 silly audit   'postcss-discard-empty': [ '6.0.3' ],
6019 silly audit   'postcss-discard-overridden': [ '6.0.2' ],
6019 silly audit   'postcss-merge-longhand': [ '6.0.5' ],
6019 silly audit   'postcss-merge-rules': [ '6.1.1' ],
6019 silly audit   'postcss-minify-font-values': [ '6.1.0' ],
6019 silly audit   'postcss-minify-gradients': [ '6.0.3' ],
6019 silly audit   'postcss-minify-params': [ '6.1.0' ],
6019 silly audit   'postcss-minify-selectors': [ '6.0.4' ],
6019 silly audit   'postcss-normalize-charset': [ '6.0.2' ],
6019 silly audit   'postcss-normalize-display-values': [ '6.0.2' ],
6019 silly audit   'postcss-normalize-positions': [ '6.0.2' ],
6019 silly audit   'postcss-normalize-repeat-style': [ '6.0.2' ],
6019 silly audit   'postcss-normalize-string': [ '6.0.2' ],
6019 silly audit   'postcss-normalize-timing-functions': [ '6.0.2' ],
6019 silly audit   'postcss-normalize-unicode': [ '6.1.0' ],
6019 silly audit   'postcss-normalize-url': [ '6.0.2' ],
6019 silly audit   'postcss-normalize-whitespace': [ '6.0.2' ],
6019 silly audit   'postcss-ordered-values': [ '6.0.2' ],
6019 silly audit   'postcss-reduce-initial': [ '6.1.0' ],
6019 silly audit   'postcss-reduce-transforms': [ '6.0.2' ],
6019 silly audit   'postcss-svgo': [ '6.0.3' ],
6019 silly audit   'postcss-unique-selectors': [ '6.0.4' ],
6019 silly audit   ms: [ '2.1.3', '2.0.0' ],
6019 silly audit   address: [ '1.2.2' ],
6019 silly audit   dequal: [ '2.0.3' ],
6019 silly audit   '@types/node': [ '25.5.0', '17.0.45' ],
6019 silly audit   'require-like': [ '0.1.2' ],
6019 silly audit   'undici-types': [ '7.18.2' ],
6019 silly audit   'cross-spawn': [ '7.0.6' ],
6019 silly audit   'get-stream': [ '6.0.1' ],
6019 silly audit   'human-signals': [ '2.1.0' ],
6019 silly audit   'is-stream': [ '2.0.1' ],
6019 silly audit   'merge-stream': [ '2.0.0' ],
6019 silly audit   'npm-run-path': [ '4.0.1' ],
6019 silly audit   onetime: [ '5.1.2' ],
6019 silly audit   'signal-exit': [ '3.0.7' ],
6019 silly audit   'strip-final-newline': [ '2.0.0' ],
6019 silly audit   'path-key': [ '3.1.1' ],
6019 silly audit   'shebang-command': [ '2.0.0' ],
6019 silly audit   which: [ '2.0.2' ],
6019 silly audit   '@nodelib/fs.stat': [ '2.0.5' ],
6019 silly audit   '@nodelib/fs.walk': [ '1.2.8' ],
6019 silly audit   merge2: [ '1.4.1' ],
6019 silly audit   '@nodelib/fs.scandir': [ '2.1.5' ],
6019 silly audit   fastq: [ '1.20.1' ],
6019 silly audit   'run-parallel': [ '1.2.0' ],
6019 silly audit   reusify: [ '1.1.0' ],
6019 silly audit   'xml-js': [ '1.6.11' ],
6019 silly audit   'loader-utils': [ '2.0.4' ],
6019 silly audit   'to-regex-range': [ '5.0.1' ],
6019 silly audit   'common-path-prefix': [ '3.0.0' ],
6019 silly audit   'pkg-dir': [ '7.0.0' ],
6019 silly audit   'graceful-fs': [ '4.2.11', '4.2.10' ],
6019 silly audit   jsonfile: [ '6.2.0' ],
6019 silly audit   universalify: [ '2.0.1' ],
6019 silly audit   'array-union': [ '2.1.0' ],
6019 silly audit   'dir-glob': [ '3.0.1' ],
6019 silly audit   ignore: [ '5.3.2' ],
6019 silly audit   slash: [ '3.0.0', '4.0.0' ],
6019 silly audit   'kind-of': [ '6.0.3' ],
6019 silly audit   'section-matter': [ '1.0.0' ],
6019 silly audit   'strip-bom-string': [ '1.0.0' ],
6019 silly audit   'comma-separated-tokens': [ '2.0.3' ],
6019 silly audit   'hast-util-whitespace': [ '3.0.0' ],
6019 silly audit   'mdast-util-mdx-expression': [ '2.0.1' ],
6019 silly audit   'mdast-util-mdx-jsx': [ '3.2.0' ],
6019 silly audit   'mdast-util-mdxjs-esm': [ '2.0.1' ],
6019 silly audit   'property-information': [ '7.1.0' ],
6019 silly audit   'space-separated-tokens': [ '2.0.2' ],
6019 silly audit   'style-to-js': [ '1.1.21' ],
6019 silly audit   'unist-util-position': [ '5.0.0' ],
6019 silly audit   'vfile-message': [ '4.0.3' ],
6019 silly audit   'camel-case': [ '4.1.2' ],
6019 silly audit   'param-case': [ '3.0.4' ],
6019 silly audit   relateurl: [ '0.2.7' ],
6019 silly audit   terser: [ '5.46.1' ],
6019 silly audit   'pascal-case': [ '3.1.2' ],
6019 silly audit   '@types/html-minifier-terser': [ '6.1.0' ],
6019 silly audit   'pretty-error': [ '4.0.0' ],
6019 silly audit   tapable: [ '2.3.2' ],
6019 silly audit   'parent-module': [ '1.0.1' ],
6019 silly audit   'resolve-from': [ '4.0.0' ],
6019 silly audit   'binary-extensions': [ '2.3.0' ],
6019 silly audit   'is-extglob': [ '2.1.1' ],
6019 silly audit   'jest-util': [ '29.7.0' ],
6019 silly audit   '@jest/types': [ '29.6.3' ],
6019 silly audit   'ci-info': [ '3.9.0' ],
6019 silly audit   '@jest/schemas': [ '29.6.3' ],
6019 silly audit   '@types/istanbul-lib-coverage': [ '2.0.6' ],
6019 silly audit   '@types/istanbul-reports': [ '3.0.4' ],
6019 silly audit   '@types/yargs': [ '17.0.35' ],
6019 silly audit   '@sinclair/typebox': [ '0.27.10' ],
6019 silly audit   '@types/istanbul-lib-report': [ '3.0.3' ],
6019 silly audit   '@types/yargs-parser': [ '21.0.3' ],
6019 silly audit   '@hapi/hoek': [ '9.3.0' ],
6019 silly audit   '@hapi/topo': [ '5.1.0' ],
6019 silly audit   '@sideway/address': [ '4.1.5' ],
6019 silly audit   '@sideway/formula': [ '3.0.1' ],
6019 silly audit   '@sideway/pinpoint': [ '2.0.0' ],
6019 silly audit   argparse: [ '2.0.1', '1.0.10' ],
6019 silly audit   'big.js': [ '5.2.2' ],
6019 silly audit   'emojis-list': [ '3.0.0' ],
6019 silly audit   yallist: [ '3.1.1' ],
6019 silly audit   'mdast-util-from-markdown': [ '2.0.3' ],
6019 silly audit   'mdast-util-to-markdown': [ '2.1.2' ],
6019 silly audit   'decode-named-character-reference': [ '1.3.0' ],
6019 silly audit   micromark: [ '4.0.2' ],
6019 silly audit   'micromark-util-decode-numeric-character-reference': [ '2.0.2' ],
6019 silly audit   'micromark-util-decode-string': [ '2.0.1' ],
6019 silly audit   'micromark-util-normalize-identifier': [ '2.0.1' ],
6019 silly audit   'micromark-util-types': [ '2.0.2', '1.1.0' ],
6019 silly audit   'character-entities': [ '2.0.2' ],
6019 silly audit   ccount: [ '2.0.1' ],
6019 silly audit   'parse-entities': [ '4.0.2' ],
6019 silly audit   'stringify-entities': [ '4.0.4' ],
6019 silly audit   'longest-streak': [ '3.1.0' ],
6019 silly audit   'mdast-util-phrasing': [ '4.1.0' ],
6019 silly audit   'micromark-util-classify-character': [ '2.0.1' ],
6019 silly audit   zwitch: [ '2.0.4' ],
6019 silly audit   'unist-util-is': [ '6.0.1' ],
6019 silly audit   '@types/debug': [ '4.1.13' ],
6019 silly audit   'micromark-core-commonmark': [ '2.0.3' ],
6019 silly audit   'micromark-util-chunked': [ '2.0.1' ],
6019 silly audit   'micromark-util-combine-extensions': [ '2.0.1' ],
6019 silly audit   'micromark-util-encode': [ '2.0.1' ],
6019 silly audit   'micromark-util-resolve-all': [ '2.0.1' ],
6019 silly audit   'micromark-util-sanitize-uri': [ '2.0.1' ],
6019 silly audit   'micromark-util-subtokenize': [ '2.1.0' ],
6019 silly audit   '@types/ms': [ '2.1.0' ],
6019 silly audit   'micromark-factory-destination': [ '2.0.1' ],
6019 silly audit   'micromark-factory-label': [ '2.0.1' ],
6019 silly audit   'micromark-factory-title': [ '2.0.1' ],
6019 silly audit   'micromark-factory-whitespace': [ '2.0.1' ],
6019 silly audit   'micromark-util-html-tag-name': [ '2.0.1' ],
6019 silly audit   'call-bind': [ '1.0.8' ],
6019 silly audit   'call-bound': [ '1.0.4' ],
6019 silly audit   'define-properties': [ '1.2.1' ],
6019 silly audit   'es-object-atoms': [ '1.1.1' ],
6019 silly audit   'has-symbols': [ '1.1.0' ],
6019 silly audit   'object-keys': [ '1.1.1' ],
6019 silly audit   'call-bind-apply-helpers': [ '1.0.2' ],
6019 silly audit   'es-define-property': [ '1.0.1' ],
6019 silly audit   'get-intrinsic': [ '1.3.0' ],
6019 silly audit   'set-function-length': [ '1.2.2' ],
6019 silly audit   'es-errors': [ '1.3.0' ],
6019 silly audit   'function-bind': [ '1.1.2' ],
6019 silly audit   'define-data-property': [ '1.1.4' ],
6019 silly audit   'has-property-descriptors': [ '1.0.2' ],
6019 silly audit   gopd: [ '1.2.0' ],
6019 silly audit   'get-proto': [ '1.0.1' ],
6019 silly audit   hasown: [ '2.0.2' ],
6019 silly audit   'math-intrinsics': [ '1.1.0' ],
6019 silly audit   'dunder-proto': [ '1.0.1' ],
6019 silly audit   'mimic-fn': [ '2.1.0' ],
6019 silly audit   'define-lazy-prop': [ '2.0.0', '3.0.0' ],
6019 silly audit   'is-docker': [ '2.2.1', '3.0.0' ],
6019 silly audit   'is-wsl': [ '2.2.0', '3.1.1' ],
6019 silly audit   'aggregate-error': [ '3.1.0' ],
6019 silly audit   'clean-stack': [ '2.2.0' ],
6019 silly audit   'indent-string': [ '4.0.0' ],
6019 silly audit   eventemitter3: [ '4.0.7' ],
6019 silly audit   'p-timeout': [ '3.2.0' ],
6019 silly audit   'p-finally': [ '1.0.0' ],
6019 silly audit   'dot-case': [ '3.0.4' ],
6019 silly audit   'no-case': [ '3.0.4' ],
6019 silly audit   'lower-case': [ '2.0.2' ],
6019 silly audit   callsites: [ '3.1.0' ],
6019 silly audit   'character-entities-legacy': [ '3.0.0' ],
6019 silly audit   'character-reference-invalid': [ '2.0.1' ],
6019 silly audit   'is-alphanumerical': [ '2.0.1' ],
6019 silly audit   'is-decimal': [ '2.0.1' ],
6019 silly audit   'is-hexadecimal': [ '2.0.1' ],
6019 silly audit   'is-alphabetical': [ '2.0.1' ],
6019 silly audit   'error-ex': [ '1.3.4' ],
6019 silly audit   'json-parse-even-better-errors': [ '2.3.1' ],
6019 silly audit   'lines-and-columns': [ '1.2.4' ],
6019 silly audit   'is-arrayish': [ '0.2.1' ],
6019 silly audit   'find-up': [ '6.3.0' ],
6019 silly audit   'locate-path': [ '7.2.0' ],
6019 silly audit   'path-exists': [ '5.0.0' ],
6019 silly audit   'p-locate': [ '6.0.0' ],
6019 silly audit   'p-limit': [ '4.0.0' ],
6019 silly audit   'yocto-queue': [ '1.2.2' ],
6019 silly audit   nanoid: [ '3.3.11' ],
6019 silly audit   'source-map-js': [ '1.2.1' ],
6019 silly audit   'postcss-selector-parser': [ '6.1.2', '7.1.1' ],
6019 silly audit   'caniuse-api': [ '3.0.0' ],
6019 silly audit   colord: [ '2.9.3' ],
6019 silly audit   'lodash.memoize': [ '4.1.2' ],
6019 silly audit   'lodash.uniq': [ '4.5.0' ],
6019 silly audit   stylehacks: [ '6.1.1' ],
6019 silly audit   '@csstools/postcss-alpha-function': [ '1.0.1' ],
6019 silly audit   '@csstools/postcss-cascade-layers': [ '5.0.2' ],
6019 silly audit   '@csstools/postcss-color-function': [ '4.0.12' ],
6019 silly audit   '@csstools/postcss-color-function-display-p3-linear': [ '1.0.1' ],
6019 silly audit   '@csstools/postcss-color-mix-function': [ '3.0.12' ],
6019 silly audit   '@csstools/postcss-color-mix-variadic-function-arguments': [ '1.0.2' ],
6019 silly audit   '@csstools/postcss-content-alt-text': [ '2.0.8' ],
6019 silly audit   '@csstools/postcss-contrast-color-function': [ '2.0.12' ],
6019 silly audit   '@csstools/postcss-exponential-functions': [ '2.0.9' ],
6019 silly audit   '@csstools/postcss-font-format-keywords': [ '4.0.0' ],
6019 silly audit   '@csstools/postcss-gamut-mapping': [ '2.0.11' ],
6019 silly audit   '@csstools/postcss-gradients-interpolation-method': [ '5.0.12' ],
6019 silly audit   '@csstools/postcss-hwb-function': [ '4.0.12' ],
6019 silly audit   '@csstools/postcss-ic-unit': [ '4.0.4' ],
6019 silly audit   '@csstools/postcss-initial': [ '2.0.1' ],
6019 silly audit   '@csstools/postcss-is-pseudo-class': [ '5.0.3' ],
6019 silly audit   '@csstools/postcss-light-dark-function': [ '2.0.11' ],
6019 silly audit   '@csstools/postcss-logical-float-and-clear': [ '3.0.0' ],
6019 silly audit   '@csstools/postcss-logical-overflow': [ '2.0.0' ],
6019 silly audit   '@csstools/postcss-logical-overscroll-behavior': [ '2.0.0' ],
6019 silly audit   '@csstools/postcss-logical-resize': [ '3.0.0' ],
6019 silly audit   '@csstools/postcss-logical-viewport-units': [ '3.0.4' ],
6019 silly audit   '@csstools/postcss-media-minmax': [ '2.0.9' ],
6019 silly audit   '@csstools/postcss-media-queries-aspect-ratio-number-values': [ '3.0.5' ],
6019 silly audit   '@csstools/postcss-nested-calc': [ '4.0.0' ],
6019 silly audit   '@csstools/postcss-normalize-display-values': [ '4.0.1' ],
6019 silly audit   '@csstools/postcss-oklab-function': [ '4.0.12' ],
6019 silly audit   '@csstools/postcss-position-area-property': [ '1.0.0' ],
6019 silly audit   '@csstools/postcss-progressive-custom-properties': [ '4.2.1' ],
6019 silly audit   '@csstools/postcss-property-rule-prelude-list': [ '1.0.0' ],
6019 silly audit   '@csstools/postcss-random-function': [ '2.0.1' ],
6019 silly audit   '@csstools/postcss-relative-color-syntax': [ '3.0.12' ],
6019 silly audit   '@csstools/postcss-scope-pseudo-class': [ '4.0.1' ],
6019 silly audit   '@csstools/postcss-sign-functions': [ '1.1.4' ],
6019 silly audit   '@csstools/postcss-stepped-value-functions': [ '4.0.9' ],
6019 silly audit   '@csstools/postcss-syntax-descriptor-syntax-production': [ '1.0.1' ],
6019 silly audit   '@csstools/postcss-system-ui-font-family': [ '1.0.0' ],
6019 silly audit   '@csstools/postcss-text-decoration-shorthand': [ '4.0.3' ],
6019 silly audit   '@csstools/postcss-trigonometric-functions': [ '4.0.9' ],
6019 silly audit   '@csstools/postcss-unset-value': [ '4.0.0' ],
6019 silly audit   'css-blank-pseudo': [ '7.0.1' ],
6019 silly audit   'css-has-pseudo': [ '7.0.3' ],
6019 silly audit   'css-prefers-color-scheme': [ '10.0.0' ],
6019 silly audit   cssdb: [ '8.8.0' ],
6019 silly audit   'postcss-attribute-case-insensitive': [ '7.0.1' ],
6019 silly audit   'postcss-clamp': [ '4.1.0' ],
6019 silly audit   'postcss-color-functional-notation': [ '7.0.12' ],
6019 silly audit   'postcss-color-hex-alpha': [ '10.0.0' ],
6019 silly audit   'postcss-color-rebeccapurple': [ '10.0.0' ],
6019 silly audit   'postcss-custom-media': [ '11.0.6' ],
6019 silly audit   'postcss-custom-properties': [ '14.0.6' ],
6019 silly audit   'postcss-custom-selectors': [ '8.0.5' ],
6019 silly audit   'postcss-dir-pseudo-class': [ '9.0.1' ],
6019 silly audit   'postcss-double-position-gradients': [ '6.0.4' ],
6019 silly audit   'postcss-focus-visible': [ '10.0.1' ],
6019 silly audit   'postcss-focus-within': [ '9.0.1' ],
6019 silly audit   'postcss-font-variant': [ '5.0.0' ],
6019 silly audit   'postcss-gap-properties': [ '6.0.0' ],
6019 silly audit   'postcss-image-set-function': [ '7.0.0' ],
6019 silly audit   'postcss-lab-function': [ '7.0.12' ],
6019 silly audit   'postcss-logical': [ '8.1.0' ],
6019 silly audit   'postcss-nesting': [ '13.0.2' ],
6019 silly audit   'postcss-opacity-percentage': [ '3.0.0' ],
6019 silly audit   'postcss-overflow-shorthand': [ '6.0.0' ],
6019 silly audit   'postcss-page-break': [ '3.0.4' ],
6019 silly audit   'postcss-place': [ '10.0.0' ],
6019 silly audit   'postcss-pseudo-class-any-link': [ '10.0.1' ],
6019 silly audit   'postcss-replace-overflow-wrap': [ '4.0.0' ],
6019 silly audit   'postcss-selector-not': [ '8.0.1' ],
6019 silly audit   '@csstools/css-color-parser': [ '3.1.0' ],
6019 silly audit   '@csstools/css-parser-algorithms': [ '3.0.5' ],
6019 silly audit   '@csstools/css-tokenizer': [ '3.0.4' ],
6019 silly audit   '@csstools/utilities': [ '2.0.0' ],
6019 silly audit   '@csstools/color-helpers': [ '5.1.0' ],
6019 silly audit   '@csstools/css-calc': [ '2.1.4' ],
6019 silly audit   '@csstools/selector-specificity': [ '5.0.0' ],
6019 silly audit   '@csstools/media-query-list-parser': [ '4.0.3' ],
6019 silly audit   '@csstools/cascade-layer-name-parser': [ '2.0.5' ],
6019 silly audit   '@csstools/selector-resolve-nested': [ '3.1.0' ],
6019 silly audit   cssesc: [ '3.0.0' ],
6019 silly audit   'util-deprecate': [ '1.0.2' ],
6019 silly audit   'sort-css-media-queries': [ '2.2.0' ],
6019 silly audit   renderkid: [ '3.0.0' ],
6019 silly audit   '@types/prismjs': [ '1.26.6' ],
6019 silly audit   kleur: [ '3.0.3' ],
6019 silly audit   sisteransi: [ '1.0.5' ],
6019 silly audit   'loose-envify': [ '1.4.0' ],
6019 silly audit   scheduler: [ '0.23.2' ],
6019 silly audit   invariant: [ '2.2.4' ],
6019 silly audit   'prop-types': [ '15.8.1' ],
6019 silly audit   'react-fast-compare': [ '3.2.2' ],
6019 silly audit   shallowequal: [ '1.1.0' ],
6019 silly audit   'object-assign': [ '4.1.1' ],
6019 silly audit   'react-is': [ '16.13.1' ],
6019 silly audit   history: [ '4.10.1' ],
6019 silly audit   'hoist-non-react-statics': [ '3.3.2' ],
6019 silly audit   'path-to-regexp': [ '1.9.0', '3.3.0', '0.1.12' ],
6019 silly audit   'tiny-invariant': [ '1.3.3' ],
6019 silly audit   'tiny-warning': [ '1.0.3' ],
6019 silly audit   'value-equal': [ '1.0.1' ],
6019 silly audit   isarray: [ '0.0.1', '1.0.0' ],
6019 silly audit   'estree-util-build-jsx': [ '3.0.1' ],
6019 silly audit   'acorn-jsx': [ '5.3.2' ],
6019 silly audit   'estree-util-to-js': [ '2.0.0' ],
6019 silly audit   'recma-parse': [ '1.0.0' ],
6019 silly audit   astring: [ '1.9.0' ],
6019 silly audit   'esast-util-from-js': [ '2.0.1' ],
6019 silly audit   'esast-util-from-estree': [ '2.0.0' ],
6019 silly audit   'estree-util-visit': [ '2.0.0' ],
6019 silly audit   regenerate: [ '1.4.2' ],
6019 silly audit   'regenerate-unicode-properties': [ '10.2.2' ],
6019 silly audit   regjsgen: [ '0.8.0' ],
6019 silly audit   regjsparser: [ '0.13.0' ],
6019 silly audit   'unicode-match-property-ecmascript': [ '2.0.0' ],
6019 silly audit   'unicode-match-property-value-ecmascript': [ '2.2.1' ],
6019 silly audit   'hast-util-raw': [ '9.1.0' ],
6019 silly audit   '@ungap/structured-clone': [ '1.3.0' ],
6019 silly audit   'hast-util-from-parse5': [ '8.0.3' ],
6019 silly audit   'hast-util-to-parse5': [ '8.0.1' ],
6019 silly audit   'html-void-elements': [ '3.0.0' ],
6019 silly audit   'mdast-util-to-hast': [ '13.2.1' ],
6019 silly audit   'web-namespaces': [ '2.0.1' ],
6019 silly audit   hastscript: [ '9.0.1' ],
6019 silly audit   'vfile-location': [ '5.0.3' ],
6019 silly audit   'hast-util-parse-selector': [ '4.0.0' ],
6019 silly audit   'trim-lines': [ '3.0.1' ],
6019 silly audit   'hast-util-to-estree': [ '3.1.3' ],
6019 silly audit   'estree-util-attach-comments': [ '3.0.0' ],
6019 silly audit   'mdast-util-directive': [ '3.1.0' ],
6019 silly audit   'micromark-extension-directive': [ '3.0.2' ],
6019 silly audit   'unist-util-visit-parents': [ '6.0.2' ],
6019 silly audit   emoticon: [ '4.1.0' ],
6019 silly audit   'mdast-util-find-and-replace': [ '3.0.2' ],
6019 silly audit   'node-emoji': [ '2.2.0' ],
6019 silly audit   '@sindresorhus/is': [ '4.6.0', '5.6.0' ],
6019 silly audit   'char-regex': [ '1.0.2' ],
6019 silly audit   emojilib: [ '2.4.0' ],
6019 silly audit   'skin-tone': [ '2.0.0' ],
6019 silly audit   'mdast-util-frontmatter': [ '2.0.1' ],
6019 silly audit   'micromark-extension-frontmatter': [ '2.0.0' ],
6019 silly audit   fault: [ '2.0.1' ],
6019 silly audit   format: [ '0.2.2' ],
6019 silly audit   'mdast-util-gfm': [ '3.1.0' ],
6019 silly audit   'micromark-extension-gfm': [ '3.0.0' ],
6019 silly audit   'remark-stringify': [ '11.0.0' ],
6019 silly audit   'mdast-util-gfm-autolink-literal': [ '2.0.1' ],
6019 silly audit   'mdast-util-gfm-footnote': [ '2.1.0' ],
6019 silly audit   'mdast-util-gfm-strikethrough': [ '2.0.0' ],
6019 silly audit   'mdast-util-gfm-table': [ '2.0.0' ],
6019 silly audit   'mdast-util-gfm-task-list-item': [ '2.0.0' ],
6019 silly audit   'markdown-table': [ '3.0.4', '2.0.0' ],
6019 silly audit   'micromark-extension-gfm-autolink-literal': [ '2.1.0' ],
6019 silly audit   'micromark-extension-gfm-footnote': [ '2.1.0' ],
6019 silly audit   'micromark-extension-gfm-strikethrough': [ '2.1.0' ],
6019 silly audit   'micromark-extension-gfm-table': [ '2.1.1' ],
6019 silly audit   'micromark-extension-gfm-tagfilter': [ '2.0.0' ],
6019 silly audit   'micromark-extension-gfm-task-list-item': [ '2.1.0' ],
6019 silly audit   'micromark-extension-mdxjs': [ '3.0.0' ],
6019 silly audit   'micromark-extension-mdx-expression': [ '3.0.1' ],
6019 silly audit   'micromark-extension-mdx-jsx': [ '3.0.2' ],
6019 silly audit   'micromark-extension-mdx-md': [ '2.0.0' ],
6019 silly audit   'micromark-extension-mdxjs-esm': [ '3.0.0' ],
6019 silly audit   'micromark-factory-mdx-expression': [ '2.0.3' ],
6019 silly audit   'micromark-util-events-to-acorn': [ '2.0.3' ],
6019 silly audit   'dom-converter': [ '0.2.0' ],
6019 silly audit   'strip-ansi': [ '6.0.1', '7.2.0' ],
6019 silly audit   utila: [ '0.4.0' ],
6019 silly audit   'is-core-module': [ '2.16.1' ],
6019 silly audit   'path-parse': [ '1.0.7' ],
6019 silly audit   'supports-preserve-symlinks-flag': [ '1.0.0' ],
6019 silly audit   escalade: [ '3.2.0' ],
6019 silly audit   'strip-json-comments': [ '3.1.1', '2.0.1' ],
6019 silly audit   'queue-microtask': [ '1.2.3' ],
6019 silly audit   '@types/json-schema': [ '7.0.15' ],
6019 silly audit   ajv: [ '8.18.0', '6.14.0' ],
6019 silly audit   'ajv-formats': [ '2.1.1' ],
6019 silly audit   'ajv-keywords': [ '5.1.0', '3.5.2' ],
6019 silly audit   'fast-deep-equal': [ '3.1.3' ],
6019 silly audit   'fast-uri': [ '3.1.0' ],
6019 silly audit   'json-schema-traverse': [ '1.0.0', '0.4.1' ],
6019 silly audit   'require-from-string': [ '2.0.2' ],
6019 silly audit   'extend-shallow': [ '2.0.1' ],
6019 silly audit   'is-extendable': [ '0.1.1' ],
6019 silly audit   randombytes: [ '2.1.0' ],
6019 silly audit   'safe-buffer': [ '5.2.1', '5.1.2' ],
6019 silly audit   bytes: [ '3.0.0', '3.1.2' ],
6019 silly audit   'content-disposition': [ '0.5.2', '0.5.4' ],
6019 silly audit   'mime-types': [ '2.1.18', '2.1.35', '3.0.2' ],
6019 silly audit   minimatch: [ '3.1.5' ],
6019 silly audit   'path-is-inside': [ '1.0.2' ],
6019 silly audit   'range-parser': [ '1.2.0', '1.2.1' ],
6019 silly audit   'mime-db': [ '1.33.0', '1.54.0', '1.52.0' ],
6019 silly audit   'brace-expansion': [ '1.1.12' ],
6019 silly audit   'balanced-match': [ '1.0.2' ],
6019 silly audit   'concat-map': [ '0.0.1' ],
6019 silly audit   'shebang-regex': [ '3.0.0' ],
6019 silly audit   '@types/sax': [ '1.2.7' ],
6019 silly audit   arg: [ '5.0.2' ],
6019 silly audit   sax: [ '1.6.0' ],
6019 silly audit   'unicode-emoji-modifier-base': [ '1.0.0' ],
6019 silly audit   eastasianwidth: [ '0.2.0' ],
6019 silly audit   'emoji-regex': [ '9.2.2', '8.0.0' ],
6019 silly audit   'character-entities-html4': [ '2.1.0' ],
6019 silly audit   'get-own-enumerable-property-symbols': [ '3.0.2' ],
6019 silly audit   'is-obj': [ '1.0.1', '2.0.0' ],
6019 silly audit   'is-regexp': [ '1.0.0' ],
6019 silly audit   'ansi-regex': [ '5.0.1', '6.2.2' ],
6019 silly audit   'style-to-object': [ '1.0.14' ],
6019 silly audit   'inline-style-parser': [ '0.2.7' ],
6019 silly audit   'has-flag': [ '4.0.0' ],
6019 silly audit   'css-tree': [ '2.3.1', '2.2.1' ],
6019 silly audit   csso: [ '5.0.5' ],
6019 silly audit   'mdn-data': [ '2.0.30', '2.0.28' ],
6019 silly audit   '@jridgewell/source-map': [ '0.3.11' ],
6019 silly audit   'source-map-support': [ '0.5.21' ],
6019 silly audit   'buffer-from': [ '1.1.2' ],
6019 silly audit   'is-number': [ '7.0.0' ],
6019 silly audit   'unicode-canonical-property-names-ecmascript': [ '2.0.1' ],
6019 silly audit   'unicode-property-aliases-ecmascript': [ '2.2.0' ],
6019 silly audit   bail: [ '2.0.2' ],
6019 silly audit   extend: [ '3.0.2' ],
6019 silly audit   'is-plain-obj': [ '4.1.0', '3.0.0' ],
6019 silly audit   trough: [ '2.2.0' ],
6019 silly audit   configstore: [ '6.0.0' ],
6019 silly audit   'has-yarn': [ '3.0.0' ],
6019 silly audit   'import-lazy': [ '4.0.0' ],
6019 silly audit   'is-ci': [ '3.0.1' ],
6019 silly audit   'is-installed-globally': [ '0.4.0' ],
6019 silly audit   'is-npm': [ '6.1.0' ],
6019 silly audit   'is-yarn-global': [ '0.4.1' ],
6019 silly audit   'latest-version': [ '7.0.0' ],
6019 silly audit   pupa: [ '3.3.0' ],
6019 silly audit   'semver-diff': [ '4.0.0' ],
6019 silly audit   'xdg-basedir': [ '5.1.0' ],
6019 silly audit   'dot-prop': [ '6.0.1' ],
6019 silly audit   'unique-string': [ '3.0.0' ],
6019 silly audit   'write-file-atomic': [ '3.0.3' ],
6019 silly audit   'global-dirs': [ '3.0.1' ],
6019 silly audit   'is-path-inside': [ '3.0.3' ],
6019 silly audit   ini: [ '2.0.0', '1.3.8' ],
6019 silly audit   'package-json': [ '8.1.1' ],
6019 silly audit   got: [ '12.6.1' ],
6019 silly audit   'registry-auth-token': [ '5.1.1' ],
6019 silly audit   'registry-url': [ '6.0.1' ],
6019 silly audit   '@szmarczak/http-timer': [ '5.0.1' ],
6019 silly audit   'cacheable-lookup': [ '7.0.0' ],
6019 silly audit   'cacheable-request': [ '10.2.14' ],
6019 silly audit   'decompress-response': [ '6.0.0' ],
6019 silly audit   'form-data-encoder': [ '2.1.4' ],
6019 silly audit   'http2-wrapper': [ '2.2.1' ],
6019 silly audit   'lowercase-keys': [ '3.0.0' ],
6019 silly audit   'p-cancelable': [ '3.0.0' ],
6019 silly audit   responselike: [ '3.0.0' ],
6019 silly audit   'defer-to-connect': [ '2.0.1' ],
6019 silly audit   '@types/http-cache-semantics': [ '4.2.0' ],
6019 silly audit   'http-cache-semantics': [ '4.2.0' ],
6019 silly audit   keyv: [ '4.5.4' ],
6019 silly audit   'mimic-response': [ '4.0.0', '3.1.0' ],
6019 silly audit   'normalize-url': [ '8.1.1' ],
6019 silly audit   'quick-lru': [ '5.1.1' ],
6019 silly audit   'resolve-alpn': [ '1.2.1' ],
6019 silly audit   'json-buffer': [ '3.0.1' ],
6019 silly audit   'escape-goat': [ '4.0.0' ],
6019 silly audit   '@pnpm/npm-conf': [ '3.0.2' ],
6019 silly audit   '@pnpm/config.env-replace': [ '1.1.0' ],
6019 silly audit   '@pnpm/network.ca-file': [ '1.0.2' ],
6019 silly audit   'config-chain': [ '1.1.13' ],
6019 silly audit   'proto-list': [ '1.2.4' ],
6019 silly audit   rc: [ '1.2.8' ],
6019 silly audit   'deep-extend': [ '0.6.0' ],
6019 silly audit   minimist: [ '1.2.8' ],
6019 silly audit   'crypto-random-string': [ '4.0.0' ],
6019 silly audit   '@types/eslint-scope': [ '3.7.7' ],
6019 silly audit   '@webassemblyjs/ast': [ '1.14.1' ],
6019 silly audit   '@webassemblyjs/wasm-edit': [ '1.14.1' ],
6019 silly audit   '@webassemblyjs/wasm-parser': [ '1.14.1' ],
6019 silly audit   'acorn-import-phases': [ '1.0.4' ],
6019 silly audit   'chrome-trace-event': [ '1.0.4' ],
6019 silly audit   'enhanced-resolve': [ '5.20.1' ],
6019 silly audit   'es-module-lexer': [ '2.0.0' ],
6019 silly audit   'eslint-scope': [ '5.1.1' ],
6019 silly audit   events: [ '3.3.0' ],
6019 silly audit   'glob-to-regexp': [ '0.4.1' ],
6019 silly audit   'loader-runner': [ '4.3.1' ],
6019 silly audit   'neo-async': [ '2.6.2' ],
6019 silly audit   watchpack: [ '2.5.1' ],
6019 silly audit   'webpack-sources': [ '3.3.4' ],
6019 silly audit   '@types/eslint': [ '9.6.1' ],
6019 silly audit   '@webassemblyjs/helper-numbers': [ '1.13.2' ],
6019 silly audit   '@webassemblyjs/helper-wasm-bytecode': [ '1.13.2' ],
6019 silly audit   '@webassemblyjs/floating-point-hex-parser': [ '1.13.2' ],
6019 silly audit   '@webassemblyjs/helper-api-error': [ '1.13.2' ],
6019 silly audit   '@xtuc/long': [ '4.2.2' ],
6019 silly audit   '@webassemblyjs/helper-buffer': [ '1.14.1' ],
6019 silly audit   '@webassemblyjs/helper-wasm-section': [ '1.14.1' ],
6019 silly audit   '@webassemblyjs/wasm-gen': [ '1.14.1' ],
6019 silly audit   '@webassemblyjs/wasm-opt': [ '1.14.1' ],
6019 silly audit   '@webassemblyjs/wast-printer': [ '1.14.1' ],
6019 silly audit   '@webassemblyjs/ieee754': [ '1.13.2' ],
6019 silly audit   '@webassemblyjs/leb128': [ '1.13.2' ],
6019 silly audit   '@webassemblyjs/utf8': [ '1.13.2' ],
6019 silly audit   '@xtuc/ieee754': [ '1.2.0' ],
6019 silly audit   esrecurse: [ '4.3.0' ],
6019 silly audit   estraverse: [ '4.3.0', '5.3.0' ],
6019 silly audit   '@discoveryjs/json-ext': [ '0.5.7' ],
6019 silly audit   'acorn-walk': [ '8.3.5' ],
6019 silly audit   debounce: [ '1.2.1' ],
6019 silly audit   'gzip-size': [ '6.0.0' ],
6019 silly audit   'html-escaper': [ '2.0.2' ],
6019 silly audit   opener: [ '1.5.2' ],
6019 silly audit   sirv: [ '2.0.4' ],
6019 silly audit   ws: [ '7.5.10', '8.20.0' ],
6019 silly audit   duplexer: [ '0.1.2' ],
6019 silly audit   '@polka/url': [ '1.0.0-next.29' ],
6019 silly audit   mrmime: [ '2.0.1' ],
6019 silly audit   totalist: [ '3.0.1' ],
6019 silly audit   '@types/bonjour': [ '3.5.13' ],
6019 silly audit   '@types/connect-history-api-fallback': [ '1.5.4' ],
6019 silly audit   '@types/express': [ '4.17.25' ],
6019 silly audit   '@types/express-serve-static-core': [ '4.19.8' ],
6019 silly audit   '@types/serve-index': [ '1.9.4' ],
6019 silly audit   '@types/serve-static': [ '1.15.10' ],
6019 silly audit   '@types/sockjs': [ '0.3.36' ],
6019 silly audit   '@types/ws': [ '8.18.1' ],
6019 silly audit   'ansi-html-community': [ '0.0.8' ],
6019 silly audit   'bonjour-service': [ '1.3.0' ],
6019 silly audit   colorette: [ '2.0.20' ],
6019 silly audit   compression: [ '1.8.1' ],
6019 silly audit   'connect-history-api-fallback': [ '2.0.0' ],
6019 silly audit   express: [ '4.22.1' ],
6019 silly audit   'http-proxy-middleware': [ '2.0.9' ],
6019 silly audit   'ipaddr.js': [ '2.3.0', '1.9.1' ],
6019 silly audit   'launch-editor': [ '2.13.2' ],
6019 silly audit   'p-retry': [ '6.2.1' ],
6019 silly audit   selfsigned: [ '5.5.0' ],
6019 silly audit   'serve-index': [ '1.9.2' ],
6019 silly audit   sockjs: [ '0.3.24' ],
6019 silly audit   spdy: [ '4.0.2' ],
6019 silly audit   'webpack-dev-middleware': [ '7.4.5' ],
6019 silly audit   '@types/body-parser': [ '1.19.6' ],
6019 silly audit   '@types/qs': [ '6.15.0' ],
6019 silly audit   '@types/connect': [ '3.4.38' ],
6019 silly audit   '@types/range-parser': [ '1.2.7' ],
6019 silly audit   '@types/send': [ '1.2.1', '0.17.6' ],
6019 silly audit   '@types/http-errors': [ '2.0.5' ],
6019 silly audit   'multicast-dns': [ '7.2.5' ],
6019 silly audit   compressible: [ '2.0.18' ],
6019 silly audit   negotiator: [ '0.6.4', '0.6.3' ],
6019 silly audit   'on-headers': [ '1.1.0' ],
6019 silly audit   vary: [ '1.1.2' ],
6019 silly audit   accepts: [ '1.3.8' ],
6019 silly audit   'array-flatten': [ '1.1.1' ],
6019 silly audit   'body-parser': [ '1.20.4' ],
6019 silly audit   'content-type': [ '1.0.5' ],
6019 silly audit   cookie: [ '0.7.2' ],
6019 silly audit   'cookie-signature': [ '1.0.7' ],
6019 silly audit   depd: [ '2.0.0', '1.1.2' ],
6019 silly audit   encodeurl: [ '2.0.0' ],
6019 silly audit   etag: [ '1.8.1' ],
6019 silly audit   finalhandler: [ '1.3.2' ],
6019 silly audit   fresh: [ '0.5.2' ],
6019 silly audit   'http-errors': [ '2.0.1', '1.8.1' ],
6019 silly audit   'merge-descriptors': [ '1.0.3' ],
6019 silly audit   methods: [ '1.1.2' ],
6019 silly audit   'on-finished': [ '2.4.1' ],
6019 silly audit   parseurl: [ '1.3.3' ],
6019 silly audit   'proxy-addr': [ '2.0.7' ],
6019 silly audit   qs: [ '6.14.2' ],
6019 silly audit   send: [ '0.19.2' ],
6019 silly audit   'serve-static': [ '1.16.3' ],
6019 silly audit   setprototypeof: [ '1.2.0' ],
6019 silly audit   statuses: [ '2.0.2', '1.5.0' ],
6019 silly audit   'type-is': [ '1.6.18' ],
6019 silly audit   'utils-merge': [ '1.0.1' ],
6019 silly audit   destroy: [ '1.2.0' ],
6019 silly audit   'iconv-lite': [ '0.4.24' ],
6019 silly audit   'raw-body': [ '2.5.3' ],
6019 silly audit   unpipe: [ '1.0.0' ],
6019 silly audit   inherits: [ '2.0.4' ],
6019 silly audit   toidentifier: [ '1.0.1' ],
6019 silly audit   '@types/http-proxy': [ '1.17.17' ],
6019 silly audit   'http-proxy': [ '1.18.1' ],
6019 silly audit   'follow-redirects': [ '1.15.11' ],
6019 silly audit   'requires-port': [ '1.0.0' ],
6019 silly audit   'safer-buffer': [ '2.1.2' ],
6019 silly audit   'shell-quote': [ '1.8.3' ],
6019 silly audit   'dns-packet': [ '5.6.1' ],
6019 silly audit   thunky: [ '1.1.0' ],
6019 silly audit   '@leichtgewicht/ip-codec': [ '2.0.5' ],
6019 silly audit   'ee-first': [ '1.1.1' ],
6019 silly audit   '@types/retry': [ '0.12.2' ],
6019 silly audit   'is-network-error': [ '1.3.1' ],
6019 silly audit   retry: [ '0.13.1' ],
6019 silly audit   forwarded: [ '0.2.0' ],
6019 silly audit   'side-channel': [ '1.1.0' ],
6019 silly audit   '@peculiar/x509': [ '1.14.3' ],
6019 silly audit   pkijs: [ '3.4.0' ],
6019 silly audit   '@peculiar/asn1-cms': [ '2.6.1' ],
6019 silly audit   '@peculiar/asn1-csr': [ '2.6.1' ],
6019 silly audit   '@peculiar/asn1-ecc': [ '2.6.1' ],
6019 silly audit   '@peculiar/asn1-pkcs9': [ '2.6.1' ],
6019 silly audit   '@peculiar/asn1-rsa': [ '2.6.1' ],
6019 silly audit   '@peculiar/asn1-schema': [ '2.6.0' ],
6019 silly audit   '@peculiar/asn1-x509': [ '2.6.1' ],
6019 silly audit   pvtsutils: [ '1.3.6' ],
6019 silly audit   'reflect-metadata': [ '0.2.2' ],
6019 silly audit   tsyringe: [ '4.10.0' ],
6019 silly audit   '@peculiar/asn1-x509-attr': [ '2.6.1' ],
6019 silly audit   asn1js: [ '3.0.7' ],
6019 silly audit   '@peculiar/asn1-pfx': [ '2.6.1' ],
6019 silly audit   '@peculiar/asn1-pkcs8': [ '2.6.1' ],
6019 silly audit   pvutils: [ '1.1.5' ],
6019 silly audit   '@noble/hashes': [ '1.4.0' ],
6019 silly audit   bytestreamjs: [ '2.0.1' ],
6019 silly audit   mime: [ '1.6.0' ],
6019 silly audit   batch: [ '0.6.1' ],
6019 silly audit   'object-inspect': [ '1.13.4' ],
6019 silly audit   'side-channel-list': [ '1.0.0' ],
6019 silly audit   'side-channel-map': [ '1.0.1' ],
6019 silly audit   'side-channel-weakmap': [ '1.0.2' ],
6019 silly audit   'faye-websocket': [ '0.11.4' ],
6019 silly audit   uuid: [ '8.3.2' ],
6019 silly audit   'websocket-driver': [ '0.7.4' ],
6019 silly audit   'handle-thing': [ '2.0.1' ],
6019 silly audit   'http-deceiver': [ '1.2.7' ],
6019 silly audit   'select-hose': [ '2.0.0' ],
6019 silly audit   'spdy-transport': [ '3.0.0' ],
6019 silly audit   'detect-node': [ '2.1.0' ],
6019 silly audit   'hpack.js': [ '2.1.6' ],
6019 silly audit   obuf: [ '1.1.2' ],
6019 silly audit   'readable-stream': [ '3.6.2', '2.3.8' ],
6019 silly audit   wbuf: [ '1.7.3' ],
6019 silly audit   string_decoder: [ '1.3.0', '1.1.1' ],
6019 silly audit   'media-typer': [ '0.3.0' ],
6019 silly audit   'minimalistic-assert': [ '1.0.1' ],
6019 silly audit   memfs: [ '4.57.1' ],
6019 silly audit   '@jsonjoy.com/fs-core': [ '4.57.1' ],
6019 silly audit   '@jsonjoy.com/fs-fsa': [ '4.57.1' ],
6019 silly audit   '@jsonjoy.com/fs-node': [ '4.57.1' ],
6019 silly audit   '@jsonjoy.com/fs-node-builtins': [ '4.57.1' ],
6019 silly audit   '@jsonjoy.com/fs-node-to-fsa': [ '4.57.1' ],
6019 silly audit   '@jsonjoy.com/fs-node-utils': [ '4.57.1' ],
6019 silly audit   '@jsonjoy.com/fs-print': [ '4.57.1' ],
6019 silly audit   '@jsonjoy.com/fs-snapshot': [ '4.57.1' ],
6019 silly audit   '@jsonjoy.com/json-pack': [ '1.21.0', '17.67.0' ],
6019 silly audit   '@jsonjoy.com/util': [ '1.9.0', '17.67.0' ],
6019 silly audit   'glob-to-regex.js': [ '1.2.0' ],
6019 silly audit   thingies: [ '2.6.0' ],
6019 silly audit   'tree-dump': [ '1.1.0' ],
6019 silly audit   '@jsonjoy.com/buffers': [ '17.67.0', '1.2.1' ],
6019 silly audit   '@jsonjoy.com/base64': [ '1.1.2', '17.67.0' ],
6019 silly audit   '@jsonjoy.com/codegen': [ '1.0.0', '17.67.0' ],
6019 silly audit   '@jsonjoy.com/json-pointer': [ '1.0.2', '17.67.0' ],
6019 silly audit   hyperdyperid: [ '1.2.0' ],
6019 silly audit   'clone-deep': [ '4.0.1' ],
6019 silly audit   flat: [ '5.0.2' ],
6019 silly audit   wildcard: [ '2.0.1' ],
6019 silly audit   'is-plain-object': [ '2.0.4' ],
6019 silly audit   'shallow-clone': [ '3.0.1' ],
6019 silly audit   isobject: [ '3.0.1' ],
6019 silly audit   'ansi-escapes': [ '4.3.2' ],
6019 silly audit   consola: [ '3.4.2' ],
6019 silly audit   figures: [ '3.2.0' ],
6019 silly audit   'pretty-time': [ '1.1.0' ],
6019 silly audit   'std-env': [ '3.10.0' ],
6019 silly audit   'http-parser-js': [ '0.5.10' ],
6019 silly audit   'websocket-extensions': [ '0.1.4' ],
6019 silly audit   isexe: [ '2.0.0' ],
6019 silly audit   imurmurhash: [ '0.1.4' ],
6019 silly audit   'is-typedarray': [ '1.0.0' ],
6019 silly audit   'typedarray-to-buffer': [ '3.1.5' ],
6019 silly audit   '@types/mime': [ '1.3.5' ],
6019 silly audit   'is-fullwidth-code-point': [ '3.0.0' ],
6019 silly audit   'fast-json-stable-stringify': [ '2.1.0' ],
6019 silly audit   'uri-js': [ '4.4.1' ],
6019 silly audit   punycode: [ '2.3.1' ],
6019 silly audit   esprima: [ '4.0.1' ],
6019 silly audit   'sprintf-js': [ '1.0.3' ],
6019 silly audit   'core-util-is': [ '1.0.3' ],
6019 silly audit   'process-nextick-args': [ '2.0.1' ],
6019 silly audit   he: [ '1.2.0' ],
6019 silly audit   'default-browser': [ '5.5.0' ],
6019 silly audit   'is-inside-container': [ '1.0.0' ],
6019 silly audit   'wsl-utils': [ '0.1.0' ],
6019 silly audit   'bundle-name': [ '4.1.0' ],
6019 silly audit   'default-browser-id': [ '5.0.1' ],
6019 silly audit   'run-applescript': [ '7.1.0' ],
6019 silly audit   'repeat-string': [ '1.6.1' ]
6019 silly audit }
6020 verbose reify failed optional dependency /workspace/node_modules/fsevents
6021 silly reify mark deleted [ '/workspace/node_modules/fsevents' ]
6022 http fetch POST 200 https://registry.npmjs.org/-/npm/v1/security/advisories/bulk 595ms
6023 silly audit report {
6023 silly audit report   'serialize-javascript': [
6023 silly audit report     {
6023 silly audit report       id: 1113686,
6023 silly audit report       url: 'https://github.com/advisories/GHSA-5c6j-r48x-rmvq',
6023 silly audit report       title: 'Serialize JavaScript is Vulnerable to RCE via RegExp.flags and Date.prototype.toISOString()',
6023 silly audit report       severity: 'high',
6023 silly audit report       vulnerable_versions: '<=7.0.2',
6023 silly audit report       cwe: [Array],
6023 silly audit report       cvss: [Object]
6023 silly audit report     }
6023 silly audit report   ]
6023 silly audit report }
6024 silly packumentCache corgi:https://registry.npmjs.org/serialize-javascript cache-miss
6025 http fetch GET 200 https://registry.npmjs.org/serialize-javascript 6710ms (cache hit)
6026 silly packumentCache corgi:https://registry.npmjs.org/serialize-javascript set size:36142 disposed:false
6027 silly packumentCache corgi:https://registry.npmjs.org/copy-webpack-plugin cache-miss
6028 silly packumentCache corgi:https://registry.npmjs.org/css-minimizer-webpack-plugin cache-miss
6029 http fetch GET 200 https://registry.npmjs.org/copy-webpack-plugin 1166ms (cache hit)
6030 silly packumentCache corgi:https://registry.npmjs.org/copy-webpack-plugin set size:140312 disposed:false
6031 http fetch GET 200 https://registry.npmjs.org/css-minimizer-webpack-plugin 1168ms (cache hit)
6032 silly packumentCache corgi:https://registry.npmjs.org/css-minimizer-webpack-plugin set size:92918 disposed:false
6033 silly packumentCache corgi:https://registry.npmjs.org/@docusaurus%2fbundler cache-miss
6034 http fetch GET 200 https://registry.npmjs.org/@docusaurus%2fbundler 505ms (cache hit)
6035 silly packumentCache corgi:https://registry.npmjs.org/@docusaurus%2fbundler set size:417552 disposed:false
6036 silly packumentCache corgi:https://registry.npmjs.org/@docusaurus%2fcore cache-miss
6037 http fetch GET 200 https://registry.npmjs.org/@docusaurus%2fcore 319ms (cache hit)
6038 silly packumentCache corgi:https://registry.npmjs.org/@docusaurus%2fcore set size:7480348 disposed:false
6039 silly packumentCache corgi:https://registry.npmjs.org/@docusaurus%2fpreset-classic cache-miss
6040 silly packumentCache corgi:https://registry.npmjs.org/@docusaurus%2fplugin-content-blog cache-miss
6041 silly packumentCache corgi:https://registry.npmjs.org/@docusaurus%2fplugin-content-docs cache-miss
6042 silly packumentCache corgi:https://registry.npmjs.org/@docusaurus%2fplugin-content-pages cache-miss
6043 silly packumentCache corgi:https://registry.npmjs.org/@docusaurus%2fplugin-css-cascade-layers cache-miss
6044 silly packumentCache corgi:https://registry.npmjs.org/@docusaurus%2fplugin-debug cache-miss
6045 silly packumentCache corgi:https://registry.npmjs.org/@docusaurus%2fplugin-google-analytics cache-miss
6046 silly packumentCache corgi:https://registry.npmjs.org/@docusaurus%2fplugin-google-gtag cache-miss
6047 silly packumentCache corgi:https://registry.npmjs.org/@docusaurus%2fplugin-google-tag-manager cache-miss
6048 silly packumentCache corgi:https://registry.npmjs.org/@docusaurus%2fplugin-sitemap cache-miss
6049 silly packumentCache corgi:https://registry.npmjs.org/@docusaurus%2fplugin-svgr cache-miss
6050 silly packumentCache corgi:https://registry.npmjs.org/@docusaurus%2ftheme-classic cache-miss
6051 silly packumentCache corgi:https://registry.npmjs.org/@docusaurus%2ftheme-search-algolia cache-miss
6052 http fetch GET 200 https://registry.npmjs.org/@docusaurus%2fplugin-css-cascade-layers 207ms (cache hit)
6053 silly packumentCache corgi:https://registry.npmjs.org/@docusaurus%2fplugin-css-cascade-layers set size:98647 disposed:false
6054 http fetch GET 200 https://registry.npmjs.org/@docusaurus%2fplugin-google-tag-manager 354ms (cache hit)
6055 silly packumentCache corgi:https://registry.npmjs.org/@docusaurus%2fplugin-google-tag-manager set size:600694 disposed:false
6056 http fetch GET 200 https://registry.npmjs.org/@docusaurus%2fplugin-content-blog 1134ms (cache hit)
6057 silly packumentCache corgi:https://registry.npmjs.org/@docusaurus%2fplugin-content-blog set size:3804058 disposed:false
6058 http fetch GET 200 https://registry.npmjs.org/@docusaurus%2fpreset-classic 1821ms (cache hit)
6059 silly packumentCache corgi:https://registry.npmjs.org/@docusaurus%2fpreset-classic set size:3804082 disposed:false
6060 http fetch GET 200 https://registry.npmjs.org/@docusaurus%2fplugin-sitemap 1867ms (cache hit)
6061 silly packumentCache corgi:https://registry.npmjs.org/@docusaurus%2fplugin-sitemap set size:3285642 disposed:false
6062 http fetch GET 200 https://registry.npmjs.org/@docusaurus%2fplugin-google-analytics 1917ms (cache hit)
6063 silly packumentCache corgi:https://registry.npmjs.org/@docusaurus%2fplugin-google-analytics set size:2995144 disposed:false
6064 http fetch GET 200 https://registry.npmjs.org/@docusaurus%2fplugin-content-pages 1967ms (cache hit)
6065 silly packumentCache corgi:https://registry.npmjs.org/@docusaurus%2fplugin-content-pages set size:3366278 disposed:false
6066 http fetch GET 200 https://registry.npmjs.org/@docusaurus%2ftheme-classic 2006ms (cache hit)
6067 silly packumentCache corgi:https://registry.npmjs.org/@docusaurus%2ftheme-classic set size:4645035 disposed:false
6068 http fetch GET 200 https://registry.npmjs.org/@docusaurus%2fplugin-debug 2049ms (cache hit)
6069 silly packumentCache corgi:https://registry.npmjs.org/@docusaurus%2fplugin-debug set size:2998511 disposed:false
6070 http fetch GET 200 https://registry.npmjs.org/@docusaurus%2fplugin-google-gtag 2087ms (cache hit)
6071 silly packumentCache corgi:https://registry.npmjs.org/@docusaurus%2fplugin-google-gtag set size:2981389 disposed:false
6072 http fetch GET 200 https://registry.npmjs.org/@docusaurus%2fplugin-svgr 2123ms (cache hit)
6073 silly packumentCache corgi:https://registry.npmjs.org/@docusaurus%2fplugin-svgr set size:216552 disposed:false
6074 http fetch GET 200 https://registry.npmjs.org/@docusaurus%2ftheme-search-algolia 2135ms (cache hit)
6075 silly packumentCache corgi:https://registry.npmjs.org/@docusaurus%2ftheme-search-algolia set size:3698417 disposed:false
6076 http fetch GET 200 https://registry.npmjs.org/@docusaurus%2fplugin-content-docs 2187ms (cache hit)
6077 silly packumentCache corgi:https://registry.npmjs.org/@docusaurus%2fplugin-content-docs set size:4128852 disposed:false
6078 info run core-js@3.49.0 postinstall node_modules/core-js node -e "try{require('./postinstall')}catch(e){}"
6079 info run core-js@3.49.0 postinstall { code: 0, signal: null }
6080 info run core-js-pure@3.49.0 postinstall node_modules/core-js-pure node -e "try{require('./postinstall')}catch(e){}"
6081 info run core-js-pure@3.49.0 postinstall { code: 0, signal: null }
6082 silly ADD node_modules/repeat-string
6083 silly ADD node_modules/run-applescript
6084 silly ADD node_modules/default-browser-id
6085 silly ADD node_modules/bundle-name
6086 silly ADD node_modules/wsl-utils
6087 silly ADD node_modules/wsl-utils/node_modules/is-wsl
6088 silly ADD node_modules/is-inside-container
6089 silly ADD node_modules/is-inside-container/node_modules/is-docker
6090 silly ADD node_modules/default-browser
6091 silly ADD node_modules/he
6092 silly ADD node_modules/process-nextick-args
6093 silly ADD node_modules/core-util-is
6094 silly ADD node_modules/sprintf-js
6095 silly ADD node_modules/esprima
6096 silly ADD node_modules/punycode
6097 silly ADD node_modules/uri-js
6098 silly ADD node_modules/fast-json-stable-stringify
6099 silly ADD node_modules/is-fullwidth-code-point
6100 silly ADD node_modules/@types/mime
6101 silly ADD node_modules/typedarray-to-buffer
6102 silly ADD node_modules/is-typedarray
6103 silly ADD node_modules/imurmurhash
6104 silly ADD node_modules/isexe
6105 silly ADD node_modules/websocket-extensions
6106 silly ADD node_modules/http-parser-js
6107 silly ADD node_modules/std-env
6108 silly ADD node_modules/pretty-time
6109 silly ADD node_modules/figures
6110 silly ADD node_modules/figures/node_modules/escape-string-regexp
6111 silly ADD node_modules/consola
6112 silly ADD node_modules/ansi-escapes
6113 silly ADD node_modules/ansi-escapes/node_modules/type-fest
6114 silly ADD node_modules/isobject
6115 silly ADD node_modules/shallow-clone
6116 silly ADD node_modules/is-plain-object
6117 silly ADD node_modules/wildcard
6118 silly ADD node_modules/flat
6119 silly ADD node_modules/clone-deep
6120 silly ADD node_modules/hyperdyperid
6121 silly ADD node_modules/@jsonjoy.com/json-pointer
6122 silly ADD node_modules/@jsonjoy.com/codegen
6123 silly ADD node_modules/@jsonjoy.com/base64
6124 silly ADD node_modules/@jsonjoy.com/buffers
6125 silly ADD node_modules/tree-dump
6126 silly ADD node_modules/thingies
6127 silly ADD node_modules/glob-to-regex.js
6128 silly ADD node_modules/@jsonjoy.com/util
6129 silly ADD node_modules/@jsonjoy.com/util/node_modules/@jsonjoy.com/buffers
6130 silly ADD node_modules/@jsonjoy.com/json-pack
6131 silly ADD node_modules/@jsonjoy.com/json-pack/node_modules/@jsonjoy.com/buffers
6132 silly ADD node_modules/@jsonjoy.com/fs-snapshot
6133 silly ADD node_modules/@jsonjoy.com/fs-snapshot/node_modules/@jsonjoy.com/json-pointer
6134 silly ADD node_modules/@jsonjoy.com/fs-snapshot/node_modules/@jsonjoy.com/codegen
6135 silly ADD node_modules/@jsonjoy.com/fs-snapshot/node_modules/@jsonjoy.com/base64
6136 silly ADD node_modules/@jsonjoy.com/fs-snapshot/node_modules/@jsonjoy.com/util
6137 silly ADD node_modules/@jsonjoy.com/fs-snapshot/node_modules/@jsonjoy.com/json-pack
6138 silly ADD node_modules/@jsonjoy.com/fs-print
6139 silly ADD node_modules/@jsonjoy.com/fs-node-utils
6140 silly ADD node_modules/@jsonjoy.com/fs-node-to-fsa
6141 silly ADD node_modules/@jsonjoy.com/fs-node-builtins
6142 silly ADD node_modules/@jsonjoy.com/fs-node
6143 silly ADD node_modules/@jsonjoy.com/fs-fsa
6144 silly ADD node_modules/@jsonjoy.com/fs-core
6145 silly ADD node_modules/memfs
6146 silly ADD node_modules/minimalistic-assert
6147 silly ADD node_modules/media-typer
6148 silly ADD node_modules/string_decoder
6149 silly ADD node_modules/wbuf
6150 silly ADD node_modules/readable-stream
6151 silly ADD node_modules/obuf
6152 silly ADD node_modules/hpack.js
6153 silly ADD node_modules/hpack.js/node_modules/string_decoder
6154 silly ADD node_modules/hpack.js/node_modules/safe-buffer
6155 silly ADD node_modules/hpack.js/node_modules/isarray
6156 silly ADD node_modules/hpack.js/node_modules/readable-stream
6157 silly ADD node_modules/detect-node
6158 silly ADD node_modules/spdy-transport
6159 silly ADD node_modules/select-hose
6160 silly ADD node_modules/http-deceiver
6161 silly ADD node_modules/handle-thing
6162 silly ADD node_modules/websocket-driver
6163 silly ADD node_modules/uuid
6164 silly ADD node_modules/faye-websocket
6165 silly ADD node_modules/side-channel-weakmap
6166 silly ADD node_modules/side-channel-map
6167 silly ADD node_modules/side-channel-list
6168 silly ADD node_modules/object-inspect
6169 silly ADD node_modules/batch
6170 silly ADD node_modules/mime
6171 silly ADD node_modules/bytestreamjs
6172 silly ADD node_modules/@noble/hashes
6173 silly ADD node_modules/pvutils
6174 silly ADD node_modules/@peculiar/asn1-pkcs8
6175 silly ADD node_modules/@peculiar/asn1-pfx
6176 silly ADD node_modules/asn1js
6177 silly ADD node_modules/@peculiar/asn1-x509-attr
6178 silly ADD node_modules/tsyringe
6179 silly ADD node_modules/tsyringe/node_modules/tslib
6180 silly ADD node_modules/reflect-metadata
6181 silly ADD node_modules/pvtsutils
6182 silly ADD node_modules/@peculiar/asn1-x509
6183 silly ADD node_modules/@peculiar/asn1-schema
6184 silly ADD node_modules/@peculiar/asn1-rsa
6185 silly ADD node_modules/@peculiar/asn1-pkcs9
6186 silly ADD node_modules/@peculiar/asn1-ecc
6187 silly ADD node_modules/@peculiar/asn1-csr
6188 silly ADD node_modules/@peculiar/asn1-cms
6189 silly ADD node_modules/pkijs
6190 silly ADD node_modules/@peculiar/x509
6191 silly ADD node_modules/side-channel
6192 silly ADD node_modules/forwarded
6193 silly ADD node_modules/retry
6194 silly ADD node_modules/is-network-error
6195 silly ADD node_modules/@types/retry
6196 silly ADD node_modules/ee-first
6197 silly ADD node_modules/@leichtgewicht/ip-codec
6198 silly ADD node_modules/thunky
6199 silly ADD node_modules/dns-packet
6200 silly ADD node_modules/shell-quote
6201 silly ADD node_modules/safer-buffer
6202 silly ADD node_modules/requires-port
6203 silly ADD node_modules/follow-redirects
6204 silly ADD node_modules/http-proxy
6205 silly ADD node_modules/@types/http-proxy
6206 silly ADD node_modules/toidentifier
6207 silly ADD node_modules/inherits
6208 silly ADD node_modules/unpipe
6209 silly ADD node_modules/raw-body
6210 silly ADD node_modules/raw-body/node_modules/bytes
6211 silly ADD node_modules/iconv-lite
6212 silly ADD node_modules/destroy
6213 silly ADD node_modules/utils-merge
6214 silly ADD node_modules/type-is
6215 silly ADD node_modules/type-is/node_modules/mime-db
6216 silly ADD node_modules/type-is/node_modules/mime-types
6217 silly ADD node_modules/statuses
6218 silly ADD node_modules/setprototypeof
6219 silly ADD node_modules/serve-static
6220 silly ADD node_modules/send
6221 silly ADD node_modules/send/node_modules/range-parser
6222 silly ADD node_modules/send/node_modules/debug
6223 silly ADD node_modules/send/node_modules/debug/node_modules/ms
6224 silly ADD node_modules/qs
6225 silly ADD node_modules/proxy-addr
6226 silly ADD node_modules/proxy-addr/node_modules/ipaddr.js
6227 silly ADD node_modules/parseurl
6228 silly ADD node_modules/on-finished
6229 silly ADD node_modules/methods
6230 silly ADD node_modules/merge-descriptors
6231 silly ADD node_modules/http-errors
6232 silly ADD node_modules/fresh
6233 silly ADD node_modules/finalhandler
6234 silly ADD node_modules/finalhandler/node_modules/ms
6235 silly ADD node_modules/finalhandler/node_modules/debug
6236 silly ADD node_modules/etag
6237 silly ADD node_modules/encodeurl
6238 silly ADD node_modules/depd
6239 silly ADD node_modules/cookie-signature
6240 silly ADD node_modules/cookie
6241 silly ADD node_modules/content-type
6242 silly ADD node_modules/body-parser
6243 silly ADD node_modules/body-parser/node_modules/ms
6244 silly ADD node_modules/body-parser/node_modules/debug
6245 silly ADD node_modules/body-parser/node_modules/bytes
6246 silly ADD node_modules/array-flatten
6247 silly ADD node_modules/accepts
6248 silly ADD node_modules/accepts/node_modules/mime-db
6249 silly ADD node_modules/accepts/node_modules/negotiator
6250 silly ADD node_modules/accepts/node_modules/mime-types
6251 silly ADD node_modules/vary
6252 silly ADD node_modules/on-headers
6253 silly ADD node_modules/negotiator
6254 silly ADD node_modules/compressible
6255 silly ADD node_modules/compressible/node_modules/mime-db
6256 silly ADD node_modules/multicast-dns
6257 silly ADD node_modules/@types/http-errors
6258 silly ADD node_modules/@types/send
6259 silly ADD node_modules/@types/range-parser
6260 silly ADD node_modules/@types/connect
6261 silly ADD node_modules/@types/qs
6262 silly ADD node_modules/@types/body-parser
6263 silly ADD node_modules/webpack-dev-middleware
6264 silly ADD node_modules/webpack-dev-middleware/node_modules/mime-db
6265 silly ADD node_modules/webpack-dev-middleware/node_modules/range-parser
6266 silly ADD node_modules/webpack-dev-middleware/node_modules/mime-types
6267 silly ADD node_modules/spdy
6268 silly ADD node_modules/sockjs
6269 silly ADD node_modules/serve-index
6270 silly ADD node_modules/serve-index/node_modules/mime-db
6271 silly ADD node_modules/serve-index/node_modules/statuses
6272 silly ADD node_modules/serve-index/node_modules/depd
6273 silly ADD node_modules/serve-index/node_modules/ms
6274 silly ADD node_modules/serve-index/node_modules/mime-types
6275 silly ADD node_modules/serve-index/node_modules/http-errors
6276 silly ADD node_modules/serve-index/node_modules/debug
6277 silly ADD node_modules/selfsigned
6278 silly ADD node_modules/p-retry
6279 silly ADD node_modules/launch-editor
6280 silly ADD node_modules/ipaddr.js
6281 silly ADD node_modules/http-proxy-middleware
6282 silly ADD node_modules/http-proxy-middleware/node_modules/is-plain-obj
6283 silly ADD node_modules/express
6284 silly ADD node_modules/express/node_modules/ms
6285 silly ADD node_modules/express/node_modules/range-parser
6286 silly ADD node_modules/express/node_modules/path-to-regexp
6287 silly ADD node_modules/express/node_modules/debug
6288 silly ADD node_modules/express/node_modules/content-disposition
6289 silly ADD node_modules/connect-history-api-fallback
6290 silly ADD node_modules/compression
6291 silly ADD node_modules/compression/node_modules/ms
6292 silly ADD node_modules/compression/node_modules/debug
6293 silly ADD node_modules/compression/node_modules/bytes
6294 silly ADD node_modules/colorette
6295 silly ADD node_modules/bonjour-service
6296 silly ADD node_modules/ansi-html-community
6297 silly ADD node_modules/@types/ws
6298 silly ADD node_modules/@types/sockjs
6299 silly ADD node_modules/@types/serve-static
6300 silly ADD node_modules/@types/serve-static/node_modules/@types/send
6301 silly ADD node_modules/@types/serve-index
6302 silly ADD node_modules/@types/express-serve-static-core
6303 silly ADD node_modules/@types/express
6304 silly ADD node_modules/@types/connect-history-api-fallback
6305 silly ADD node_modules/@types/bonjour
6306 silly ADD node_modules/totalist
6307 silly ADD node_modules/mrmime
6308 silly ADD node_modules/@polka/url
6309 silly ADD node_modules/duplexer
6310 silly ADD node_modules/ws
6311 silly ADD node_modules/sirv
6312 silly ADD node_modules/opener
6313 silly ADD node_modules/html-escaper
6314 silly ADD node_modules/gzip-size
6315 silly ADD node_modules/debounce
6316 silly ADD node_modules/acorn-walk
6317 silly ADD node_modules/@discoveryjs/json-ext
6318 silly ADD node_modules/estraverse
6319 silly ADD node_modules/esrecurse
6320 silly ADD node_modules/esrecurse/node_modules/estraverse
6321 silly ADD node_modules/@xtuc/ieee754
6322 silly ADD node_modules/@webassemblyjs/utf8
6323 silly ADD node_modules/@webassemblyjs/leb128
6324 silly ADD node_modules/@webassemblyjs/ieee754
6325 silly ADD node_modules/@webassemblyjs/wast-printer
6326 silly ADD node_modules/@webassemblyjs/wasm-opt
6327 silly ADD node_modules/@webassemblyjs/wasm-gen
6328 silly ADD node_modules/@webassemblyjs/helper-wasm-section
6329 silly ADD node_modules/@webassemblyjs/helper-buffer
6330 silly ADD node_modules/@xtuc/long
6331 silly ADD node_modules/@webassemblyjs/helper-api-error
6332 silly ADD node_modules/@webassemblyjs/floating-point-hex-parser
6333 silly ADD node_modules/@webassemblyjs/helper-wasm-bytecode
6334 silly ADD node_modules/@webassemblyjs/helper-numbers
6335 silly ADD node_modules/@types/eslint
6336 silly ADD node_modules/webpack-sources
6337 silly ADD node_modules/watchpack
6338 silly ADD node_modules/neo-async
6339 silly ADD node_modules/loader-runner
6340 silly ADD node_modules/glob-to-regexp
6341 silly ADD node_modules/events
6342 silly ADD node_modules/eslint-scope
6343 silly ADD node_modules/es-module-lexer
6344 silly ADD node_modules/enhanced-resolve
6345 silly ADD node_modules/chrome-trace-event
6346 silly ADD node_modules/acorn-import-phases
6347 silly ADD node_modules/@webassemblyjs/wasm-parser
6348 silly ADD node_modules/@webassemblyjs/wasm-edit
6349 silly ADD node_modules/@webassemblyjs/ast
6350 silly ADD node_modules/@types/eslint-scope
6351 silly ADD node_modules/crypto-random-string
6352 silly ADD node_modules/crypto-random-string/node_modules/type-fest
6353 silly ADD node_modules/minimist
6354 silly ADD node_modules/deep-extend
6355 silly ADD node_modules/rc
6356 silly ADD node_modules/rc/node_modules/strip-json-comments
6357 silly ADD node_modules/rc/node_modules/ini
6358 silly ADD node_modules/proto-list
6359 silly ADD node_modules/config-chain
6360 silly ADD node_modules/config-chain/node_modules/ini
6361 silly ADD node_modules/@pnpm/network.ca-file
6362 silly ADD node_modules/@pnpm/network.ca-file/node_modules/graceful-fs
6363 silly ADD node_modules/@pnpm/config.env-replace
6364 silly ADD node_modules/@pnpm/npm-conf
6365 silly ADD node_modules/escape-goat
6366 silly ADD node_modules/json-buffer
6367 silly ADD node_modules/resolve-alpn
6368 silly ADD node_modules/quick-lru
6369 silly ADD node_modules/normalize-url
6370 silly ADD node_modules/mimic-response
6371 silly ADD node_modules/keyv
6372 silly ADD node_modules/http-cache-semantics
6373 silly ADD node_modules/@types/http-cache-semantics
6374 silly ADD node_modules/defer-to-connect
6375 silly ADD node_modules/responselike
6376 silly ADD node_modules/p-cancelable
6377 silly ADD node_modules/lowercase-keys
6378 silly ADD node_modules/http2-wrapper
6379 silly ADD node_modules/form-data-encoder
6380 silly ADD node_modules/decompress-response
6381 silly ADD node_modules/decompress-response/node_modules/mimic-response
6382 silly ADD node_modules/cacheable-request
6383 silly ADD node_modules/cacheable-lookup
6384 silly ADD node_modules/@szmarczak/http-timer
6385 silly ADD node_modules/registry-url
6386 silly ADD node_modules/registry-auth-token
6387 silly ADD node_modules/got
6388 silly ADD node_modules/got/node_modules/@sindresorhus/is
6389 silly ADD node_modules/package-json
6390 silly ADD node_modules/ini
6391 silly ADD node_modules/is-path-inside
6392 silly ADD node_modules/global-dirs
6393 silly ADD node_modules/write-file-atomic
6394 silly ADD node_modules/unique-string
6395 silly ADD node_modules/dot-prop
6396 silly ADD node_modules/dot-prop/node_modules/is-obj
6397 silly ADD node_modules/xdg-basedir
6398 silly ADD node_modules/semver-diff
6399 silly ADD node_modules/pupa
6400 silly ADD node_modules/latest-version
6401 silly ADD node_modules/is-yarn-global
6402 silly ADD node_modules/is-npm
6403 silly ADD node_modules/is-installed-globally
6404 silly ADD node_modules/is-ci
6405 silly ADD node_modules/import-lazy
6406 silly ADD node_modules/has-yarn
6407 silly ADD node_modules/configstore
6408 silly ADD node_modules/trough
6409 silly ADD node_modules/is-plain-obj
6410 silly ADD node_modules/extend
6411 silly ADD node_modules/bail
6412 silly ADD node_modules/unicode-property-aliases-ecmascript
6413 silly ADD node_modules/unicode-canonical-property-names-ecmascript
6414 silly ADD node_modules/is-number
6415 silly ADD node_modules/buffer-from
6416 silly ADD node_modules/source-map-support
6417 silly ADD node_modules/source-map-support/node_modules/source-map
6418 silly ADD node_modules/@jridgewell/source-map
6419 silly ADD node_modules/mdn-data
6420 silly ADD node_modules/csso
6421 silly ADD node_modules/csso/node_modules/mdn-data
6422 silly ADD node_modules/csso/node_modules/css-tree
6423 silly ADD node_modules/css-tree
6424 silly ADD node_modules/has-flag
6425 silly ADD node_modules/inline-style-parser
6426 silly ADD node_modules/style-to-object
6427 silly ADD node_modules/ansi-regex
6428 silly ADD node_modules/is-regexp
6429 silly ADD node_modules/is-obj
6430 silly ADD node_modules/get-own-enumerable-property-symbols
6431 silly ADD node_modules/character-entities-html4
6432 silly ADD node_modules/emoji-regex
6433 silly ADD node_modules/eastasianwidth
6434 silly ADD node_modules/unicode-emoji-modifier-base
6435 silly ADD node_modules/sax
6436 silly ADD node_modules/arg
6437 silly ADD node_modules/@types/sax
6438 silly ADD node_modules/shebang-regex
6439 silly ADD node_modules/concat-map
6440 silly ADD node_modules/balanced-match
6441 silly ADD node_modules/brace-expansion
6442 silly ADD node_modules/mime-db
6443 silly ADD node_modules/range-parser
6444 silly ADD node_modules/path-is-inside
6445 silly ADD node_modules/minimatch
6446 silly ADD node_modules/mime-types
6447 silly ADD node_modules/content-disposition
6448 silly ADD node_modules/bytes
6449 silly ADD node_modules/safe-buffer
6450 silly ADD node_modules/randombytes
6451 silly ADD node_modules/is-extendable
6452 silly ADD node_modules/extend-shallow
6453 silly ADD node_modules/require-from-string
6454 silly ADD node_modules/json-schema-traverse
6455 silly ADD node_modules/fast-uri
6456 silly ADD node_modules/fast-deep-equal
6457 silly ADD node_modules/ajv-keywords
6458 silly ADD node_modules/ajv-formats
6459 silly ADD node_modules/ajv
6460 silly ADD node_modules/@types/json-schema
6461 silly ADD node_modules/queue-microtask
6462 silly ADD node_modules/strip-json-comments
6463 silly ADD node_modules/escalade
6464 silly ADD node_modules/supports-preserve-symlinks-flag
6465 silly ADD node_modules/path-parse
6466 silly ADD node_modules/is-core-module
6467 silly ADD node_modules/utila
6468 silly ADD node_modules/strip-ansi
6469 silly ADD node_modules/dom-converter
6470 silly ADD node_modules/micromark-util-events-to-acorn
6471 silly ADD node_modules/micromark-util-events-to-acorn/node_modules/micromark-util-symbol
6472 silly ADD node_modules/micromark-factory-mdx-expression
6473 silly ADD node_modules/micromark-factory-mdx-expression/node_modules/micromark-util-symbol
6474 silly ADD node_modules/micromark-factory-mdx-expression/node_modules/micromark-util-character
6475 silly ADD node_modules/micromark-factory-mdx-expression/node_modules/micromark-factory-space
6476 silly ADD node_modules/micromark-extension-mdxjs-esm
6477 silly ADD node_modules/micromark-extension-mdxjs-esm/node_modules/micromark-util-symbol
6478 silly ADD node_modules/micromark-extension-mdxjs-esm/node_modules/micromark-util-character
6479 silly ADD node_modules/micromark-extension-mdx-md
6480 silly ADD node_modules/micromark-extension-mdx-jsx
6481 silly ADD node_modules/micromark-extension-mdx-jsx/node_modules/micromark-util-symbol
6482 silly ADD node_modules/micromark-extension-mdx-jsx/node_modules/micromark-util-character
6483 silly ADD node_modules/micromark-extension-mdx-jsx/node_modules/micromark-factory-space
6484 silly ADD node_modules/micromark-extension-mdx-expression
6485 silly ADD node_modules/micromark-extension-mdx-expression/node_modules/micromark-util-symbol
6486 silly ADD node_modules/micromark-extension-mdx-expression/node_modules/micromark-util-character
6487 silly ADD node_modules/micromark-extension-mdx-expression/node_modules/micromark-factory-space
6488 silly ADD node_modules/micromark-extension-mdxjs
6489 silly ADD node_modules/micromark-extension-gfm-task-list-item
6490 silly ADD node_modules/micromark-extension-gfm-task-list-item/node_modules/micromark-util-symbol
6491 silly ADD node_modules/micromark-extension-gfm-task-list-item/node_modules/micromark-util-character
6492 silly ADD node_modules/micromark-extension-gfm-task-list-item/node_modules/micromark-factory-space
6493 silly ADD node_modules/micromark-extension-gfm-tagfilter
6494 silly ADD node_modules/micromark-extension-gfm-table
6495 silly ADD node_modules/micromark-extension-gfm-table/node_modules/micromark-util-symbol
6496 silly ADD node_modules/micromark-extension-gfm-table/node_modules/micromark-util-character
6497 silly ADD node_modules/micromark-extension-gfm-table/node_modules/micromark-factory-space
6498 silly ADD node_modules/micromark-extension-gfm-strikethrough
6499 silly ADD node_modules/micromark-extension-gfm-strikethrough/node_modules/micromark-util-symbol
6500 silly ADD node_modules/micromark-extension-gfm-footnote
6501 silly ADD node_modules/micromark-extension-gfm-footnote/node_modules/micromark-util-symbol
6502 silly ADD node_modules/micromark-extension-gfm-footnote/node_modules/micromark-util-character
6503 silly ADD node_modules/micromark-extension-gfm-footnote/node_modules/micromark-factory-space
6504 silly ADD node_modules/micromark-extension-gfm-autolink-literal
6505 silly ADD node_modules/micromark-extension-gfm-autolink-literal/node_modules/micromark-util-symbol
6506 silly ADD node_modules/micromark-extension-gfm-autolink-literal/node_modules/micromark-util-character
6507 silly ADD node_modules/markdown-table
6508 silly ADD node_modules/mdast-util-gfm-task-list-item
6509 silly ADD node_modules/mdast-util-gfm-table
6510 silly ADD node_modules/mdast-util-gfm-strikethrough
6511 silly ADD node_modules/mdast-util-gfm-footnote
6512 silly ADD node_modules/mdast-util-gfm-autolink-literal
6513 silly ADD node_modules/mdast-util-gfm-autolink-literal/node_modules/micromark-util-symbol
6514 silly ADD node_modules/mdast-util-gfm-autolink-literal/node_modules/micromark-util-character
6515 silly ADD node_modules/remark-stringify
6516 silly ADD node_modules/micromark-extension-gfm
6517 silly ADD node_modules/mdast-util-gfm
6518 silly ADD node_modules/format
6519 silly ADD node_modules/fault
6520 silly ADD node_modules/micromark-extension-frontmatter
6521 silly ADD node_modules/micromark-extension-frontmatter/node_modules/micromark-util-symbol
6522 silly ADD node_modules/micromark-extension-frontmatter/node_modules/micromark-util-character
6523 silly ADD node_modules/mdast-util-frontmatter
6524 silly ADD node_modules/mdast-util-frontmatter/node_modules/escape-string-regexp
6525 silly ADD node_modules/skin-tone
6526 silly ADD node_modules/emojilib
6527 silly ADD node_modules/char-regex
6528 silly ADD node_modules/@sindresorhus/is
6529 silly ADD node_modules/node-emoji
6530 silly ADD node_modules/mdast-util-find-and-replace
6531 silly ADD node_modules/mdast-util-find-and-replace/node_modules/escape-string-regexp
6532 silly ADD node_modules/emoticon
6533 silly ADD node_modules/unist-util-visit-parents
6534 silly ADD node_modules/micromark-extension-directive
6535 silly ADD node_modules/micromark-extension-directive/node_modules/micromark-util-symbol
6536 silly ADD node_modules/micromark-extension-directive/node_modules/micromark-util-character
6537 silly ADD node_modules/micromark-extension-directive/node_modules/micromark-factory-space
6538 silly ADD node_modules/mdast-util-directive
6539 silly ADD node_modules/estree-util-attach-comments
6540 silly ADD node_modules/hast-util-to-estree
6541 silly ADD node_modules/trim-lines
6542 silly ADD node_modules/hast-util-parse-selector
6543 silly ADD node_modules/vfile-location
6544 silly ADD node_modules/hastscript
6545 silly ADD node_modules/web-namespaces
6546 silly ADD node_modules/mdast-util-to-hast
6547 silly ADD node_modules/html-void-elements
6548 silly ADD node_modules/hast-util-to-parse5
6549 silly ADD node_modules/hast-util-from-parse5
6550 silly ADD node_modules/@ungap/structured-clone
6551 silly ADD node_modules/hast-util-raw
6552 silly ADD node_modules/unicode-match-property-value-ecmascript
6553 silly ADD node_modules/unicode-match-property-ecmascript
6554 silly ADD node_modules/regjsparser
6555 silly ADD node_modules/regjsgen
6556 silly ADD node_modules/regenerate-unicode-properties
6557 silly ADD node_modules/regenerate
6558 silly ADD node_modules/estree-util-visit
6559 silly ADD node_modules/esast-util-from-estree
6560 silly ADD node_modules/esast-util-from-js
6561 silly ADD node_modules/astring
6562 silly ADD node_modules/recma-parse
6563 silly ADD node_modules/estree-util-to-js
6564 silly ADD node_modules/acorn-jsx
6565 silly ADD node_modules/estree-util-build-jsx
6566 silly ADD node_modules/isarray
6567 silly ADD node_modules/value-equal
6568 silly ADD node_modules/tiny-warning
6569 silly ADD node_modules/tiny-invariant
6570 silly ADD node_modules/path-to-regexp
6571 silly ADD node_modules/hoist-non-react-statics
6572 silly ADD node_modules/history
6573 silly ADD node_modules/react-is
6574 silly ADD node_modules/object-assign
6575 silly ADD node_modules/shallowequal
6576 silly ADD node_modules/react-fast-compare
6577 silly ADD node_modules/prop-types
6578 silly ADD node_modules/invariant
6579 silly ADD node_modules/scheduler
6580 silly ADD node_modules/loose-envify
6581 silly ADD node_modules/sisteransi
6582 silly ADD node_modules/kleur
6583 silly ADD node_modules/@types/prismjs
6584 silly ADD node_modules/renderkid
6585 silly ADD node_modules/renderkid/node_modules/entities
6586 silly ADD node_modules/renderkid/node_modules/dom-serializer
6587 silly ADD node_modules/renderkid/node_modules/domutils
6588 silly ADD node_modules/renderkid/node_modules/domhandler
6589 silly ADD node_modules/renderkid/node_modules/htmlparser2
6590 silly ADD node_modules/renderkid/node_modules/css-select
6591 silly ADD node_modules/sort-css-media-queries
6592 silly ADD node_modules/util-deprecate
6593 silly ADD node_modules/cssesc
6594 silly ADD node_modules/@csstools/selector-resolve-nested
6595 silly ADD node_modules/@csstools/cascade-layer-name-parser
6596 silly ADD node_modules/@csstools/media-query-list-parser
6597 silly ADD node_modules/@csstools/selector-specificity
6598 silly ADD node_modules/@csstools/css-calc
6599 silly ADD node_modules/@csstools/color-helpers
6600 silly ADD node_modules/@csstools/utilities
6601 silly ADD node_modules/@csstools/css-tokenizer
6602 silly ADD node_modules/@csstools/css-parser-algorithms
6603 silly ADD node_modules/@csstools/css-color-parser
6604 silly ADD node_modules/postcss-selector-not
6605 silly ADD node_modules/postcss-selector-not/node_modules/postcss-selector-parser
6606 silly ADD node_modules/postcss-replace-overflow-wrap
6607 silly ADD node_modules/postcss-pseudo-class-any-link
6608 silly ADD node_modules/postcss-pseudo-class-any-link/node_modules/postcss-selector-parser
6609 silly ADD node_modules/postcss-place
6610 silly ADD node_modules/postcss-page-break
6611 silly ADD node_modules/postcss-overflow-shorthand
6612 silly ADD node_modules/postcss-opacity-percentage
6613 silly ADD node_modules/postcss-nesting
6614 silly ADD node_modules/postcss-nesting/node_modules/postcss-selector-parser
6615 silly ADD node_modules/postcss-logical
6616 silly ADD node_modules/postcss-lab-function
6617 silly ADD node_modules/postcss-image-set-function
6618 silly ADD node_modules/postcss-gap-properties
6619 silly ADD node_modules/postcss-font-variant
6620 silly ADD node_modules/postcss-focus-within
6621 silly ADD node_modules/postcss-focus-within/node_modules/postcss-selector-parser
6622 silly ADD node_modules/postcss-focus-visible
6623 silly ADD node_modules/postcss-focus-visible/node_modules/postcss-selector-parser
6624 silly ADD node_modules/postcss-double-position-gradients
6625 silly ADD node_modules/postcss-dir-pseudo-class
6626 silly ADD node_modules/postcss-dir-pseudo-class/node_modules/postcss-selector-parser
6627 silly ADD node_modules/postcss-custom-selectors
6628 silly ADD node_modules/postcss-custom-selectors/node_modules/postcss-selector-parser
6629 silly ADD node_modules/postcss-custom-properties
6630 silly ADD node_modules/postcss-custom-media
6631 silly ADD node_modules/postcss-color-rebeccapurple
6632 silly ADD node_modules/postcss-color-hex-alpha
6633 silly ADD node_modules/postcss-color-functional-notation
6634 silly ADD node_modules/postcss-clamp
6635 silly ADD node_modules/postcss-attribute-case-insensitive
6636 silly ADD node_modules/postcss-attribute-case-insensitive/node_modules/postcss-selector-parser
6637 silly ADD node_modules/cssdb
6638 silly ADD node_modules/css-prefers-color-scheme
6639 silly ADD node_modules/css-has-pseudo
6640 silly ADD node_modules/css-has-pseudo/node_modules/postcss-selector-parser
6641 silly ADD node_modules/css-blank-pseudo
6642 silly ADD node_modules/css-blank-pseudo/node_modules/postcss-selector-parser
6643 silly ADD node_modules/@csstools/postcss-unset-value
6644 silly ADD node_modules/@csstools/postcss-trigonometric-functions
6645 silly ADD node_modules/@csstools/postcss-text-decoration-shorthand
6646 silly ADD node_modules/@csstools/postcss-system-ui-font-family
6647 silly ADD node_modules/@csstools/postcss-syntax-descriptor-syntax-production
6648 silly ADD node_modules/@csstools/postcss-stepped-value-functions
6649 silly ADD node_modules/@csstools/postcss-sign-functions
6650 silly ADD node_modules/@csstools/postcss-scope-pseudo-class
6651 silly ADD node_modules/@csstools/postcss-scope-pseudo-class/node_modules/postcss-selector-parser
6652 silly ADD node_modules/@csstools/postcss-relative-color-syntax
6653 silly ADD node_modules/@csstools/postcss-random-function
6654 silly ADD node_modules/@csstools/postcss-property-rule-prelude-list
6655 silly ADD node_modules/@csstools/postcss-progressive-custom-properties
6656 silly ADD node_modules/@csstools/postcss-position-area-property
6657 silly ADD node_modules/@csstools/postcss-oklab-function
6658 silly ADD node_modules/@csstools/postcss-normalize-display-values
6659 silly ADD node_modules/@csstools/postcss-nested-calc
6660 silly ADD node_modules/@csstools/postcss-media-queries-aspect-ratio-number-values
6661 silly ADD node_modules/@csstools/postcss-media-minmax
6662 silly ADD node_modules/@csstools/postcss-logical-viewport-units
6663 silly ADD node_modules/@csstools/postcss-logical-resize
6664 silly ADD node_modules/@csstools/postcss-logical-overscroll-behavior
6665 silly ADD node_modules/@csstools/postcss-logical-overflow
6666 silly ADD node_modules/@csstools/postcss-logical-float-and-clear
6667 silly ADD node_modules/@csstools/postcss-light-dark-function
6668 silly ADD node_modules/@csstools/postcss-is-pseudo-class
6669 silly ADD node_modules/@csstools/postcss-is-pseudo-class/node_modules/postcss-selector-parser
6670 silly ADD node_modules/@csstools/postcss-initial
6671 silly ADD node_modules/@csstools/postcss-ic-unit
6672 silly ADD node_modules/@csstools/postcss-hwb-function
6673 silly ADD node_modules/@csstools/postcss-gradients-interpolation-method
6674 silly ADD node_modules/@csstools/postcss-gamut-mapping
6675 silly ADD node_modules/@csstools/postcss-font-format-keywords
6676 silly ADD node_modules/@csstools/postcss-exponential-functions
6677 silly ADD node_modules/@csstools/postcss-contrast-color-function
6678 silly ADD node_modules/@csstools/postcss-content-alt-text
6679 silly ADD node_modules/@csstools/postcss-color-mix-variadic-function-arguments
6680 silly ADD node_modules/@csstools/postcss-color-mix-function
6681 silly ADD node_modules/@csstools/postcss-color-function-display-p3-linear
6682 silly ADD node_modules/@csstools/postcss-color-function
6683 silly ADD node_modules/@csstools/postcss-cascade-layers
6684 silly ADD node_modules/@csstools/postcss-cascade-layers/node_modules/postcss-selector-parser
6685 silly ADD node_modules/@csstools/postcss-alpha-function
6686 silly ADD node_modules/stylehacks
6687 silly ADD node_modules/lodash.uniq
6688 silly ADD node_modules/lodash.memoize
6689 silly ADD node_modules/colord
6690 silly ADD node_modules/caniuse-api
6691 silly ADD node_modules/postcss-selector-parser
6692 silly ADD node_modules/source-map-js
6693 silly ADD node_modules/nanoid
6694 silly ADD node_modules/yocto-queue
6695 silly ADD node_modules/p-limit
6696 silly ADD node_modules/p-locate
6697 silly ADD node_modules/path-exists
6698 silly ADD node_modules/locate-path
6699 silly ADD node_modules/find-up
6700 silly ADD node_modules/is-arrayish
6701 silly ADD node_modules/lines-and-columns
6702 silly ADD node_modules/json-parse-even-better-errors
6703 silly ADD node_modules/error-ex
6704 silly ADD node_modules/is-alphabetical
6705 silly ADD node_modules/is-hexadecimal
6706 silly ADD node_modules/is-decimal
6707 silly ADD node_modules/is-alphanumerical
6708 silly ADD node_modules/character-reference-invalid
6709 silly ADD node_modules/character-entities-legacy
6710 silly ADD node_modules/callsites
6711 silly ADD node_modules/lower-case
6712 silly ADD node_modules/no-case
6713 silly ADD node_modules/dot-case
6714 silly ADD node_modules/p-finally
6715 silly ADD node_modules/p-timeout
6716 silly ADD node_modules/eventemitter3
6717 silly ADD node_modules/indent-string
6718 silly ADD node_modules/clean-stack
6719 silly ADD node_modules/aggregate-error
6720 silly ADD node_modules/is-wsl
6721 silly ADD node_modules/is-docker
6722 silly ADD node_modules/define-lazy-prop
6723 silly ADD node_modules/mimic-fn
6724 silly ADD node_modules/dunder-proto
6725 silly ADD node_modules/math-intrinsics
6726 silly ADD node_modules/hasown
6727 silly ADD node_modules/get-proto
6728 silly ADD node_modules/gopd
6729 silly ADD node_modules/has-property-descriptors
6730 silly ADD node_modules/define-data-property
6731 silly ADD node_modules/function-bind
6732 silly ADD node_modules/es-errors
6733 silly ADD node_modules/set-function-length
6734 silly ADD node_modules/get-intrinsic
6735 silly ADD node_modules/es-define-property
6736 silly ADD node_modules/call-bind-apply-helpers
6737 silly ADD node_modules/object-keys
6738 silly ADD node_modules/has-symbols
6739 silly ADD node_modules/es-object-atoms
6740 silly ADD node_modules/define-properties
6741 silly ADD node_modules/call-bound
6742 silly ADD node_modules/call-bind
6743 silly ADD node_modules/micromark-util-html-tag-name
6744 silly ADD node_modules/micromark-factory-whitespace
6745 silly ADD node_modules/micromark-factory-whitespace/node_modules/micromark-util-symbol
6746 silly ADD node_modules/micromark-factory-whitespace/node_modules/micromark-util-character
6747 silly ADD node_modules/micromark-factory-whitespace/node_modules/micromark-factory-space
6748 silly ADD node_modules/micromark-factory-title
6749 silly ADD node_modules/micromark-factory-title/node_modules/micromark-util-symbol
6750 silly ADD node_modules/micromark-factory-title/node_modules/micromark-util-character
6751 silly ADD node_modules/micromark-factory-title/node_modules/micromark-factory-space
6752 silly ADD node_modules/micromark-factory-label
6753 silly ADD node_modules/micromark-factory-label/node_modules/micromark-util-symbol
6754 silly ADD node_modules/micromark-factory-label/node_modules/micromark-util-character
6755 silly ADD node_modules/micromark-factory-destination
6756 silly ADD node_modules/micromark-factory-destination/node_modules/micromark-util-symbol
6757 silly ADD node_modules/micromark-factory-destination/node_modules/micromark-util-character
6758 silly ADD node_modules/@types/ms
6759 silly ADD node_modules/micromark-util-subtokenize
6760 silly ADD node_modules/micromark-util-subtokenize/node_modules/micromark-util-symbol
6761 silly ADD node_modules/micromark-util-sanitize-uri
6762 silly ADD node_modules/micromark-util-sanitize-uri/node_modules/micromark-util-symbol
6763 silly ADD node_modules/micromark-util-sanitize-uri/node_modules/micromark-util-character
6764 silly ADD node_modules/micromark-util-resolve-all
6765 silly ADD node_modules/micromark-util-encode
6766 silly ADD node_modules/micromark-util-combine-extensions
6767 silly ADD node_modules/micromark-util-chunked
6768 silly ADD node_modules/micromark-util-chunked/node_modules/micromark-util-symbol
6769 silly ADD node_modules/micromark-core-commonmark
6770 silly ADD node_modules/micromark-core-commonmark/node_modules/micromark-util-symbol
6771 silly ADD node_modules/micromark-core-commonmark/node_modules/micromark-util-character
6772 silly ADD node_modules/micromark-core-commonmark/node_modules/micromark-factory-space
6773 silly ADD node_modules/@types/debug
6774 silly ADD node_modules/unist-util-is
6775 silly ADD node_modules/zwitch
6776 silly ADD node_modules/micromark-util-classify-character
6777 silly ADD node_modules/micromark-util-classify-character/node_modules/micromark-util-symbol
6778 silly ADD node_modules/micromark-util-classify-character/node_modules/micromark-util-character
6779 silly ADD node_modules/mdast-util-phrasing
6780 silly ADD node_modules/longest-streak
6781 silly ADD node_modules/stringify-entities
6782 silly ADD node_modules/parse-entities
6783 silly ADD node_modules/parse-entities/node_modules/@types/unist
6784 silly ADD node_modules/ccount
6785 silly ADD node_modules/character-entities
6786 silly ADD node_modules/micromark-util-types
6787 silly ADD node_modules/micromark-util-normalize-identifier
6788 silly ADD node_modules/micromark-util-normalize-identifier/node_modules/micromark-util-symbol
6789 silly ADD node_modules/micromark-util-decode-string
6790 silly ADD node_modules/micromark-util-decode-string/node_modules/micromark-util-symbol
6791 silly ADD node_modules/micromark-util-decode-string/node_modules/micromark-util-character
6792 silly ADD node_modules/micromark-util-decode-numeric-character-reference
6793 silly ADD node_modules/micromark-util-decode-numeric-character-reference/node_modules/micromark-util-symbol
6794 silly ADD node_modules/micromark
6795 silly ADD node_modules/micromark/node_modules/micromark-util-symbol
6796 silly ADD node_modules/micromark/node_modules/micromark-util-character
6797 silly ADD node_modules/micromark/node_modules/micromark-factory-space
6798 silly ADD node_modules/decode-named-character-reference
6799 silly ADD node_modules/mdast-util-to-markdown
6800 silly ADD node_modules/mdast-util-from-markdown
6801 silly ADD node_modules/mdast-util-from-markdown/node_modules/micromark-util-symbol
6802 silly ADD node_modules/yallist
6803 silly ADD node_modules/emojis-list
6804 silly ADD node_modules/big.js
6805 silly ADD node_modules/argparse
6806 silly ADD node_modules/@sideway/pinpoint
6807 silly ADD node_modules/@sideway/formula
6808 silly ADD node_modules/@sideway/address
6809 silly ADD node_modules/@hapi/topo
6810 silly ADD node_modules/@hapi/hoek
6811 silly ADD node_modules/@types/yargs-parser
6812 silly ADD node_modules/@types/istanbul-lib-report
6813 silly ADD node_modules/@sinclair/typebox
6814 silly ADD node_modules/@types/yargs
6815 silly ADD node_modules/@types/istanbul-reports
6816 silly ADD node_modules/@types/istanbul-lib-coverage
6817 silly ADD node_modules/@jest/schemas
6818 silly ADD node_modules/ci-info
6819 silly ADD node_modules/@jest/types
6820 silly ADD node_modules/jest-util
6821 silly ADD node_modules/is-extglob
6822 silly ADD node_modules/binary-extensions
6823 silly ADD node_modules/resolve-from
6824 silly ADD node_modules/parent-module
6825 silly ADD node_modules/tapable
6826 silly ADD node_modules/pretty-error
6827 silly ADD node_modules/@types/html-minifier-terser
6828 silly ADD node_modules/pascal-case
6829 silly ADD node_modules/terser
6830 silly ADD node_modules/terser/node_modules/commander
6831 silly ADD node_modules/relateurl
6832 silly ADD node_modules/param-case
6833 silly ADD node_modules/camel-case
6834 silly ADD node_modules/vfile-message
6835 silly ADD node_modules/unist-util-position
6836 silly ADD node_modules/style-to-js
6837 silly ADD node_modules/space-separated-tokens
6838 silly ADD node_modules/property-information
6839 silly ADD node_modules/mdast-util-mdxjs-esm
6840 silly ADD node_modules/mdast-util-mdx-jsx
6841 silly ADD node_modules/mdast-util-mdx-expression
6842 silly ADD node_modules/hast-util-whitespace
6843 silly ADD node_modules/comma-separated-tokens
6844 silly ADD node_modules/strip-bom-string
6845 silly ADD node_modules/section-matter
6846 silly ADD node_modules/kind-of
6847 silly ADD node_modules/slash
6848 silly ADD node_modules/ignore
6849 silly ADD node_modules/dir-glob
6850 silly ADD node_modules/array-union
6851 silly ADD node_modules/universalify
6852 silly ADD node_modules/jsonfile
6853 silly ADD node_modules/graceful-fs
6854 silly ADD node_modules/pkg-dir
6855 silly ADD node_modules/common-path-prefix
6856 silly ADD node_modules/to-regex-range
6857 silly ADD node_modules/loader-utils
6858 silly ADD node_modules/xml-js
6859 silly ADD node_modules/reusify
6860 silly ADD node_modules/run-parallel
6861 silly ADD node_modules/fastq
6862 silly ADD node_modules/@nodelib/fs.scandir
6863 silly ADD node_modules/merge2
6864 silly ADD node_modules/@nodelib/fs.walk
6865 silly ADD node_modules/@nodelib/fs.stat
6866 silly ADD node_modules/which
6867 silly ADD node_modules/shebang-command
6868 silly ADD node_modules/path-key
6869 silly ADD node_modules/strip-final-newline
6870 silly ADD node_modules/signal-exit
6871 silly ADD node_modules/onetime
6872 silly ADD node_modules/npm-run-path
6873 silly ADD node_modules/merge-stream
6874 silly ADD node_modules/is-stream
6875 silly ADD node_modules/human-signals
6876 silly ADD node_modules/get-stream
6877 silly ADD node_modules/cross-spawn
6878 silly ADD node_modules/undici-types
6879 silly ADD node_modules/require-like
6880 silly ADD node_modules/@types/node
6881 silly ADD node_modules/dequal
6882 silly ADD node_modules/address
6883 silly ADD node_modules/ms
6884 silly ADD node_modules/postcss-unique-selectors
6885 silly ADD node_modules/postcss-svgo
6886 silly ADD node_modules/postcss-reduce-transforms
6887 silly ADD node_modules/postcss-reduce-initial
6888 silly ADD node_modules/postcss-ordered-values
6889 silly ADD node_modules/postcss-normalize-whitespace
6890 silly ADD node_modules/postcss-normalize-url
6891 silly ADD node_modules/postcss-normalize-unicode
6892 silly ADD node_modules/postcss-normalize-timing-functions
6893 silly ADD node_modules/postcss-normalize-string
6894 silly ADD node_modules/postcss-normalize-repeat-style
6895 silly ADD node_modules/postcss-normalize-positions
6896 silly ADD node_modules/postcss-normalize-display-values
6897 silly ADD node_modules/postcss-normalize-charset
6898 silly ADD node_modules/postcss-minify-selectors
6899 silly ADD node_modules/postcss-minify-params
6900 silly ADD node_modules/postcss-minify-gradients
6901 silly ADD node_modules/postcss-minify-font-values
6902 silly ADD node_modules/postcss-merge-rules
6903 silly ADD node_modules/postcss-merge-longhand
6904 silly ADD node_modules/postcss-discard-overridden
6905 silly ADD node_modules/postcss-discard-empty
6906 silly ADD node_modules/postcss-discard-duplicates
6907 silly ADD node_modules/postcss-discard-comments
6908 silly ADD node_modules/postcss-convert-values
6909 silly ADD node_modules/postcss-colormin
6910 silly ADD node_modules/postcss-calc
6911 silly ADD node_modules/cssnano-utils
6912 silly ADD node_modules/css-declaration-sorter
6913 silly ADD node_modules/fraction.js
6914 silly ADD node_modules/postcss-zindex
6915 silly ADD node_modules/postcss-reduce-idents
6916 silly ADD node_modules/postcss-merge-idents
6917 silly ADD node_modules/postcss-discard-unused
6918 silly ADD node_modules/autoprefixer
6919 silly ADD node_modules/lilconfig
6920 silly ADD node_modules/cssnano-preset-default
6921 silly ADD node_modules/nth-check
6922 silly ADD node_modules/jest-worker
6923 silly ADD node_modules/jest-worker/node_modules/supports-color
6924 silly ADD node_modules/postcss-value-parser
6925 silly ADD node_modules/postcss-modules-values
6926 silly ADD node_modules/postcss-modules-scope
6927 silly ADD node_modules/postcss-modules-scope/node_modules/postcss-selector-parser
6928 silly ADD node_modules/postcss-modules-local-by-default
6929 silly ADD node_modules/postcss-modules-local-by-default/node_modules/postcss-selector-parser
6930 silly ADD node_modules/postcss-modules-extract-imports
6931 silly ADD node_modules/icss-utils
6932 silly ADD node_modules/path-type
6933 silly ADD node_modules/parse-json
6934 silly ADD node_modules/import-fresh
6935 silly ADD node_modules/serialize-javascript
6936 silly ADD node_modules/fast-glob
6937 silly ADD node_modules/color-name
6938 silly ADD node_modules/@colors/colors
6939 silly ADD node_modules/fill-range
6940 silly ADD node_modules/picomatch
6941 silly ADD node_modules/readdirp
6942 silly ADD node_modules/normalize-path
6943 silly ADD node_modules/is-glob
6944 silly ADD node_modules/is-binary-path
6945 silly ADD node_modules/glob-parent
6946 silly ADD
6947 silly ADD node_modules/braces
6948 silly ADD node_modules/anymatch
6949 silly ADD node_modules/domelementtype
6950 silly ADD node_modules/css-what
6951 silly ADD node_modules/css-select
6952 silly ADD node_modules/boolbase
6953 silly ADD node_modules/parse5-htmlparser2-tree-adapter
6954 silly ADD node_modules/parse5
6955 silly ADD node_modules/parse5/node_modules/entities
6956 silly ADD node_modules/htmlparser2
6957 silly ADD node_modules/domutils
6958 silly ADD node_modules/domhandler
6959 silly ADD node_modules/dom-serializer
6960 silly ADD node_modules/cheerio-select
6961 silly ADD node_modules/color-convert
6962 silly ADD node_modules/supports-color
6963 silly ADD node_modules/ansi-styles
6964 silly ADD node_modules/update-browserslist-db
6965 silly ADD node_modules/node-releases
6966 silly ADD node_modules/electron-to-chromium
6967 silly ADD node_modules/caniuse-lite
6968 silly ADD node_modules/baseline-browser-mapping
6969 silly ADD node_modules/wrap-ansi
6970 silly ADD node_modules/wrap-ansi/node_modules/ansi-regex
6971 silly ADD node_modules/wrap-ansi/node_modules/strip-ansi
6972 silly ADD node_modules/wrap-ansi/node_modules/ansi-styles
6973 silly ADD node_modules/widest-line
6974 silly ADD node_modules/type-fest
6975 silly ADD node_modules/string-width
6976 silly ADD node_modules/string-width/node_modules/ansi-regex
6977 silly ADD node_modules/string-width/node_modules/strip-ansi
6978 silly ADD node_modules/cli-boxes
6979 silly ADD node_modules/ansi-align
6980 silly ADD node_modules/ansi-align/node_modules/emoji-regex
6981 silly ADD node_modules/ansi-align/node_modules/string-width
6982 silly ADD node_modules/resolve
6983 silly ADD node_modules/lodash.debounce
6984 silly ADD node_modules/@babel/helper-define-polyfill-provider
6985 silly ADD node_modules/object.assign
6986 silly ADD node_modules/schema-utils
6987 silly ADD node_modules/find-cache-dir
6988 silly ADD node_modules/@algolia/events
6989 silly ADD node_modules/@algolia/requester-node-http
6990 silly ADD node_modules/@algolia/requester-fetch
6991 silly ADD node_modules/@algolia/requester-browser-xhr
6992 silly ADD node_modules/@algolia/recommend
6993 silly ADD node_modules/@algolia/monitoring
6994 silly ADD node_modules/@algolia/ingestion
6995 silly ADD node_modules/@algolia/client-search
6996 silly ADD node_modules/@algolia/client-query-suggestions
6997 silly ADD node_modules/@algolia/client-personalization
6998 silly ADD node_modules/@algolia/client-insights
6999 silly ADD node_modules/@algolia/client-common
7000 silly ADD node_modules/@algolia/client-analytics
7001 silly ADD node_modules/@algolia/client-abtesting
7002 silly ADD node_modules/@algolia/abtesting
7003 silly ADD node_modules/@types/react-router
7004 silly ADD node_modules/csstype
7005 silly ADD node_modules/@types/unist
7006 silly ADD node_modules/svgo
7007 silly ADD node_modules/svgo/node_modules/commander
7008 silly ADD node_modules/deepmerge
7009 silly ADD node_modules/entities
7010 silly ADD node_modules/svg-parser
7011 silly ADD node_modules/@svgr/hast-util-to-babel-ast
7012 silly ADD node_modules/@svgr/plugin-svgo
7013 silly ADD node_modules/@svgr/plugin-jsx
7014 silly ADD node_modules/@babel/plugin-transform-react-constant-elements
7015 silly ADD node_modules/@svgr/babel-plugin-transform-svg-component
7016 silly ADD node_modules/@svgr/babel-plugin-transform-react-native-svg
7017 silly ADD node_modules/@svgr/babel-plugin-svg-em-dimensions
7018 silly ADD node_modules/@svgr/babel-plugin-svg-dynamic-title
7019 silly ADD node_modules/@svgr/babel-plugin-replace-jsx-attribute-value
7020 silly ADD node_modules/@svgr/babel-plugin-remove-jsx-empty-expression
7021 silly ADD node_modules/@svgr/babel-plugin-remove-jsx-attribute
7022 silly ADD node_modules/@svgr/babel-plugin-add-jsx-attribute
7023 silly ADD node_modules/snake-case
7024 silly ADD node_modules/cosmiconfig
7025 silly ADD node_modules/camelcase
7026 silly ADD node_modules/@svgr/babel-preset
7027 silly ADD node_modules/micromark-util-symbol
7028 silly ADD node_modules/micromark-util-character
7029 silly ADD node_modules/micromark-util-character/node_modules/micromark-util-types
7030 silly ADD node_modules/micromark-factory-space
7031 silly ADD node_modules/micromark-factory-space/node_modules/micromark-util-types
7032 silly ADD node_modules/unist-util-stringify-position
7033 silly ADD node_modules/unist-util-position-from-estree
7034 silly ADD node_modules/source-map
7035 silly ADD node_modules/remark-rehype
7036 silly ADD node_modules/remark-parse
7037 silly ADD node_modules/remark-mdx
7038 silly ADD node_modules/rehype-recma
7039 silly ADD node_modules/recma-stringify
7040 silly ADD node_modules/recma-jsx
7041 silly ADD node_modules/recma-build-jsx
7042 silly ADD node_modules/markdown-extensions
7043 silly ADD node_modules/hast-util-to-jsx-runtime
7044 silly ADD node_modules/estree-walker
7045 silly ADD node_modules/estree-util-scope
7046 silly ADD node_modules/estree-util-is-identifier-name
7047 silly ADD node_modules/devlop
7048 silly ADD node_modules/collapse-white-space
7049 silly ADD node_modules/acorn
7050 silly ADD node_modules/@types/mdx
7051 silly ADD node_modules/@types/hast
7052 silly ADD node_modules/@types/estree-jsx
7053 silly ADD node_modules/@types/estree
7054 silly ADD node_modules/@jridgewell/resolve-uri
7055 silly ADD node_modules/@jridgewell/sourcemap-codec
7056 silly ADD node_modules/resolve-pathname
7057 silly ADD node_modules/p-queue
7058 silly ADD node_modules/micromatch
7059 silly ADD node_modules/jiti
7060 silly ADD node_modules/gray-matter
7061 silly ADD node_modules/gray-matter/node_modules/argparse
7062 silly ADD node_modules/gray-matter/node_modules/js-yaml
7063 silly ADD node_modules/globby
7064 silly ADD node_modules/github-slugger
7065 silly ADD node_modules/escape-string-regexp
7066 silly ADD node_modules/joi
7067 silly ADD node_modules/@types/mdast
7068 silly ADD node_modules/@algolia/autocomplete-shared
7069 silly ADD node_modules/@algolia/autocomplete-plugin-algolia-insights
7070 silly ADD node_modules/@docsearch/css
7071 silly ADD node_modules/@docsearch/core
7072 silly ADD node_modules/@algolia/autocomplete-core
7073 silly ADD node_modules/algoliasearch-helper
7074 silly ADD node_modules/algoliasearch
7075 silly ADD node_modules/@docsearch/react
7076 silly ADD node_modules/parse-numeric-range
7077 silly ADD node_modules/rtlcss
7078 silly ADD node_modules/prismjs
7079 silly ADD node_modules/nprogress
7080 silly ADD node_modules/infima
7081 silly ADD node_modules/@docusaurus/theme-translations
7082 silly ADD node_modules/@svgr/webpack
7083 silly ADD node_modules/@svgr/core
7084 silly ADD node_modules/sitemap
7085 silly ADD node_modules/sitemap/node_modules/@types/node
7086 silly ADD node_modules/@types/gtag.js
7087 silly ADD node_modules/react-json-view-lite
7088 silly ADD node_modules/js-yaml
7089 silly ADD node_modules/utility-types
7090 silly ADD node_modules/srcset
7091 silly ADD node_modules/schema-dts
7092 silly ADD node_modules/feed
7093 silly ADD node_modules/cheerio
7094 silly ADD node_modules/@docusaurus/theme-search-algolia
7095 silly ADD node_modules/@docusaurus/theme-common
7096 silly ADD node_modules/@docusaurus/theme-classic
7097 silly ADD node_modules/@docusaurus/plugin-svgr
7098 silly ADD node_modules/@docusaurus/plugin-sitemap
7099 silly ADD node_modules/@docusaurus/plugin-google-tag-manager
7100 silly ADD node_modules/@docusaurus/plugin-google-gtag
7101 silly ADD node_modules/@docusaurus/plugin-google-analytics
7102 silly ADD node_modules/@docusaurus/plugin-debug
7103 silly ADD node_modules/@docusaurus/plugin-css-cascade-layers
7104 silly ADD node_modules/@docusaurus/plugin-content-pages
7105 silly ADD node_modules/@docusaurus/plugin-content-docs
7106 silly ADD node_modules/@docusaurus/plugin-content-blog
7107 silly ADD node_modules/@types/react-router-dom
7108 silly ADD node_modules/@types/react-router-config
7109 silly ADD node_modules/@types/react
7110 silly ADD node_modules/@types/history
7111 silly ADD node_modules/vfile
7112 silly ADD node_modules/unist-util-visit
7113 silly ADD node_modules/unified
7114 silly ADD node_modules/stringify-object
7115 silly ADD node_modules/remark-gfm
7116 silly ADD node_modules/remark-frontmatter
7117 silly ADD node_modules/remark-emoji
7118 silly ADD node_modules/remark-directive
7119 silly ADD node_modules/rehype-raw
7120 silly ADD node_modules/mdast-util-to-string
7121 silly ADD node_modules/mdast-util-mdx
7122 silly ADD node_modules/image-size
7123 silly ADD node_modules/estree-util-value-to-estree
7124 silly ADD node_modules/@slorber/remark-comment
7125 silly ADD node_modules/@mdx-js/mdx
7126 silly ADD node_modules/postcss-sort-media-queries
7127 silly ADD node_modules/cssnano-preset-advanced
7128 silly ADD node_modules/webpackbar
7129 silly ADD node_modules/webpackbar/node_modules/emoji-regex
7130 silly ADD node_modules/webpackbar/node_modules/string-width
7131 silly ADD node_modules/webpackbar/node_modules/wrap-ansi
7132 silly ADD node_modules/webpackbar/node_modules/markdown-table
7133 silly ADD node_modules/url-loader
7134 silly ADD node_modules/url-loader/node_modules/json-schema-traverse
7135 silly ADD node_modules/url-loader/node_modules/ajv-keywords
7136 silly ADD node_modules/url-loader/node_modules/ajv
7137 silly ADD node_modules/url-loader/node_modules/mime-db
7138 silly ADD node_modules/url-loader/node_modules/schema-utils
7139 silly ADD node_modules/url-loader/node_modules/mime-types
7140 silly ADD node_modules/terser-webpack-plugin
7141 silly ADD node_modules/terser-webpack-plugin/node_modules/supports-color
7142 silly ADD node_modules/terser-webpack-plugin/node_modules/jest-worker
7143 silly ADD node_modules/postcss-preset-env
7144 silly ADD node_modules/postcss-loader
7145 silly ADD node_modules/postcss
7146 silly ADD node_modules/null-loader
7147 silly ADD node_modules/null-loader/node_modules/json-schema-traverse
7148 silly ADD node_modules/null-loader/node_modules/ajv-keywords
7149 silly ADD node_modules/null-loader/node_modules/ajv
7150 silly ADD node_modules/null-loader/node_modules/schema-utils
7151 silly ADD node_modules/mini-css-extract-plugin
7152 silly ADD node_modules/html-minifier-terser
7153 silly ADD node_modules/html-minifier-terser/node_modules/commander
7154 silly ADD node_modules/file-loader
7155 silly ADD node_modules/file-loader/node_modules/json-schema-traverse
7156 silly ADD node_modules/file-loader/node_modules/ajv-keywords
7157 silly ADD node_modules/file-loader/node_modules/ajv
7158 silly ADD node_modules/file-loader/node_modules/schema-utils
7159 silly ADD node_modules/cssnano
7160 silly ADD node_modules/css-minimizer-webpack-plugin
7161 silly ADD node_modules/css-loader
7162 silly ADD node_modules/copy-webpack-plugin
7163 silly ADD node_modules/copy-webpack-plugin/node_modules/slash
7164 silly ADD node_modules/copy-webpack-plugin/node_modules/globby
7165 silly ADD node_modules/copy-webpack-plugin/node_modules/glob-parent
7166 silly ADD node_modules/clean-css
7167 silly ADD node_modules/clean-css/node_modules/source-map
7168 silly ADD node_modules/babel-loader
7169 silly ADD node_modules/@docusaurus/cssnano-preset
7170 silly ADD node_modules/@babel/helper-string-parser
7171 silly ADD node_modules/core-js-pure
7172 silly ADD node_modules/@babel/plugin-syntax-typescript
7173 silly ADD node_modules/@babel/plugin-transform-typescript
7174 silly ADD node_modules/@babel/plugin-syntax-jsx
7175 silly ADD node_modules/@babel/plugin-transform-react-pure-annotations
7176 silly ADD node_modules/@babel/plugin-transform-react-jsx-development
7177 silly ADD node_modules/@babel/plugin-transform-react-jsx
7178 silly ADD node_modules/@babel/plugin-transform-react-display-name
7179 silly ADD node_modules/esutils
7180 silly ADD node_modules/@babel/helper-globals
7181 silly ADD node_modules/@babel/helper-replace-supers
7182 silly ADD node_modules/@babel/helper-optimise-call-expression
7183 silly ADD node_modules/@babel/helper-member-expression-to-functions
7184 silly ADD node_modules/@babel/helper-create-class-features-plugin
7185 silly ADD node_modules/@babel/helper-create-class-features-plugin/node_modules/semver
7186 silly ADD node_modules/@babel/helper-wrap-function
7187 silly ADD node_modules/@babel/helper-remap-async-to-generator
7188 silly ADD node_modules/regexpu-core
7189 silly ADD node_modules/@babel/helper-annotate-as-pure
7190 silly ADD node_modules/@babel/helper-create-regexp-features-plugin
7191 silly ADD node_modules/@babel/helper-create-regexp-features-plugin/node_modules/semver
7192 silly ADD node_modules/@babel/helper-skip-transparent-expression-wrappers
7193 silly ADD node_modules/core-js-compat
7194 silly ADD node_modules/@babel/preset-modules
7195 silly ADD node_modules/@babel/plugin-transform-unicode-sets-regex
7196 silly ADD node_modules/@babel/plugin-transform-unicode-regex
7197 silly ADD node_modules/@babel/plugin-transform-unicode-property-regex
7198 silly ADD node_modules/@babel/plugin-transform-unicode-escapes
7199 silly ADD node_modules/@babel/plugin-transform-typeof-symbol
7200 silly ADD node_modules/@babel/plugin-transform-template-literals
7201 silly ADD node_modules/@babel/plugin-transform-sticky-regex
7202 silly ADD node_modules/@babel/plugin-transform-spread
7203 silly ADD node_modules/@babel/plugin-transform-shorthand-properties
7204 silly ADD node_modules/@babel/plugin-transform-reserved-words
7205 silly ADD node_modules/@babel/plugin-transform-regexp-modifiers
7206 silly ADD node_modules/@babel/plugin-transform-regenerator
7207 silly ADD node_modules/@babel/plugin-transform-property-literals
7208 silly ADD node_modules/@babel/plugin-transform-private-property-in-object
7209 silly ADD node_modules/@babel/plugin-transform-private-methods
7210 silly ADD node_modules/@babel/plugin-transform-parameters
7211 silly ADD node_modules/@babel/plugin-transform-optional-chaining
7212 silly ADD node_modules/@babel/plugin-transform-optional-catch-binding
7213 silly ADD node_modules/@babel/plugin-transform-object-super
7214 silly ADD node_modules/@babel/plugin-transform-object-rest-spread
7215 silly ADD node_modules/@babel/plugin-transform-numeric-separator
7216 silly ADD node_modules/@babel/plugin-transform-nullish-coalescing-operator
7217 silly ADD node_modules/@babel/plugin-transform-new-target
7218 silly ADD node_modules/@babel/plugin-transform-named-capturing-groups-regex
7219 silly ADD node_modules/@babel/plugin-transform-modules-umd
7220 silly ADD node_modules/@babel/plugin-transform-modules-systemjs
7221 silly ADD node_modules/@babel/plugin-transform-modules-commonjs
7222 silly ADD node_modules/@babel/plugin-transform-modules-amd
7223 silly ADD node_modules/@babel/plugin-transform-member-expression-literals
7224 silly ADD node_modules/@babel/plugin-transform-logical-assignment-operators
7225 silly ADD node_modules/@babel/plugin-transform-literals
7226 silly ADD node_modules/@babel/plugin-transform-json-strings
7227 silly ADD node_modules/@babel/plugin-transform-function-name
7228 silly ADD node_modules/@babel/plugin-transform-for-of
7229 silly ADD node_modules/@babel/plugin-transform-export-namespace-from
7230 silly ADD node_modules/@babel/plugin-transform-exponentiation-operator
7231 silly ADD node_modules/@babel/plugin-transform-explicit-resource-management
7232 silly ADD node_modules/@babel/plugin-transform-dynamic-import
7233 silly ADD node_modules/@babel/plugin-transform-duplicate-named-capturing-groups-regex
7234 silly ADD node_modules/@babel/plugin-transform-duplicate-keys
7235 silly ADD node_modules/@babel/plugin-transform-dotall-regex
7236 silly ADD node_modules/@babel/plugin-transform-destructuring
7237 silly ADD node_modules/@babel/plugin-transform-computed-properties
7238 silly ADD node_modules/@babel/plugin-transform-classes
7239 silly ADD node_modules/@babel/plugin-transform-class-static-block
7240 silly ADD node_modules/@babel/plugin-transform-class-properties
7241 silly ADD node_modules/@babel/plugin-transform-block-scoping
7242 silly ADD node_modules/@babel/plugin-transform-block-scoped-functions
7243 silly ADD node_modules/@babel/plugin-transform-async-to-generator
7244 silly ADD node_modules/@babel/plugin-transform-async-generator-functions
7245 silly ADD node_modules/@babel/plugin-transform-arrow-functions
7246 silly ADD node_modules/@babel/plugin-syntax-unicode-sets-regex
7247 silly ADD node_modules/@babel/plugin-syntax-import-attributes
7248 silly ADD node_modules/@babel/plugin-syntax-import-assertions
7249 silly ADD node_modules/@babel/plugin-proposal-private-property-in-object
7250 silly ADD node_modules/@babel/plugin-bugfix-v8-static-class-fields-redefine-readonly
7251 silly ADD node_modules/@babel/plugin-bugfix-v8-spread-parameters-in-optional-chaining
7252 silly ADD node_modules/@babel/plugin-bugfix-safari-id-destructuring-collision-in-function-expression
7253 silly ADD node_modules/@babel/plugin-bugfix-safari-class-field-initializer-scope
7254 silly ADD node_modules/@babel/plugin-bugfix-firefox-class-in-computed-class-key
7255 silly ADD node_modules/babel-plugin-polyfill-regenerator
7256 silly ADD node_modules/babel-plugin-polyfill-corejs3
7257 silly ADD node_modules/babel-plugin-polyfill-corejs2
7258 silly ADD node_modules/babel-plugin-polyfill-corejs2/node_modules/semver
7259 silly ADD node_modules/@babel/helper-plugin-utils
7260 silly ADD node_modules/@babel/helper-module-imports
7261 silly ADD node_modules/lru-cache
7262 silly ADD node_modules/browserslist
7263 silly ADD node_modules/@babel/helper-validator-option
7264 silly ADD node_modules/@babel/compat-data
7265 silly ADD node_modules/jsesc
7266 silly ADD node_modules/@jridgewell/trace-mapping
7267 silly ADD node_modules/@jridgewell/gen-mapping
7268 silly ADD node_modules/picocolors
7269 silly ADD node_modules/js-tokens
7270 silly ADD node_modules/@babel/helper-validator-identifier
7271 silly ADD node_modules/json5
7272 silly ADD node_modules/gensync
7273 silly ADD node_modules/debug
7274 silly ADD node_modules/convert-source-map
7275 silly ADD node_modules/@jridgewell/remapping
7276 silly ADD node_modules/@babel/types
7277 silly ADD node_modules/@babel/template
7278 silly ADD node_modules/@babel/parser
7279 silly ADD node_modules/@babel/helpers
7280 silly ADD node_modules/@babel/helper-module-transforms
7281 silly ADD node_modules/@babel/helper-compilation-targets
7282 silly ADD node_modules/@babel/helper-compilation-targets/node_modules/semver
7283 silly ADD node_modules/@babel/code-frame
7284 silly ADD node_modules/babel-plugin-dynamic-import-node
7285 silly ADD node_modules/@babel/traverse
7286 silly ADD node_modules/@babel/runtime-corejs3
7287 silly ADD node_modules/@babel/runtime
7288 silly ADD node_modules/@babel/preset-typescript
7289 silly ADD node_modules/@babel/preset-react
7290 silly ADD node_modules/@babel/preset-env
7291 silly ADD node_modules/@babel/preset-env/node_modules/semver
7292 silly ADD node_modules/@babel/preset-env/node_modules/babel-plugin-polyfill-corejs3
7293 silly ADD node_modules/@babel/plugin-transform-runtime
7294 silly ADD node_modules/@babel/plugin-transform-runtime/node_modules/semver
7295 silly ADD node_modules/@babel/plugin-syntax-dynamic-import
7296 silly ADD node_modules/@babel/generator
7297 silly ADD node_modules/@babel/core
7298 silly ADD node_modules/@babel/core/node_modules/semver
7299 silly ADD node_modules/webpack-merge
7300 silly ADD node_modules/webpack-dev-server
7301 silly ADD node_modules/webpack-dev-server/node_modules/define-lazy-prop
7302 silly ADD node_modules/webpack-dev-server/node_modules/ws
7303 silly ADD node_modules/webpack-dev-server/node_modules/open
7304 silly ADD node_modules/webpack-bundle-analyzer
7305 silly ADD node_modules/webpack-bundle-analyzer/node_modules/commander
7306 silly ADD node_modules/webpack
7307 silly ADD node_modules/webpack/node_modules/mime-db
7308 silly ADD node_modules/webpack/node_modules/mime-types
7309 silly ADD node_modules/update-notifier
7310 silly ADD node_modules/update-notifier/node_modules/camelcase
7311 silly ADD node_modules/update-notifier/node_modules/chalk
7312 silly ADD node_modules/update-notifier/node_modules/boxen
7313 silly ADD node_modules/tslib
7314 silly ADD node_modules/tinypool
7315 silly ADD node_modules/serve-handler
7316 silly ADD node_modules/serve-handler/node_modules/path-to-regexp
7317 silly ADD node_modules/semver
7318 silly ADD node_modules/react-router-dom
7319 silly ADD node_modules/react-router-config
7320 silly ADD node_modules/react-router
7321 silly ADD node_modules/react-loadable-ssr-addon-v5-slorber
7322 silly ADD node_modules/react-loadable
7323 silly ADD node_modules/react-helmet-async
7324 silly ADD node_modules/prompts
7325 silly ADD node_modules/p-map
7326 silly ADD node_modules/open
7327 silly ADD node_modules/lodash
7328 silly ADD node_modules/leven
7329 silly ADD node_modules/html-webpack-plugin
7330 silly ADD node_modules/html-webpack-plugin/node_modules/commander
7331 silly ADD node_modules/html-webpack-plugin/node_modules/html-minifier-terser
7332 silly ADD node_modules/html-tags
7333 silly ADD node_modules/fs-extra
7334 silly ADD node_modules/execa
7335 silly ADD node_modules/eval
7336 silly ADD node_modules/eta
7337 silly ADD node_modules/escape-html
7338 silly ADD node_modules/detect-port
7339 silly ADD node_modules/core-js
7340 silly ADD node_modules/commander
7341 silly ADD node_modules/combine-promises
7342 silly ADD node_modules/cli-table3
7343 silly ADD node_modules/cli-table3/node_modules/emoji-regex
7344 silly ADD node_modules/cli-table3/node_modules/string-width
7345 silly ADD node_modules/chokidar
7346 silly ADD node_modules/chalk
7347 silly ADD node_modules/boxen
7348 silly ADD node_modules/@docusaurus/utils-validation
7349 silly ADD node_modules/@docusaurus/utils-common
7350 silly ADD node_modules/@docusaurus/utils
7351 silly ADD node_modules/@docusaurus/mdx-loader
7352 silly ADD node_modules/@docusaurus/logger
7353 silly ADD node_modules/@docusaurus/bundler
7354 silly ADD node_modules/@docusaurus/babel
7355 silly ADD node_modules/react-dom
7356 silly ADD node_modules/react
7357 silly ADD node_modules/prism-react-renderer
7358 silly ADD node_modules/clsx
7359 silly ADD node_modules/@mdx-js/react
7360 silly ADD node_modules/@docusaurus/types
7361 silly ADD node_modules/@docusaurus/types/node_modules/webpack-merge
7362 silly ADD node_modules/@docusaurus/preset-classic
7363 silly ADD node_modules/@docusaurus/module-type-aliases
7364 silly ADD node_modules/@docusaurus/core
7365 verbose cwd /workspace
7366 verbose os Linux 6.8.0-90-generic
7367 verbose node v20.20.1
7368 verbose npm  v10.8.2
7369 verbose exit 0
7370 info ok
